session_key,driver_number,driver_name,team_name,fastest_lap,average_lap,lap_std,total_laps,average_speed,max_speed,average_rpm,average_gear,average_throttle,average_brake,drs_usage,track_temp,air_temp,humidity,wind_speed
9462,1,Max VERSTAPPEN,Red Bull Racing,91.344,203.4201338028169,368.4272113582471,142,82.95031729456181,325.0,4443.202000160655,2.151851554341714,68.69767049562213,53.615037352397785,0.9761908587035103,36.65627240143369,23.60645161290323,39.200716845878134,2.7136200716845877
9462,2,Logan SARGEANT,Williams,93.882,225.03535000000002,271.68511812156277,20,12.204755402040325,316.0,792.7680134950598,0.34303960157442365,33.16636677644791,31.363675797252792,0.3845288778215118,36.65627240143369,23.60645161290323,39.200716845878134,2.7136200716845877
9462,3,Daniel RICCIARDO,RB,92.599,231.48450980392155,376.731826703073,51,30.13237207807856,313.0,1713.4463491043457,0.7377299381476424,27.747176480038558,21.168479395935417,0.36594103944091894,36.65627240143369,23.60645161290323,39.200716845878134,2.7136200716845877
9462,4,Lando NORRIS,McLaren,92.484,158.4086388888889,176.77662880928338,72,42.34809221624227,311.0,2498.648437625512,1.0497228693067717,37.42942405012451,28.750710900473933,0.4936380432163226,36.65627240143369,23.60645161290323,39.200716845878134,2.7136200716845877
9462,10,Pierre GASLY,Alpine,92.805,211.96873333333332,283.1005447020467,60,35.376560366294484,313.0,2059.6423568158084,0.8777572495782794,32.14173025945859,24.574439714033257,0.43048437625512087,36.65627240143369,23.60645161290323,39.200716845878134,2.7136200716845877
9462,11,Sergio PEREZ,Red Bull Racing,,,,0,0.0,0.0,0.0,0.0,0.0,0.0,0.0,36.65627240143369,23.60645161290323,39.200716845878134,2.7136200716845877
9462,14,Fernando ALONSO,Aston Martin,93.385,184.80886842105264,232.12296499571886,76,44.7909470640212,316.0,3315.2194152140733,1.2051891718210297,88.91371997750824,80.29477066431039,0.995501646718612,36.65627240143369,23.60645161290323,39.200716845878134,2.7136200716845877
9462,16,Charles LECLERC,Ferrari,93.247,227.58487301587297,404.70091692694206,63,37.22489356574825,317.0,2903.3904249337297,0.9504377861675637,90.66187645594023,83.63955337778135,0.9742710257852036,36.65627240143369,23.60645161290323,39.200716845878134,2.7136200716845877
9462,18,Lance STROLL,Aston Martin,93.007,205.98254716981126,362.1688420238401,53,31.564366615792434,313.0,1766.0687043135995,0.8416900955900072,42.467411037031084,36.29322837175677,0.5127801429833722,36.65627240143369,23.60645161290323,39.200716845878134,2.7136200716845877
9462,20,Kevin MAGNUSSEN,Haas F1 Team,95.692,166.24250769230767,224.00190006179878,65,38.413736043055664,304.0,3850.7585428548477,1.0086432645192385,92.0525182745602,83.66394087878544,0.9909229657000562,36.65627240143369,23.60645161290323,39.200716845878134,2.7136200716845877
9462,22,Yuki TSUNODA,RB,94.136,227.32726984126984,441.0715828120465,63,37.33923206683268,316.0,3399.2557795806892,0.9488794280665114,90.10834605189171,81.99277050365491,0.9895172302996225,36.65627240143369,23.60645161290323,39.200716845878134,2.7136200716845877
9462,23,Alexander ALBON,Williams,94.587,364.07835897435893,563.892200105135,39,22.646533858141215,318.0,2008.5409751787292,0.6100088360510885,91.61211342276488,88.55336171580046,0.993453289420837,36.65627240143369,23.60645161290323,39.200716845878134,2.7136200716845877
9462,24,ZHOU Guanyu,Kick Sauber,93.871,183.8158064516129,247.4416682367159,62,0.0,0.0,0.0,0.0,0.0,0.0,0.0,36.65627240143369,23.60645161290323,39.200716845878134,2.7136200716845877
9462,27,Nico HULKENBERG,Haas F1 Team,95.906,146.28081481481482,222.7619788658955,81,47.78674592336734,325.0,2592.4512249979916,1.2681179211181621,33.60626556349908,23.361747931560767,0.44363402682946423,36.65627240143369,23.60645161290323,39.200716845878134,2.7136200716845877
9462,31,Esteban OCON,Alpine,94.677,240.81391525423723,366.6405405151809,59,34.965571531849946,313.0,2096.1036388464936,0.8849465820547835,88.19978311510965,81.55090368704313,0.9853080568720379,36.65627240143369,23.60645161290323,39.200716845878134,2.7136200716845877
9462,44,Lewis HAMILTON,Mercedes,,,,0,0.0,0.0,0.0,0.0,0.0,0.0,0.0,36.65627240143369,23.60645161290323,39.200716845878134,2.7136200716845877
9462,55,Carlos SAINZ,Ferrari,92.584,205.26963235294116,324.86436064668516,68,40.08350068278577,315.0,2302.169459394329,1.0538838460920557,32.60393605912122,24.619101935898467,0.4528636838300265,36.65627240143369,23.60645161290323,39.200716845878134,2.7136200716845877
9462,63,George RUSSELL,Mercedes,94.109,210.77399173553718,350.84670237938326,121,71.09718049642541,317.0,3946.863322355209,1.9052614667844807,79.74162583340028,64.81339866655956,0.9969957426299301,36.65627240143369,23.60645161290323,39.200716845878134,2.7136200716845877
9462,77,Valtteri BOTTAS,Kick Sauber,94.431,216.81870149253731,334.01336695090674,67,0.0,0.0,0.0,0.0,0.0,0.0,0.0,36.65627240143369,23.60645161290323,39.200716845878134,2.7136200716845877
9462,81,Oscar PIASTRI,McLaren,93.658,251.27466071428574,321.94368665627115,56,33.14392320668327,315.0,2009.3664712025063,0.8318178166921038,88.29211181621014,82.31131817816691,0.9791388866575629,36.65627240143369,23.60645161290323,39.200716845878134,2.7136200716845877
9463,1,Max VERSTAPPEN,Red Bull Racing,,,,0,0.0,0.0,0.0,0.0,104.0,104.0,1.0,32.73714285714286,22.20642857142857,45.00535714285714,2.7305357142857143
9463,2,Logan SARGEANT,Williams,92.578,189.47328448275863,333.63393386477173,116,67.85286027948858,322.0,3803.91418765209,1.8830285591991058,75.4135733479181,63.55056714146434,1.0,32.73714285714286,22.20642857142857,45.00535714285714,2.7305357142857143
9463,3,Daniel RICCIARDO,RB,91.361,188.47358139534882,355.6248056901734,86,50.79819117145824,318.0,4285.449884669346,1.2540841319287566,88.80132214110765,77.78181501121601,1.0,32.73714285714286,22.20642857142857,45.00535714285714,2.7305357142857143
9463,4,Lando NORRIS,McLaren,91.256,261.652,454.89097947763264,50,31.635024056944015,311.0,1975.9929216306407,0.7708447276849055,47.50817619036295,41.75825743704373,0.5216274700972582,32.73714285714286,22.20642857142857,45.00535714285714,2.7305357142857143
9463,10,Pierre GASLY,Alpine,93.804,265.4621612903226,311.5500822871068,31,12.596913418781062,316.0,844.0744298860961,0.31706021766183945,85.47389405432827,82.92329520684216,0.8769964885580894,32.73714285714286,22.20642857142857,45.00535714285714,2.7305357142857143
9463,11,Sergio PEREZ,Red Bull Racing,90.679,195.09224409448822,328.4289766955032,127,76.0137366339302,321.0,4188.2787276373465,1.9024326445200104,62.56330503570891,47.255257254734104,0.9464485292369154,32.73714285714286,22.20642857142857,45.00535714285714,2.7305357142857143
9463,14,Fernando ALONSO,Aston Martin,93.053,287.9658620689655,480.2811912551117,29,17.901632067470413,312.0,1188.1910287811413,0.4846423957070046,94.37543893023883,91.17986033497412,0.967176340966558,32.73714285714286,22.20642857142857,45.00535714285714,2.7305357142857143
9463,16,Charles LECLERC,Ferrari,91.75,239.5120769230769,412.203880850934,52,31.089292083799016,315.0,1955.9837110313176,0.7985874967303165,92.37268843285061,86.55401517133141,1.0,32.73714285714286,22.20642857142857,45.00535714285714,2.7305357142857143
9463,18,Lance STROLL,Aston Martin,92.029,166.5431489361702,232.3344616712816,94,55.459348916843034,316.0,3012.3463328022576,1.466863244001617,35.13659746827416,24.25662854017549,0.5204067882592601,32.73714285714286,22.20642857142857,45.00535714285714,2.7305357142857143
9463,20,Kevin MAGNUSSEN,Haas F1 Team,96.611,179.9647142857143,390.81684040403235,91,55.33074136605395,323.0,4784.662806458517,1.4638511719338296,88.30236447657322,76.64074699387281,1.0,32.73714285714286,22.20642857142857,45.00535714285714,2.7305357142857143
9463,22,Yuki TSUNODA,RB,98.074,199.74360526315792,400.44341115361635,38,23.035257096203996,297.0,3117.4634152141343,0.5610301286471833,97.59985415229987,92.43227990076015,1.0,32.73714285714286,22.20642857142857,45.00535714285714,2.7305357142857143
9463,23,Alexander ALBON,Williams,,,,0,0.0,0.0,1723.0,0.0,104.0,104.0,1.0,32.73714285714286,22.20642857142857,45.00535714285714,2.7305357142857143
9463,24,ZHOU Guanyu,Kick Sauber,93.715,187.29521621621618,294.7201345451844,37,0.0,0.0,0.0,0.0,0.0,0.0,0.0,32.73714285714286,22.20642857142857,45.00535714285714,2.7305357142857143
9463,27,Nico HULKENBERG,Haas F1 Team,97.509,284.1094137931035,629.1755421237037,29,17.910858519804375,303.0,3538.9144888592964,0.4852685896368868,97.79559920417886,94.23045521920751,1.0,32.73714285714286,22.20642857142857,45.00535714285714,2.7305357142857143
9463,31,Esteban OCON,Alpine,92.061,223.83892105263166,272.89136435010573,76,53.21770147195206,316.0,3619.343328656695,1.3512076031040194,82.58622848944586,72.17438311971401,1.0,32.73714285714286,22.20642857142857,45.00535714285714,2.7305357142857143
9463,44,Lewis HAMILTON,Mercedes,91.066,234.5783388429752,465.37274636167456,121,72.62253981087358,317.0,3896.6863006206454,2.0483516831934305,77.27601677248552,63.23518734295611,0.9809605339294065,32.73714285714286,22.20642857142857,45.00535714285714,2.7305357142857143
9463,55,Carlos SAINZ,Ferrari,89.921,159.48460240963857,252.12850109551923,83,50.297307366101506,315.0,2800.632170514985,1.3241227340102568,32.729404957236504,21.99056745852456,0.27018286448053647,32.73714285714286,22.20642857142857,45.00535714285714,2.7305357142857143
9463,63,George RUSSELL,Mercedes,,,,0,0.0,0.0,3974.8344549338535,0.0,103.9958782171704,103.9958782171704,1.0,32.73714285714286,22.20642857142857,45.00535714285714,2.7305357142857143
9463,77,Valtteri BOTTAS,Kick Sauber,92.227,171.54153684210524,334.088311415215,95,57.712894046401765,316.0,3014.528103425043,1.534777542624783,38.357945132729334,25.877059900601623,0.5129637996496484,32.73714285714286,22.20642857142857,45.00535714285714,2.7305357142857143
9463,81,Oscar PIASTRI,McLaren,92.328,250.03951515151516,333.0621169741165,33,20.076696866652398,311.0,1398.6488003234015,0.5037452738211304,95.45114498371103,91.59302150460927,1.0,32.73714285714286,22.20642857142857,45.00535714285714,2.7305357142857143
9464,1,Max VERSTAPPEN,Red Bull Racing,90.755,191.4760625,314.6304075738546,64,38.40049484928509,320.0,2038.327591812782,0.9813638490392469,26.63546102665366,19.658363666642877,0.40473754748253354,33.844927536231886,23.544746376811595,49.33695652173913,1.65054347826087
9464,2,Logan SARGEANT,Williams,,,,0,0.0,0.0,0.0,0.0,0.0,0.0,0.0,33.844927536231886,23.544746376811595,49.33695652173913,1.65054347826087
9464,3,Daniel RICCIARDO,RB,97.015,141.9205072463768,248.8561428161889,69,40.48689521724994,301.0,3585.6766905368004,1.0074148089992783,92.10816104806541,83.22080270263841,0.9817682931664803,33.844927536231886,23.544746376811595,49.33695652173913,1.65054347826087
9464,4,Lando NORRIS,McLaren,92.108,258.3388421052631,365.54864454165084,19,11.648728380082316,313.0,825.8862481066463,0.2968223380042665,96.47395300517847,94.44059032982022,1.0,33.844927536231886,23.544746376811595,49.33695652173913,1.65054347826087
9464,10,Pierre GASLY,Alpine,92.149,235.63565217391303,340.9735775915411,46,27.120421256314483,317.0,1571.5740727523612,0.6733677507355332,31.98245822726588,26.27081895970626,0.4002648712519528,33.844927536231886,23.544746376811595,49.33695652173913,1.65054347826087
9464,11,Sergio PEREZ,Red Bull Racing,91.483,239.32549999999998,386.64332134547175,52,30.784827794034847,319.0,1719.1445530892395,0.7738998723225402,87.7615127796414,81.93942854423905,0.9874146503937382,33.844927536231886,23.544746376811595,49.33695652173913,1.65054347826087
9464,14,Fernando ALONSO,Aston Martin,91.159,178.7195205479452,207.86988779615618,73,45.95647070952188,319.0,2491.6713534603764,1.24376085456665,29.01693114140477,20.73161563533414,0.4300509916811394,33.844927536231886,23.544746376811595,49.33695652173913,1.65054347826087
9464,16,Charles LECLERC,Ferrari,90.322,175.4549178082192,301.7534723072794,73,45.180754803765296,320.0,2535.1793590750126,1.1550527759934655,28.185409876366982,19.46819562407315,0.2757753828341224,33.844927536231886,23.544746376811595,49.33695652173913,1.65054347826087
9464,18,Lance STROLL,Aston Martin,92.038,212.99506818181814,328.53789538958523,44,26.730497466276496,320.0,3034.0358607126145,0.7100532121587007,89.12782020475976,84.92714454515897,0.9895954765699966,33.844927536231886,23.544746376811595,49.33695652173913,1.65054347826087
9464,20,Kevin MAGNUSSEN,Haas F1 Team,93.053,140.57178205128207,171.7213080133373,78,46.39592700973045,322.0,4536.146337401566,1.2422541019357807,90.07478251215315,80.46877453429448,1.0,33.844927536231886,23.544746376811595,49.33695652173913,1.65054347826087
9464,22,Yuki TSUNODA,RB,90.775,250.33070588235293,462.8312528517551,51,30.64809395792195,317.0,1826.5032553787105,0.7380550202618578,31.285949928230995,24.505412414055623,0.4100904844606222,33.844927536231886,23.544746376811595,49.33695652173913,1.65054347826087
9464,23,Alexander ALBON,Williams,62.067,208.981593220339,356.1190913017684,118,69.85846041602233,325.0,3947.785176726223,1.8862243158153513,74.632582336101,63.59790323475999,0.9971688911093665,33.844927536231886,23.544746376811595,49.33695652173913,1.65054347826087
9464,24,ZHOU Guanyu,Kick Sauber,90.647,142.0042168674699,182.1991859921938,83,55.88748522985908,320.0,2898.371953782346,1.478156051990896,25.6322334039128,15.745406387045099,0.3791544738657721,33.844927536231886,23.544746376811595,49.33695652173913,1.65054347826087
9464,27,Nico HULKENBERG,Haas F1 Team,91.686,149.31772093023255,202.26212100733846,86,52.28396735897985,327.0,2833.220104838262,1.3935637871830864,30.594929380883276,20.433913036582368,0.4495039611733638,33.844927536231886,23.544746376811595,49.33695652173913,1.65054347826087
9464,31,Esteban OCON,Alpine,93.079,197.46279629629623,271.6096177453807,54,31.908143601456,318.0,2430.450487315522,0.8147566594501146,92.34572835629149,85.74494643097883,1.0,33.844927536231886,23.544746376811595,49.33695652173913,1.65054347826087
9464,44,Lewis HAMILTON,Mercedes,91.999,215.87941666666666,343.8077123490708,48,28.39882156083712,318.0,3709.0916105599567,0.8128137415839936,90.73995828674296,85.59059151936177,0.9708245109001657,33.844927536231886,23.544746376811595,49.33695652173913,1.65054347826087
9464,55,Carlos SAINZ,Ferrari,91.247,180.14977142857143,229.98422170601003,70,41.16073878460575,318.0,2764.6045805279978,1.0868048120920863,91.05899333063704,82.73921284070452,1.0,33.844927536231886,23.544746376811595,49.33695652173913,1.65054347826087
9464,63,George RUSSELL,Mercedes,90.368,193.13513636363635,276.8314659544348,66,41.28534722717865,319.0,2353.2969968040984,1.104084885685057,38.85013362516753,30.535246116146837,0.5147860014750315,33.844927536231886,23.544746376811595,49.33695652173913,1.65054347826087
9464,77,Valtteri BOTTAS,Kick Sauber,93.528,213.17681481481483,326.81353972496044,27,16.137994750156622,315.0,2357.849594366331,0.4289486831775034,94.91061784788143,91.50549964710267,0.9580012529837667,33.844927536231886,23.544746376811595,49.33695652173913,1.65054347826087
9464,81,Oscar PIASTRI,McLaren,91.03,162.57037078651686,277.6767284686723,89,54.454071800728,326.0,3198.035678316244,1.3940871854653882,48.81765914083379,38.969476363809385,0.6566507268098875,33.844927536231886,23.544746376811595,49.33695652173913,1.65054347826087
9465,1,Max VERSTAPPEN,Red Bull Racing,93.238,171.14894999999996,175.83726733985458,20,82.2028692879915,315.0,4710.9461211477155,2.071413390010627,53.30653560042508,39.83443145589798,1.0,34.21585365853659,19.373170731707315,38.74390243902439,3.3780487804878048
9465,2,Logan SARGEANT,Williams,94.213,176.76816666666664,277.3920198512186,18,74.98273113708821,320.0,4656.976354941551,2.0598299681190224,58.26641870350691,45.945164718384696,0.8973963868225292,34.21585365853659,19.373170731707315,38.74390243902439,3.3780487804878048
9465,3,Daniel RICCIARDO,RB,92.869,168.8736818181818,176.10819411331576,22,90.11934112646121,313.0,5341.925982996812,2.1675345377258237,48.77082890541977,30.202337938363442,0.7999468650371945,34.21585365853659,19.373170731707315,38.74390243902439,3.3780487804878048
9465,4,Lando NORRIS,McLaren,92.901,156.12699999999998,148.58956563018367,24,98.44755579171094,316.0,6126.219447396386,2.379489904357067,62.16620616365569,46.367056323060574,1.0,34.21585365853659,19.373170731707315,38.74390243902439,3.3780487804878048
9465,10,Pierre GASLY,Alpine,95.144,163.88621739130437,165.60347879956495,23,94.42964930924548,311.0,5601.275929861849,2.4205632306057385,66.65812964930925,48.2826780021254,1.0,34.21585365853659,19.373170731707315,38.74390243902439,3.3780487804878048
9465,11,Sergio PEREZ,Red Bull Racing,93.413,164.22565217391303,150.55373252404772,23,93.9624335812965,317.0,5629.492454835282,2.359086078639745,52.79989373007439,36.21721572794899,1.0,34.21585365853659,19.373170731707315,38.74390243902439,3.3780487804878048
9465,14,Fernando ALONSO,Aston Martin,93.193,192.0534210526316,199.55225319312808,19,78.2144527098831,315.0,4432.014346439957,2.150212539851222,49.696121147715196,36.75069075451647,0.8268862911795962,34.21585365853659,19.373170731707315,38.74390243902439,3.3780487804878048
9465,16,Charles LECLERC,Ferrari,93.268,161.35082608695652,167.7594251181428,23,94.08910733262486,314.0,5853.871094580234,2.380393198724761,65.12146652497343,48.426354941551544,1.0,34.21585365853659,19.373170731707315,38.74390243902439,3.3780487804878048
9465,18,Lance STROLL,Aston Martin,93.868,184.61800000000002,198.60900243019142,19,78.63815090329437,314.0,4448.176620616366,2.160414452709883,68.77433581296494,57.10414452709883,1.0,34.21585365853659,19.373170731707315,38.74390243902439,3.3780487804878048
9465,20,Kevin MAGNUSSEN,Haas F1 Team,97.477,158.47058333333334,259.26271648511874,24,98.20563230605738,318.0,5694.29394261424,2.605472901168969,74.15244420828905,53.52731137088204,1.0,34.21585365853659,19.373170731707315,38.74390243902439,3.3780487804878048
9465,22,Yuki TSUNODA,RB,93.183,158.4246956521739,161.58984350009638,23,93.68028692879915,312.0,5650.947183846972,2.2236981934112645,47.309829968119026,27.18002125398512,0.811211477151966,34.21585365853659,19.373170731707315,38.74390243902439,3.3780487804878048
9465,23,Alexander ALBON,Williams,93.583,194.127125,218.75535073109498,16,66.75276301806589,318.0,4123.227470775771,1.78384697130712,73.09011689691818,64.88607863974495,1.0,34.21585365853659,19.373170731707315,38.74390243902439,3.3780487804878048
9465,24,ZHOU Guanyu,Kick Sauber,93.923,251.6214666666666,294.8923335587338,15,63.19936238044633,307.0,3716.0875664187033,1.6985122210414452,56.39856535600425,47.251009564293305,0.8147715196599362,34.21585365853659,19.373170731707315,38.74390243902439,3.3780487804878048
9465,27,Nico HULKENBERG,Haas F1 Team,97.938,145.4633076923077,153.17996728829718,26,106.34888416578109,313.0,5911.196811902231,2.8340063761955365,65.23666312433582,44.2605738575983,0.9766737513283741,34.21585365853659,19.373170731707315,38.74390243902439,3.3780487804878048
9465,31,Esteban OCON,Alpine,94.807,185.78124999999997,226.88669273601633,20,82.85010626992562,311.0,4949.909723698193,2.088204038257173,69.81907545164718,54.185122210414455,1.0,34.21585365853659,19.373170731707315,38.74390243902439,3.3780487804878048
9465,44,Lewis HAMILTON,Mercedes,93.302,174.78947619047617,213.8543550538252,21,86.7893730074389,311.0,4728.179649309245,2.4335812964930925,73.33108395324123,58.381509032943676,1.0,34.21585365853659,19.373170731707315,38.74390243902439,3.3780487804878048
9465,55,Carlos SAINZ,Ferrari,93.385,147.87724000000003,115.1568048116237,25,102.18990435706695,314.0,6235.6417109458025,2.6438894792773646,62.61025504782147,44.48140276301807,1.0,34.21585365853659,19.373170731707315,38.74390243902439,3.3780487804878048
9465,63,George RUSSELL,Mercedes,93.251,151.72708333333333,129.45325511966234,24,98.26546227417641,310.0,5655.393836344315,2.601700318809777,68.58193411264612,49.990435706695,1.0,34.21585365853659,19.373170731707315,38.74390243902439,3.3780487804878048
9465,77,Valtteri BOTTAS,Kick Sauber,93.354,191.90275000000003,182.47253586796973,20,82.71774707757704,310.0,4945.749734325186,2.2195536663124336,55.407279489904354,41.81955366631243,1.0,34.21585365853659,19.373170731707315,38.74390243902439,3.3780487804878048
9465,81,Oscar PIASTRI,McLaren,93.113,158.049625,166.91308921506936,24,98.5557917109458,308.0,5770.5608395324125,2.479117959617428,67.12130712008502,50.46567481402763,1.0,34.21585365853659,19.373170731707315,38.74390243902439,3.3780487804878048
9466,1,Max VERSTAPPEN,Red Bull Racing,90.851,138.36104166666667,111.45375065375741,24,98.52757086972831,318.0,5328.204061947376,2.5234446171159104,41.98333422646161,23.26199024703928,0.878945394137506,22.098780487804877,17.24756097560976,39.02439024390244,2.2817073170731708
9466,2,Logan SARGEANT,Williams,91.715,145.23049999999998,102.76322872066716,26,106.15963774717325,322.0,5960.580783452119,2.900380472643481,65.53652001500456,46.282835860886344,1.0,22.098780487804877,17.24756097560976,39.02439024390244,2.2817073170731708
9466,3,Daniel RICCIARDO,RB,91.516,146.16204,148.57294752261728,25,102.2043298858582,317.0,5765.457317399925,2.4648196774020685,49.47543004126253,27.750066984620332,0.8056910133433364,22.098780487804877,17.24756097560976,39.02439024390244,2.2817073170731708
9466,4,Lando NORRIS,McLaren,92.608,154.44908333333333,163.57677613226883,24,98.33626279406248,315.0,5653.467070360645,2.3936016290659663,50.005948234285405,32.04780022506832,0.8187664112319811,22.098780487804877,17.24756097560976,39.02439024390244,2.2817073170731708
9466,10,Pierre GASLY,Alpine,91.951,157.22991666666667,173.41200964608265,24,98.46712394834147,315.0,5660.284121965597,2.426611649965168,51.41155350731472,31.664541021381492,0.811210546058625,22.098780487804877,17.24756097560976,39.02439024390244,2.2817073170731708
9466,11,Sergio PEREZ,Red Bull Racing,91.115,148.85219999999998,149.03538382572106,25,102.03917260596967,318.0,5606.845399496276,2.5540431916831894,47.6342639729918,28.60961363270993,0.8380579818873587,22.098780487804877,17.24756097560976,39.02439024390244,2.2817073170731708
9466,14,Fernando ALONSO,Aston Martin,90.66,171.5735714285714,165.4834321785061,21,86.46380151117303,317.0,4717.890788275012,2.33915652966079,49.54895236053802,33.69894432238358,0.7740206848507583,22.098780487804877,17.24756097560976,39.02439024390244,2.2817073170731708
9466,16,Charles LECLERC,Ferrari,91.113,148.18384,129.94745517190552,25,102.7508708000643,316.0,6139.808102459675,2.613686297626065,67.77723594662666,47.52992872836397,1.0,22.098780487804877,17.24756097560976,39.02439024390244,2.2817073170731708
9466,18,Lance STROLL,Aston Martin,90.891,142.23036000000002,117.66957414043104,25,102.25700659128664,317.0,5525.0806494828785,2.789614704463855,44.900112534162155,27.539145812121536,0.7774502974117142,22.098780487804877,17.24756097560976,39.02439024390244,2.2817073170731708
9466,20,Kevin MAGNUSSEN,Haas F1 Team,91.764,144.27773076923074,120.6528281764086,26,106.27988853759177,319.0,6177.341300037511,2.872622045978243,64.99308718718183,43.87481914152511,0.9990354214672311,22.098780487804877,17.24756097560976,39.02439024390244,2.2817073170731708
9466,22,Yuki TSUNODA,RB,91.881,133.69867857142856,93.68419199632255,28,114.12727077862922,318.0,6584.425057606773,2.6966400514441884,48.02181019237983,23.00369755104228,0.8065484164835753,22.098780487804877,17.24756097560976,39.02439024390244,2.2817073170731708
9466,23,Alexander ALBON,Williams,91.333,148.83767999999998,129.2572411135933,25,102.37130914741975,317.0,5588.423182037404,2.733722737259525,48.7252022935534,33.06468034939178,0.8175874819141525,22.098780487804877,17.24756097560976,39.02439024390244,2.2817073170731708
9466,24,ZHOU Guanyu,Kick Sauber,92.048,141.71314814814815,109.21944167378629,27,110.24650340281872,316.0,6060.877552114034,2.942500401907722,49.85172284443492,29.584695353946735,0.8187128235357162,22.098780487804877,17.24756097560976,39.02439024390244,2.2817073170731708
9466,27,Nico HULKENBERG,Haas F1 Team,90.884,171.4265,211.89845300880023,22,90.776700069664,319.0,5246.3067359734205,2.4262901237875782,70.38095493274744,52.88419698837147,1.0,22.098780487804877,17.24756097560976,39.02439024390244,2.2817073170731708
9466,31,Esteban OCON,Alpine,92.027,155.043375,152.2758835348451,24,98.03033063608595,315.0,5581.182573281175,2.472965007234339,48.86828144258078,29.793044317024812,0.8147473340121109,22.098780487804877,17.24756097560976,39.02439024390244,2.2817073170731708
9466,44,Lewis HAMILTON,Mercedes,90.374,156.16479166666667,164.49862480655653,24,99.34349713305825,317.0,5364.082310701463,2.799099726702749,67.88987728417555,50.478752478430955,1.0,22.098780487804877,17.24756097560976,39.02439024390244,2.2817073170731708
9466,55,Carlos SAINZ,Ferrari,90.769,155.02791666666667,146.426172905187,24,98.43706125073683,315.0,6048.928192487005,2.590590000535877,64.1198220888484,45.11548148545094,0.9962488612614544,22.098780487804877,17.24756097560976,39.02439024390244,2.2817073170731708
9466,63,George RUSSELL,Mercedes,90.58,160.21463636363634,159.37238527696,22,91.09013450511762,316.0,5412.811424896844,2.3977814693746318,64.99201543325653,47.549863351374526,0.9986067198971116,22.098780487804877,17.24756097560976,39.02439024390244,2.2817073170731708
9466,77,Valtteri BOTTAS,Kick Sauber,92.001,156.84404166666664,166.39990535741478,24,98.60725577407428,316.0,5390.73184716789,2.6080595895182466,54.341246449815124,35.31214833074326,0.8204812175124592,22.098780487804877,17.24756097560976,39.02439024390244,2.2817073170731708
9466,81,Oscar PIASTRI,McLaren,90.784,145.16084615384614,144.0910039381342,26,106.4701248593323,319.0,5867.381222871229,2.673168640480146,50.98665666363003,30.90059482342854,0.81973098976475,22.098780487804877,17.24756097560976,39.02439024390244,2.2817073170731708
9467,1,Max VERSTAPPEN,Red Bull Racing,91.062,176.73319999999998,179.3255327022898,15,63.14783679588777,317.0,3684.4924502034696,1.5921503533947312,54.67648318697794,45.034054401370746,0.8563932319554508,32.01341463414634,20.259756097560977,35.71951219512195,2.778048780487805
9467,2,Logan SARGEANT,Williams,92.125,170.73493333333332,131.82707107948485,15,63.390501177982436,315.0,3920.779985007496,1.770935960591133,44.16464981794817,34.675305204540585,0.7505889912186764,32.01341463414634,20.259756097560977,35.71951219512195,2.778048780487805
9467,3,Daniel RICCIARDO,RB,91.449,199.84925,255.77379243748598,12,51.26226172627972,315.0,3186.886699507389,1.235703576783037,33.86035553651745,24.017991004497752,0.5570786035553652,32.01341463414634,20.259756097560977,35.71951219512195,2.778048780487805
9467,4,Lando NORRIS,McLaren,91.118,253.39800000000002,236.2844542006712,11,47.054776183336905,310.0,2905.695598629257,1.14863996573142,77.81816234739773,71.3176269008353,0.976975797815378,32.01341463414634,20.259756097560977,35.71951219512195,2.778048780487805
9467,10,Pierre GASLY,Alpine,92.382,179.31269230769232,208.4789942052398,13,55.130434782608695,314.0,3539.2691689869353,1.5476011994002998,49.21653458984793,39.7791818376526,0.7267616191904048,32.01341463414634,20.259756097560977,35.71951219512195,2.778048780487805
9467,11,Sergio PEREZ,Red Bull Racing,91.248,177.82175,144.76624035557288,16,67.05531162989934,319.0,4120.843274791176,1.746358963375455,52.994270721781966,42.68472906403941,0.9688905547226386,32.01341463414634,20.259756097560977,35.71951219512195,2.778048780487805
9467,14,Fernando ALONSO,Aston Martin,90.965,154.1523125,118.11392295138133,16,70.8339580209895,315.0,3990.310344827586,1.9720496894409938,52.9627864639109,41.262368815592204,0.812111801242236,32.01341463414634,20.259756097560977,35.71951219512195,2.778048780487805
9467,16,Charles LECLERC,Ferrari,91.094,191.5978125,200.51497770123643,16,67.17616191904048,317.0,4321.805472263868,1.7110730349111158,65.7431998286571,53.88648532876419,0.930552580852431,32.01341463414634,20.259756097560977,35.71951219512195,2.778048780487805
9467,18,Lance STROLL,Aston Martin,91.396,173.9005,185.59121764243048,16,67.41186549582352,318.0,4158.207110730349,1.8267830370529021,63.57030413364746,53.5647890340544,0.9407260655386592,32.01341463414634,20.259756097560977,35.71951219512195,2.778048780487805
9467,20,Kevin MAGNUSSEN,Haas F1 Team,91.671,152.60394736842105,160.70024150326518,19,79.16165131719855,319.0,4959.130595416577,2.165934889698008,71.22927821803384,56.0391946883701,1.0,32.01341463414634,20.259756097560977,35.71951219512195,2.778048780487805
9467,22,Yuki TSUNODA,RB,91.631,186.11076923076922,224.6816845988509,13,55.14917541229385,316.0,3461.1671664167916,1.288391518526451,34.216427500535445,22.325979867209252,0.5488327264938959,32.01341463414634,20.259756097560977,35.71951219512195,2.778048780487805
9467,23,Alexander ALBON,Williams,91.965,189.04966666666667,150.27087675424298,15,66.6868173056329,317.0,4127.994002998501,1.7773077746840866,68.99448490040695,61.715142428785605,1.0,32.01341463414634,20.259756097560977,35.71951219512195,2.778048780487805
9467,24,ZHOU Guanyu,Kick Sauber,92.0,185.2315625,185.8385743118099,16,67.02827157849647,316.0,3821.4895587920328,1.8417219961447848,40.99593060612551,31.167059327479116,0.65544013707432,32.01341463414634,20.259756097560977,35.71951219512195,2.778048780487805
9467,27,Nico HULKENBERG,Haas F1 Team,91.278,235.11775000000003,386.5150912565004,12,51.58117369886485,321.0,3471.7585136003427,1.4232705076033412,59.199721567787535,51.551081602056115,0.8435960591133005,32.01341463414634,20.259756097560977,35.71951219512195,2.778048780487805
9467,31,Esteban OCON,Alpine,92.124,243.6252,253.67409585481917,10,43.33304776183337,314.0,2882.943189119726,1.2119832940672521,53.0252195330906,45.24287856071964,0.7359713000642536,32.01341463414634,20.259756097560977,35.71951219512195,2.778048780487805
9467,44,Lewis HAMILTON,Mercedes,91.452,183.35526315789477,214.09946046733614,19,79.2871064467766,312.0,4427.703148425787,2.2708288712786464,69.06950096380382,55.03962304562005,0.989344613407582,32.01341463414634,20.259756097560977,35.71951219512195,2.778048780487805
9467,55,Carlos SAINZ,Ferrari,90.824,180.8771764705882,173.647703242627,17,70.51033411865495,317.0,4648.423538230884,1.8487898907689013,70.06875133861641,57.54594131505676,1.0,32.01341463414634,20.259756097560977,35.71951219512195,2.778048780487805
9467,63,George RUSSELL,Mercedes,91.19,255.47027272727271,226.77996396390728,11,46.986667380595414,314.0,2897.9692653673164,1.2971192974941101,79.63171985435854,70.90469051188691,1.0,32.01341463414634,20.259756097560977,35.71951219512195,2.778048780487805
9467,77,Valtteri BOTTAS,Kick Sauber,92.096,194.69166666666666,204.38250131478694,15,63.208181623473976,315.0,3637.3216427500533,1.7183551081602055,74.83786678089527,64.8911972585136,0.6574748340115657,32.01341463414634,20.259756097560977,35.71951219512195,2.778048780487805
9467,81,Oscar PIASTRI,McLaren,91.21,222.03475000000003,195.57358061742602,12,51.036249732276715,312.0,3282.996733775969,1.3435425144570572,45.651156564574855,39.05847076461769,0.706039837224245,32.01341463414634,20.259756097560977,35.71951219512195,2.778048780487805
9468,1,Max VERSTAPPEN,Red Bull Racing,89.179,201.37374999999997,164.3413002049774,16,71.20594613102031,331.0,4177.40555809176,1.7823556265692764,28.595982652362473,17.483679525222552,0.8226432321387811,21.51428571428572,18.049350649350657,46.94805194805195,1.9948051948051948
9468,2,Logan SARGEANT,Williams,90.77,146.84279999999998,86.32576681941492,5,25.347295138096325,322.0,1935.7860077607852,0.6835197443506049,83.58856425473635,80.07829262725406,1.0,21.51428571428572,18.049350649350657,46.94805194805195,1.9948051948051948
9468,3,Daniel RICCIARDO,RB,90.278,185.558,146.91919437197132,11,50.057349920109566,317.0,2941.5873088335998,1.204005934718101,51.59404245606026,40.76626341018032,0.7606710796621776,21.51428571428572,18.049350649350657,46.94805194805195,1.9948051948051948
9468,4,Lando NORRIS,McLaren,89.614,234.35946153846155,188.03195257051203,13,62.993095183748004,315.0,4080.876512211824,1.5252796165259073,70.96273681807807,61.96439169139466,1.0,21.51428571428572,18.049350649350657,46.94805194805195,1.9948051948051948
9468,10,Pierre GASLY,Alpine,90.948,142.4805,69.64959388072553,8,37.819276420908466,317.0,2727.518945446245,0.9679296964163433,84.83713763980826,77.76101346724492,1.0,21.51428571428572,18.049350649350657,46.94805194805195,1.9948051948051948
9468,11,Sergio PEREZ,Red Bull Racing,89.537,206.60780000000003,161.3295999318166,15,71.24726089933804,322.0,4062.618294909838,1.8028988815338964,43.287947957087425,31.191052271170964,1.0,21.51428571428572,18.049350649350657,46.94805194805195,1.9948051948051948
9468,14,Fernando ALONSO,Aston Martin,89.542,231.50476923076923,219.0264373094837,13,58.7204405386898,320.0,3455.0095297877197,1.5841702807578177,47.53321159552613,38.832686601232595,0.7594727231225747,21.51428571428572,18.049350649350657,46.94805194805195,1.9948051948051948
9468,16,Charles LECLERC,Ferrari,89.165,202.37727777777778,175.385103000925,18,79.69887012097695,319.0,5150.52162748231,2.0424560602602146,57.30044510385757,42.73841588678384,1.0,21.51428571428572,18.049350649350657,46.94805194805195,1.9948051948051948
9468,18,Lance STROLL,Aston Martin,89.965,180.332,137.19010513484233,11,50.11355854827665,319.0,3093.4255307007534,1.341075097009815,80.06105911892261,72.78338278931751,1.0,21.51428571428572,18.049350649350657,46.94805194805195,1.9948051948051948
9468,20,Kevin MAGNUSSEN,Haas F1 Team,90.529,178.2879090909091,138.82187252633858,11,50.17884044738644,321.0,3652.6808947728828,1.3510043369093814,79.44909837936544,69.70645971239443,1.0,21.51428571428572,18.049350649350657,46.94805194805195,1.9948051948051948
9468,22,Yuki TSUNODA,RB,90.129,184.8167272727273,148.98579248193795,11,50.18306322757361,317.0,3017.011926500799,1.196815795480484,52.2149623373659,41.70029673590504,0.7601004336909382,21.51428571428572,18.049350649350657,46.94805194805195,1.9948051948051948
9468,23,Alexander ALBON,Williams,90.221,185.50563636363634,150.59101465424504,11,50.5109564026478,323.0,3126.090618580233,1.3705204291257704,76.75028532298562,70.3942022369322,1.0,21.51428571428572,18.049350649350657,46.94805194805195,1.9948051948051948
9468,24,ZHOU Guanyu,Kick Sauber,90.757,135.3064,67.27322048958263,5,25.20172335083314,315.0,1415.4703264094956,0.6662862360191737,69.06796393517462,64.63090618580233,0.7579890435973522,21.51428571428572,18.049350649350657,46.94805194805195,1.9948051948051948
9468,27,Nico HULKENBERG,Haas F1 Team,89.851,194.8284375,156.83845670664164,16,75.01255421136727,321.0,4618.569390550103,1.9820246519059574,71.27185574069847,57.90595754393974,1.0,21.51428571428572,18.049350649350657,46.94805194805195,1.9948051948051948
9468,31,Esteban OCON,Alpine,90.793,142.91137500000002,67.6743622632262,8,37.855227117096554,318.0,2685.905615156357,1.0,59.47574754622232,52.99726089933805,0.8308605341246291,21.51428571428572,18.049350649350657,46.94805194805195,1.9948051948051948
9468,44,Lewis HAMILTON,Mercedes,89.71,191.95175,153.36452601624504,16,75.32058890664231,317.0,4471.585825154074,2.1593814197671763,63.25199726089934,50.018488929468155,1.0,21.51428571428572,18.049350649350657,46.94805194805195,1.9948051948051948
9468,55,Carlos SAINZ,Ferrari,89.507,221.1625625,234.16535051912803,16,75.71673133987674,323.0,4709.854199954349,1.943620178041543,52.863672677470895,38.42661492809861,1.0,21.51428571428572,18.049350649350657,46.94805194805195,1.9948051948051948
9468,63,George RUSSELL,Mercedes,89.485,200.40281249999998,157.06644181492857,16,71.094384843643,317.0,4597.386213193335,1.9308947728829033,60.973008445560374,48.81556722209541,1.0,21.51428571428572,18.049350649350657,46.94805194805195,1.9948051948051948
9468,77,Valtteri BOTTAS,Kick Sauber,90.756,138.689,68.41749635290668,5,25.273054097238074,320.0,1437.1652020086738,0.6876854599406528,67.7809860762383,63.80369778589363,0.7590162063455832,21.51428571428572,18.049350649350657,46.94805194805195,1.9948051948051948
9468,81,Oscar PIASTRI,McLaren,89.683,190.9084375,154.94870950453603,16,75.2976489385985,316.0,4436.669481853458,1.8804496690253367,70.87017804154303,59.25998630449669,1.0,21.51428571428572,18.049350649350657,46.94805194805195,1.9948051948051948
9472,1,Max VERSTAPPEN,Red Bull Racing,92.608,96.5827543859649,4.1235408616769345,57,128.0205922054051,324.0,6561.7646687153565,3.317298026939315,40.84996697205548,14.316895947614809,0.11269709066888768,23.652866242038222,18.22738853503185,48.82165605095541,0.7859872611464969
9472,2,Logan SARGEANT,Williams,94.735,100.47296363636362,10.619676161752574,55,123.69286883598035,326.0,6597.787788276516,3.3889255866050143,52.43711766564232,27.798730578132627,0.28487320141302164,23.652866242038222,18.22738853503185,48.82165605095541,0.7859872611464969
9472,3,Daniel RICCIARDO,RB,95.163,98.46803571428572,4.212823628790544,56,125.63953588557972,329.0,6737.179068899164,3.083804819207904,40.18386513110658,14.55285907119676,0.1664895602975387,23.652866242038222,18.22738853503185,48.82165605095541,0.7859872611464969
9472,4,Lando NORRIS,McLaren,94.476,97.43207017543861,4.049475603302491,57,127.8023492920532,323.0,7045.667710158247,3.12059507740027,52.27645825555013,26.602602027628592,0.22177546741721474,23.652866242038222,18.22738853503185,48.82165605095541,0.7859872611464969
9472,10,Pierre GASLY,Alpine,94.805,98.88569642857144,5.513610739795405,56,123.82216605876103,326.0,6681.954450156523,3.0726901978804677,40.803440650219706,14.064160372210575,0.2000344639421006,23.652866242038222,18.22738853503185,48.82165605095541,0.7859872611464969
9472,11,Sergio PEREZ,Red Bull Racing,94.364,96.9768947368421,3.9978283520905844,57,127.81021855883282,331.0,6566.702662339528,3.2896981533071026,41.53361670352394,14.667279358970678,0.12625290789511473,23.652866242038222,18.22738853503185,48.82165605095541,0.7859872611464969
9472,14,Fernando ALONSO,Aston Martin,94.199,97.89487719298245,4.146808343902427,57,127.81938022344123,326.0,6715.647893391539,3.3726988138659926,51.160085011057184,24.796117062523336,0.24219535311180676,23.652866242038222,18.22738853503185,48.82165605095541,0.7859872611464969
9472,16,Charles LECLERC,Ferrari,94.09,97.27752631578946,3.971656643633927,57,128.13484017346852,325.0,6995.937304345329,3.3044602085068497,54.86220167150119,27.668571756799448,0.4072776357735719,23.652866242038222,18.22738853503185,48.82165605095541,0.7859872611464969
9472,18,Lance STROLL,Aston Martin,95.632,98.21545614035088,4.193648936901022,57,127.7670237514001,332.0,6691.855624802551,3.469542491168615,50.26324707774491,25.193716074556995,0.2539992532812545,23.652866242038222,18.22738853503185,48.82165605095541,0.7859872611464969
9472,20,Kevin MAGNUSSEN,Haas F1 Team,95.57,98.45642857142856,4.09867679369619,56,125.84275826416612,333.0,6766.873718372153,3.364714667279359,52.99109681495735,27.42341824865734,0.3959332548321319,23.652866242038222,18.22738853503185,48.82165605095541,0.7859872611464969
9472,22,Yuki TSUNODA,RB,95.833,98.47476785714285,4.092471284440104,56,127.67098423274649,330.0,6918.996524885838,3.098997673683908,41.833654039461216,15.189408081794422,0.17082627301186135,23.652866242038222,18.22738853503185,48.82165605095541,0.7859872611464969
9472,23,Alexander ALBON,Williams,95.723,98.51760714285714,4.121428673403068,56,125.73098021195324,330.0,6527.910049111118,3.4281283207444213,50.61963295901663,27.661908727993335,0.28042160889169704,23.652866242038222,18.22738853503185,48.82165605095541,0.7859872611464969
9472,24,ZHOU Guanyu,Kick Sauber,95.458,98.42701785714287,4.094404742585873,56,126.03549786036359,331.0,6567.593813722393,3.3380625520549128,48.54682788132916,22.86211551164594,0.3044314885550992,23.652866242038222,18.22738853503185,48.82165605095541,0.7859872611464969
9472,27,Nico HULKENBERG,Haas F1 Team,94.834,98.62049999999999,6.272567732937262,56,126.19276831614923,335.0,6847.129900341767,3.3055228467216176,49.12119819638703,24.10224302823171,0.36566242568712487,23.652866242038222,18.22738853503185,48.82165605095541,0.7859872611464969
9472,31,Esteban OCON,Alpine,96.226,98.86817857142857,4.237539562003028,56,123.92699388265028,325.0,6798.103765185674,3.2986587782532526,50.191992877451966,24.32108906057038,0.24027111634452455,23.652866242038222,18.22738853503185,48.82165605095541,0.7859872611464969
9472,44,Lewis HAMILTON,Mercedes,94.722,97.46308771929824,4.022312995579855,57,128.15227318418104,330.0,6714.066860047675,3.5052701111462135,49.481001751917056,24.460093627042706,0.2318561704816336,23.652866242038222,18.22738853503185,48.82165605095541,0.7859872611464969
9472,55,Carlos SAINZ,Ferrari,94.507,97.0222105263158,3.9387350348781918,57,128.2685889887705,332.0,6962.036991297855,3.3426577443349896,54.68695252591976,26.98549642436601,0.3903615841925386,23.652866242038222,18.22738853503185,48.82165605095541,0.7859872611464969
9472,63,George RUSSELL,Mercedes,95.065,97.40322807017543,4.064747669247214,57,127.99537608776818,325.0,6753.733507567707,3.4314885550992273,50.84723857663919,23.557942502656594,0.21683563571613199,23.652866242038222,18.22738853503185,48.82165605095541,0.7859872611464969
9472,77,Valtteri BOTTAS,Kick Sauber,96.202,99.790875,10.160982759806714,56,125.74025675636865,330.0,6619.350670610874,3.3590568367845144,45.303857089520086,20.01079870185818,0.28435624228151296,23.652866242038222,18.22738853503185,48.82165605095541,0.7859872611464969
9472,81,Oscar PIASTRI,McLaren,94.774,97.56598245614036,4.369366739179328,57,127.95947614808007,326.0,6909.801975932681,3.222321146500474,50.65251730377093,24.617019443407337,0.21023004681352137,23.652866242038222,18.22738853503185,48.82165605095541,0.7859872611464969
9473,1,Max VERSTAPPEN,Red Bull Racing,89.659,159.43139130434784,160.08232952282893,23,119.04558489664237,333.0,6158.8073246504955,2.9642729119369102,49.78593619309356,25.799020193571515,0.8993906081969172,39.70125,26.754999999999995,57.575,4.80625
9473,2,Logan SARGEANT,Williams,90.966,136.17184615384616,93.7919111497904,26,134.03919225713943,333.0,6734.901362169913,3.5750985780857927,49.90166089138487,23.08280559206596,0.8467558848130003,39.70125,26.754999999999995,57.575,4.80625
9473,3,Daniel RICCIARDO,RB,90.917,151.20270833333333,156.76582678459167,24,123.71501971561716,340.0,6475.299438403633,3.039192257139443,54.518520731270165,26.024136694945632,0.8700561596367546,39.70125,26.754999999999995,57.575,4.80625
9473,4,Lando NORRIS,McLaren,90.231,149.35176,138.2058797349172,25,128.73515354283666,327.0,6831.56488230374,3.1717051021627434,60.71687178874417,32.54916955430756,0.9402557055801171,39.70125,26.754999999999995,57.575,4.80625
9473,10,Pierre GASLY,Alpine,91.046,159.33754166666668,175.17018111110767,24,124.31694348189748,324.0,6455.887322260724,3.1087943601386065,60.754092484167764,31.650615366232525,0.9026765443900108,39.70125,26.754999999999995,57.575,4.80625
9473,11,Sergio PEREZ,Red Bull Racing,89.868,170.67022727272726,187.84869537111553,22,113.95817899390609,335.0,5843.6426096307805,2.907635320826861,52.32034890667941,28.542956147687896,0.9446767833671884,39.70125,26.754999999999995,57.575,4.80625
9473,14,Fernando ALONSO,Aston Martin,89.845,148.20221739130434,147.09371059943138,23,119.1793523718485,333.0,5855.760126657904,3.1685386545584895,70.07808579280679,42.37280439718007,0.956625642251165,39.70125,26.754999999999995,57.575,4.80625
9473,16,Charles LECLERC,Ferrari,90.03,162.98895652173914,162.17785542917628,23,119.18622296570678,332.0,6475.0373401840125,2.971083761500777,64.08406022224878,37.11219978492054,0.942346755884813,39.70125,26.754999999999995,57.575,4.80625
9473,18,Lance STROLL,Aston Martin,90.58,220.20870588235294,342.1473172632557,17,89.21137531365754,327.0,4462.650794599116,2.3786593380332177,73.41098100131437,55.67092842633529,0.9628987931652527,39.70125,26.754999999999995,57.575,4.80625
9473,20,Kevin MAGNUSSEN,Haas F1 Team,91.577,210.1434117647059,271.16199795369965,17,89.4453339706058,334.0,4711.309475445095,2.3686820408650973,61.17511052694468,41.0601027601864,0.8642012187836061,39.70125,26.754999999999995,57.575,4.80625
9473,22,Yuki TSUNODA,RB,91.036,154.040625,169.79007464557827,24,123.8788983152109,332.0,6918.050244951607,2.9044091289281875,55.438104910981004,26.879197036682996,0.8961046720038236,39.70125,26.754999999999995,57.575,4.80625
9473,23,Alexander ALBON,Williams,90.747,148.40483999999998,128.9884249726866,25,128.90064523837972,332.0,6560.41187716573,3.4232883259648705,56.10753972995579,31.28139562671765,0.8991516310192377,39.70125,26.754999999999995,57.575,4.80625
9473,24,ZHOU Guanyu,Kick Sauber,91.131,165.55456521739129,164.1271171211711,23,119.795674513084,330.0,6074.941151869996,3.2272075516788146,60.91289281873581,36.878719082327635,0.9067391564105628,39.70125,26.754999999999995,57.575,4.80625
9473,27,Nico HULKENBERG,Haas F1 Team,91.411,207.28344444444443,274.96133505624675,18,94.73312223682639,332.0,4835.434281276138,2.4916955430756365,65.21687178874417,45.691480463615726,0.899988051141116,39.70125,26.754999999999995,57.575,4.80625
9473,31,Esteban OCON,Alpine,90.945,146.16484615384616,124.37949658070112,26,133.85673318198113,326.0,6817.626000716931,3.4232883259648705,59.23138965228821,28.242561835344723,0.9035129645118891,39.70125,26.754999999999995,57.575,4.80625
9473,44,Lewis HAMILTON,Mercedes,90.236,186.911,217.51835816178823,20,104.32184251403991,337.0,5169.831461345441,3.0394312343171226,59.78766877763174,40.715975624327875,0.9136097502688493,39.70125,26.754999999999995,57.575,4.80625
9473,55,Carlos SAINZ,Ferrari,90.164,165.9854347826087,161.18491301521996,23,125.0394703972021,333.0,6655.064139395454,3.203909567824132,61.18498626030477,34.117911566325255,0.9497876592555583,39.70125,26.754999999999995,57.575,4.80625
9473,63,George RUSSELL,Mercedes,89.939,169.0702727272727,163.21143478105097,22,114.31921376508544,334.0,5940.165073485482,2.9901421914207194,59.09708447843231,33.67355717528976,0.8911458955669733,39.70125,26.754999999999995,57.575,4.80625
9473,77,Valtteri BOTTAS,Kick Sauber,90.783,150.88127999999998,143.18879020300997,25,129.19428844545345,329.0,6482.763771059864,3.4060222248775243,61.56553949097861,34.553232166328115,0.909726371131557,39.70125,26.754999999999995,57.575,4.80625
9473,81,Oscar PIASTRI,McLaren,90.977,177.04461904761905,239.0623361501538,21,109.16119010634485,326.0,5761.119966543195,2.9181503166447604,61.72242800812523,38.119727566017445,0.9044091289281874,39.70125,26.754999999999995,57.575,4.80625
9474,1,Max VERSTAPPEN,Red Bull Racing,89.158,144.35403846153847,125.10642075955874,26,107.9670265820946,334.0,5412.348908148937,2.722945819009345,57.18907664746042,34.571248728998206,0.9449958843751514,30.59677419354838,25.370967741935488,59.784946236559136,2.4010752688172046
9474,2,Logan SARGEANT,Williams,89.934,143.76123076923076,118.09769255099702,26,107.66285769621847,330.0,5797.871205151794,2.9127003340918995,69.7482205974919,48.000387352926936,1.0,30.59677419354838,25.370967741935488,59.784946236559136,2.4010752688172046
9474,3,Daniel RICCIARDO,RB,90.088,131.91839285714286,81.12637289101988,28,115.84070110879776,331.0,5991.562484869026,2.8701883503607224,41.23909359415097,14.55284946496877,0.714133539921561,30.59677419354838,25.370967741935488,59.784946236559136,2.4010752688172046
9474,4,Lando NORRIS,McLaren,89.758,171.06104545454548,171.3641031733514,22,91.53096402459691,328.0,5098.987604706338,2.250084733452767,75.12099937055149,56.54655497990607,1.0,30.59677419354838,25.370967741935488,59.784946236559136,2.4010752688172046
9474,10,Pierre GASLY,Alpine,89.528,136.83703571428572,112.48411903289222,28,115.63230523410643,330.0,5803.248874255556,2.8961894155812713,49.50370406236382,21.26083377717523,0.7274003776691038,30.59677419354838,25.370967741935488,59.784946236559136,2.4010752688172046
9474,11,Sergio PEREZ,Red Bull Racing,89.3,145.93773076923077,151.6459678671035,26,107.45654384350942,333.0,5210.375054471506,2.744540744686002,46.08584709243209,22.152326538517407,0.7565486854210042,30.59677419354838,25.370967741935488,59.784946236559136,2.4010752688172046
9474,14,Fernando ALONSO,Aston Martin,88.827,136.71529629629632,116.9196888741615,27,110.97632305234106,331.0,6061.733549605384,2.950515663583983,75.72909504672445,50.97448312593812,1.0,30.59677419354838,25.370967741935488,59.784946236559136,2.4010752688172046
9474,16,Charles LECLERC,Ferrari,89.18,155.10437499999998,151.09644620788086,24,99.6202004551397,331.0,5663.092044739263,2.520941267612453,73.16438289836827,49.1101534885973,0.9874110298745945,30.59677419354838,25.370967741935488,59.784946236559136,2.4010752688172046
9474,18,Lance STROLL,Aston Martin,89.336,144.36223076923076,132.43563835553877,26,107.32881421585242,330.0,5486.7654578027405,2.901854452137704,74.29903645959425,52.02556529317775,1.0,30.59677419354838,25.370967741935488,59.784946236559136,2.4010752688172046
9474,20,Kevin MAGNUSSEN,Haas F1 Team,89.985,162.484347826087,182.79530168722195,23,95.72662567181523,334.0,5417.1948869413645,2.562436449910425,72.99961264707306,50.81837989638309,1.0,30.59677419354838,25.370967741935488,59.784946236559136,2.4010752688172046
9474,22,Yuki TSUNODA,RB,89.666,136.04,98.49335911360461,27,111.37452186123082,333.0,5870.297922819929,2.671718394422118,43.94906309010798,17.062509078584224,0.7233815910521474,30.59677419354838,25.370967741935488,59.784946236559136,2.4010752688172046
9474,23,Alexander ALBON,Williams,89.789,140.50333333333333,127.66453808553334,27,111.58659758872803,331.0,5690.891541180458,2.978598750786811,70.68629254829807,48.28857793056699,1.0,30.59677419354838,25.370967741935488,59.784946236559136,2.4010752688172046
9474,24,ZHOU Guanyu,Kick Sauber,89.777,147.05642307692307,133.42360429306268,26,107.77189754515082,332.0,5333.985329007893,2.875756548685421,49.36382123662422,26.31830726770929,0.729772914346584,30.59677419354838,25.370967741935488,59.784946236559136,2.4010752688172046
9474,27,Nico HULKENBERG,Haas F1 Team,90.077,149.85916,145.71519306885745,25,104.02464532997628,334.0,5826.805209896867,2.7388272890137024,72.48085023967462,49.291822011330076,1.0,30.59677419354838,25.370967741935488,59.784946236559136,2.4010752688172046
9474,31,Esteban OCON,Alpine,89.901,144.4626923076923,129.34255724648082,26,107.7618263690505,330.0,5439.655836924418,2.743475524136929,75.98000290514695,51.658354718442844,0.7269161865104343,30.59677419354838,25.370967741935488,59.784946236559136,2.4010752688172046
9474,44,Lewis HAMILTON,Mercedes,89.504,178.03933333333333,164.7417696160334,21,88.35142594296228,331.0,4629.7708807437175,2.528300973224229,67.7673945673752,51.15092238415726,0.9877015445697962,30.59677419354838,25.370967741935488,59.784946236559136,2.4010752688172046
9474,55,Carlos SAINZ,Ferrari,89.455,149.3668,114.03102397681081,25,103.7051275843703,333.0,5777.288335834987,2.6700721444826416,69.40555851450152,46.17866653754903,1.0,30.59677419354838,25.370967741935488,59.784946236559136,2.4010752688172046
9474,63,George RUSSELL,Mercedes,89.057,159.59460869565214,147.590077187588,23,95.68464629835859,334.0,5225.654771703868,2.493487628915896,73.15610322955503,52.19483852224858,1.0,30.59677419354838,25.370967741935488,59.784946236559136,2.4010752688172046
9474,77,Valtteri BOTTAS,Kick Sauber,90.153,147.87246153846152,128.26547879667714,26,108.0001452573476,330.0,5401.764925192466,2.864474894688423,49.34682612695492,26.105456834358204,0.7306444584321891,30.59677419354838,25.370967741935488,59.784946236559136,2.4010752688172046
9474,81,Oscar PIASTRI,McLaren,89.594,144.28353846153846,120.02296691218046,26,107.85145015252021,328.0,5767.829855226843,2.7319517745605966,74.68876192320728,51.28727061443858,1.0,30.59677419354838,25.370967741935488,59.784946236559136,2.4010752688172046
9475,1,Max VERSTAPPEN,Red Bull Racing,88.412,215.06533333333334,323.28116270859675,12,58.58798376184033,335.0,3283.5748849797023,1.4328010825439783,66.68546684709067,56.32519621109608,0.9847902571041949,39.558536585365864,25.98414634146341,60.34146341463415,4.16219512195122
9475,2,Logan SARGEANT,Williams,147.994,147.994,0.0,1,9.471718538565629,327.0,1393.0600811907984,0.26949932341001354,81.68470906630581,80.76254397834911,0.940297699594046,39.558536585365864,25.98414634146341,60.34146341463415,4.16219512195122
9475,3,Daniel RICCIARDO,RB,89.74,214.14171428571427,356.7801676579869,14,67.26949932341002,334.0,3563.504140730717,1.6875778078484438,45.53986468200271,30.69466847090663,0.6585656292286874,39.558536585365864,25.98414634146341,60.34146341463415,4.16219512195122
9475,4,Lando NORRIS,McLaren,88.971,314.21439999999996,420.4519368182765,10,49.42089309878214,329.0,3444.769905277402,1.26787550744249,75.73320703653586,66.71805142083898,0.9979972936400541,39.558536585365864,25.98414634146341,60.34146341463415,4.16219512195122
9475,10,Pierre GASLY,Alpine,89.546,220.80875,272.996114953774,12,58.364763193504736,331.0,3481.995236806495,1.5026251691474966,83.46056833558863,69.74874154262517,1.0,39.558536585365864,25.98414634146341,60.34146341463415,4.16219512195122
9475,11,Sergio PEREZ,Red Bull Racing,88.906,227.54691666666668,338.06288813657596,12,58.57001353179973,335.0,3233.3491204330176,1.5758051420838972,48.12665764546685,37.07366711772666,0.8368606224627876,39.558536585365864,25.98414634146341,60.34146341463415,4.16219512195122
9475,14,Fernando ALONSO,Aston Martin,89.038,272.64315384615384,370.88324912769355,13,62.8127198917456,333.0,4309.556860622462,1.7074424898511502,62.39518267929635,50.47382949932341,0.852936400541272,39.558536585365864,25.98414634146341,60.34146341463415,4.16219512195122
9475,16,Charles LECLERC,Ferrari,88.608,207.6767142857143,243.69377317516125,14,72.17255751014885,335.0,4531.563247631935,1.8356698240866036,73.30305818673884,56.802598105548036,0.9710960757780784,39.558536585365864,25.98414634146341,60.34146341463415,4.16219512195122
9475,18,Lance STROLL,Aston Martin,89.127,277.1871538461538,377.56079395119036,13,62.64449255751015,332.0,3999.293098782138,1.6850338294993235,63.527307171853856,53.16200270635995,0.8849797023004059,39.558536585365864,25.98414634146341,60.34146341463415,4.16219512195122
9475,20,Kevin MAGNUSSEN,Haas F1 Team,89.485,220.06581818181814,315.30852564196925,11,54.03696887686062,337.0,3376.205250338295,1.4392422192151557,59.98181326116374,48.05650879566982,0.8002165087956699,39.558536585365864,25.98414634146341,60.34146341463415,4.16219512195122
9475,22,Yuki TSUNODA,RB,89.572,184.51335294117646,220.20502972055016,17,80.61358592692828,334.0,4560.490446549391,1.9054939106901219,42.509282814614345,23.86749661705007,0.6760487144790257,39.558536585365864,25.98414634146341,60.34146341463415,4.16219512195122
9475,23,Alexander ALBON,Williams,89.808,244.45463636363638,290.73728971898413,11,58.417970230040595,331.0,3411.4324763193504,1.5389445196211096,58.419756427604874,49.226955345060894,0.8397834912043302,39.558536585365864,25.98414634146341,60.34146341463415,4.16219512195122
9475,24,ZHOU Guanyu,Kick Sauber,90.739,189.584,216.77675099604204,10,50.15799729364005,330.0,2570.1277401894454,1.3555615696887686,58.467604871447904,48.67355886332882,0.7109066305818674,39.558536585365864,25.98414634146341,60.34146341463415,4.16219512195122
9475,27,Nico HULKENBERG,Haas F1 Team,89.675,260.42369999999994,436.1134284892061,10,49.447794316644114,337.0,3272.283897158322,1.3170771312584573,74.73677943166442,64.3680649526387,0.9533964817320704,39.558536585365864,25.98414634146341,60.34146341463415,4.16219512195122
9475,31,Esteban OCON,Alpine,89.575,221.5109166666667,357.78959129318315,12,58.367090663058185,333.0,3289.5088497970232,1.649742895805142,78.19913396481732,65.60952638700947,0.9763464140730718,39.558536585365864,25.98414634146341,60.34146341463415,4.16219512195122
9475,38,Oliver BEARMAN,Ferrari,89.306,180.01000000000002,255.2408095840923,21,99.09824086603518,334.0,5475.813531799729,2.610554803788904,72.71512855209743,49.54782138024357,1.0,39.558536585365864,25.98414634146341,60.34146341463415,4.16219512195122
9475,44,Lewis HAMILTON,Mercedes,89.268,201.8585,372.87826087585955,18,85.54571041948579,335.0,4373.941326116374,2.392313937753721,73.94760487144791,55.910581867388366,0.9878755074424899,39.558536585365864,25.98414634146341,60.34146341463415,4.16219512195122
9475,63,George RUSSELL,Mercedes,88.964,217.102,271.3757282981168,15,76.53640054127199,336.0,4145.404384303112,2.0355615696887686,71.0055751014885,54.67106901217862,0.9567523680649527,39.558536585365864,25.98414634146341,60.34146341463415,4.16219512195122
9475,77,Valtteri BOTTAS,Kick Sauber,90.083,200.08231578947368,225.163761342963,19,94.07848443843031,333.0,4880.765142083897,2.478809201623816,41.470527740189446,20.682002706359945,1.0,39.558536585365864,25.98414634146341,60.34146341463415,4.16219512195122
9475,81,Oscar PIASTRI,McLaren,89.213,256.44770000000005,380.16508149619693,10,49.65428958051421,329.0,3173.205737483085,1.2764276048714478,61.96573748308525,52.50771312584574,0.8396211096075779,39.558536585365864,25.98414634146341,60.34146341463415,4.16219512195122
9476,1,Max VERSTAPPEN,Red Bull Racing,87.472,207.627,230.66821864696647,17,77.65711462450592,333.0,4011.4178801747453,1.951320990222592,32.52569169960474,18.235905970459747,0.825098814229249,30.786170212765963,25.10638297872341,56.0531914893617,1.4734042553191489
9476,2,Logan SARGEANT,Williams,89.526,126.84812500000001,47.00189093121015,8,38.838464738922404,331.0,2571.7707509881425,1.0552839608903681,78.109423757021,71.62637819846057,0.9795610567921781,30.786170212765963,25.10638297872341,56.0531914893617,1.4734042553191489
9476,3,Daniel RICCIARDO,RB,89.025,211.5640909090909,258.19339728212,11,51.50790513833992,334.0,2847.0470147701267,1.2518722696068234,77.37565009361349,65.8314957353859,0.9852298731017266,30.786170212765963,25.10638297872341,56.0531914893617,1.4734042553191489
9476,4,Lando NORRIS,McLaren,88.132,190.84099999999998,175.62824858945666,20,94.76523819429998,327.0,5060.06266902434,2.3349802371541504,53.252652381943,34.739962554607864,0.8613480341169129,30.786170212765963,25.10638297872341,56.0531914893617,1.4734042553191489
9476,10,Pierre GASLY,Alpine,89.479,118.86824999999999,48.86480368770041,8,38.80845641772415,327.0,2557.097670064489,0.985385895568962,75.41257541085916,66.36842105263158,0.8631162887455793,30.786170212765963,25.10638297872341,56.0531914893617,1.4734042553191489
9476,11,Sergio PEREZ,Red Bull Racing,87.807,210.81876470588236,227.60147938512523,17,81.95610567921781,332.0,4298.616548783025,2.0522675265238193,31.842053255668816,15.309756604951113,0.8333159975036405,30.786170212765963,25.10638297872341,56.0531914893617,1.4734042553191489
9476,14,Fernando ALONSO,Aston Martin,87.846,242.75143749999998,296.72898246884495,16,73.19273975452465,331.0,3851.805804035781,1.9316621593509464,62.49027459954233,47.132099022259204,0.8586436446848346,30.786170212765963,25.10638297872341,56.0531914893617,1.4734042553191489
9476,16,Charles LECLERC,Ferrari,87.791,179.42804761904762,158.62153843346033,21,103.85105055127939,332.0,5831.010089452881,2.6306428125650094,63.87138547950905,40.50676097358019,1.0,30.786170212765963,25.10638297872341,56.0531914893617,1.4734042553191489
9476,18,Lance STROLL,Aston Martin,88.25,215.47094444444446,231.3328461804362,18,82.11878510505512,329.0,4397.574422716872,2.16236738090285,58.35879966715207,42.80840441023508,0.8572394424797171,30.786170212765963,25.10638297872341,56.0531914893617,1.4734042553191489
9476,20,Kevin MAGNUSSEN,Haas F1 Team,89.02,179.85860000000002,148.68334444530095,15,73.28624921988767,336.0,4238.647233201581,1.9414915747867694,73.18842313293115,58.56022467235282,1.0,30.786170212765963,25.10638297872341,56.0531914893617,1.4734042553191489
9476,22,Yuki TSUNODA,RB,88.547,210.9900625,236.07093947568723,16,77.40102974828375,333.0,4301.266746411483,1.8499063865196588,48.6919076346994,30.742874973996255,0.7658102766798419,30.786170212765963,25.10638297872341,56.0531914893617,1.4734042553191489
9476,23,Alexander ALBON,Williams,88.98,187.06921428571428,159.8726943987347,14,69.35131058872477,332.0,3784.7116184730603,1.8243187018930727,73.51118161015187,61.700852922820886,0.9868941127522364,30.786170212765963,25.10638297872341,56.0531914893617,1.4734042553191489
9476,24,ZHOU Guanyu,Kick Sauber,121.101,121.101,0.0,1,8.514510089452882,321.0,444.0367172872894,0.23793426253380487,63.99136675681298,62.70168504264614,0.6489494487206158,30.786170212765963,25.10638297872341,56.0531914893617,1.4734042553191489
9476,27,Nico HULKENBERG,Haas F1 Team,89.055,185.141375,164.30956173100327,8,39.418088204701476,338.0,2479.6268462658622,1.0576763053879759,81.83633243187019,73.39900145620969,1.0,30.786170212765963,25.10638297872341,56.0531914893617,1.4734042553191489
9476,31,Esteban OCON,Alpine,89.475,119.33155555555555,45.35104187486549,9,42.90446224256293,332.0,2750.152433950489,1.1033908882879135,73.9112752236322,64.6222175993343,0.8635323486582068,30.786170212765963,25.10638297872341,56.0531914893617,1.4734042553191489
9476,38,Oliver BEARMAN,Ferrari,88.642,165.61568749999998,132.90585602867486,16,77.84454961514459,332.0,4531.179789889744,2.0050447264406075,67.55861244019138,50.824630746827545,1.0,30.786170212765963,25.10638297872341,56.0531914893617,1.4734042553191489
9476,44,Lewis HAMILTON,Mercedes,88.46,171.034,127.80678108485765,22,103.19877262325775,333.0,5098.37528604119,2.851154566257541,70.23101726648638,49.49511129602663,1.0,30.786170212765963,25.10638297872341,56.0531914893617,1.4734042553191489
9476,63,George RUSSELL,Mercedes,88.316,183.60785,136.75768170098345,20,94.74199084668192,332.0,5024.336280424381,2.455429581859788,51.809288537549406,32.78344081547743,0.8273351362596214,30.786170212765963,25.10638297872341,56.0531914893617,1.4734042553191489
9476,77,Valtteri BOTTAS,Kick Sauber,89.179,124.206125,56.78391550526764,8,38.69346785937175,330.0,2050.9962554607864,1.0111816101518618,76.52127106303308,67.99771167048056,0.8639484085708342,30.786170212765963,25.10638297872341,56.0531914893617,1.4734042553191489
9476,81,Oscar PIASTRI,McLaren,88.089,192.25435,177.14894553264352,20,95.00488870397338,327.0,4915.426929477845,2.4244331183690453,57.400093613480344,38.20054087788642,0.8618681090076971,30.786170212765963,25.10638297872341,56.0531914893617,1.4734042553191489
9480,1,Max VERSTAPPEN,Red Bull Racing,91.773,96.87197999999998,16.748708736484733,50,140.71346118609907,331.0,6708.732455872473,3.5881329017284553,45.446008672815,12.602210957063457,0.20839186465522508,31.59315068493151,25.528082191780825,62.33561643835616,1.3027397260273974
9480,2,Logan SARGEANT,Williams,93.026,98.98810204081633,14.196695209348503,49,137.94200818420572,341.0,6700.909637818359,3.6463995602516337,42.23086789226165,13.05735051609357,0.2902949978623343,31.59315068493151,25.528082191780825,62.33561643835616,1.3027397260273974
9480,3,Daniel RICCIARDO,RB,93.323,99.27651020408163,15.47270214666086,49,137.79380687717583,339.0,6738.336529652476,3.424998473095951,41.764184938618456,9.823367739571246,0.22036279240212545,31.59315068493151,25.528082191780825,62.33561643835616,1.3027397260273974
9480,4,Lando NORRIS,McLaren,91.944,97.78912,15.329792620436848,50,140.43727478165272,314.0,6887.794784095768,3.5440359127832406,44.711262444268,10.11457887986319,0.18136566298173823,31.59315068493151,25.528082191780825,62.33561643835616,1.3027397260273974
9480,10,Pierre GASLY,Alpine,121.917,121.917,0.0,1,10.350058022353876,297.0,723.3860013436756,0.2596347645513956,62.717644903194284,60.898186037989376,0.6779759359921822,31.59315068493151,25.528082191780825,62.33561643835616,1.3027397260273974
9480,11,Sergio PEREZ,Red Bull Racing,92.273,97.04702000000002,16.41711232889633,50,140.56892444878764,337.0,6663.666127160569,3.5805899957246687,44.45819336712881,10.99065534721798,0.2122396628595859,31.59315068493151,25.528082191780825,62.33561643835616,1.3027397260273974
9480,14,Fernando ALONSO,Aston Martin,92.387,97.58828000000001,15.851440002775774,50,140.3025407683381,327.0,6804.928907347462,3.665180480058633,43.798295975080926,10.291821901911684,0.1874122030171624,31.59315068493151,25.528082191780825,62.33561643835616,1.3027397260273974
9480,16,Charles LECLERC,Ferrari,91.632,97.24578,16.251929751620267,50,140.6575459598119,334.0,7063.584407255848,3.6076467354791424,58.19290905759482,23.540340804983813,0.45972027117815917,31.59315068493151,25.528082191780825,62.33561643835616,1.3027397260273974
9480,18,Lance STROLL,Aston Martin,95.56,97.2116,2.838926881763602,5,24.852592683075795,312.0,1390.3035485250107,1.191931839003237,62.284645452879744,57.87772552372809,0.6395284920295609,31.59315068493151,25.528082191780825,62.33561643835616,1.3027397260273974
9480,20,Kevin MAGNUSSEN,Haas F1 Team,92.338,98.59028,14.619710917853332,50,140.9072863861235,336.0,6787.774690038478,3.701490258352165,46.26513161912905,14.036401392536494,0.3929334880596103,31.59315068493151,25.528082191780825,62.33561643835616,1.3027397260273974
9480,22,Yuki TSUNODA,RB,93.523,98.9655306122449,14.710046944391637,49,137.948299028889,341.0,6824.958620900263,3.3696023941855495,43.50274842728883,11.981066389788065,0.25957368838942163,31.59315068493151,25.528082191780825,62.33561643835616,1.3027397260273974
9480,23,Alexander ALBON,Williams,92.307,98.64114,14.585756666021819,50,140.63552800342026,344.0,6846.222103463018,3.6946191901300924,41.53508825505405,13.085812007573445,0.2699871740059855,31.59315068493151,25.528082191780825,62.33561643835616,1.3027397260273974
9480,24,ZHOU Guanyu,Kick Sauber,92.208,99.45563265306123,14.66978823865897,49,138.51227630855678,331.0,6664.706467965553,3.6796860685274537,50.67046356806938,19.33903377511757,0.354302815611067,31.59315068493151,25.528082191780825,62.33561643835616,1.3027397260273974
9480,27,Nico HULKENBERG,Haas F1 Team,92.366,98.41516,14.266215858958535,50,140.8535088255054,330.0,6898.256000732914,3.629115006412997,45.51817015818726,12.586209002626275,0.36483845355157885,31.59315068493151,25.528082191780825,62.33561643835616,1.3027397260273974
9480,31,Esteban OCON,Alpine,93.481,98.93420408163264,14.171657980544634,49,135.62975630611373,340.0,6608.337995480364,3.439595675807732,42.80397605814451,12.66450864227692,0.2622915775972638,31.59315068493151,25.528082191780825,62.33561643835616,1.3027397260273974
9480,38,Oliver BEARMAN,Ferrari,92.186,97.72874,14.836525296456713,50,144.14723868954758,339.0,6996.830982839314,3.741185647425897,49.87647425897036,14.657098283931358,0.3585647425897036,31.59315068493151,25.528082191780825,62.33561643835616,1.3027397260273974
9480,44,Lewis HAMILTON,Mercedes,91.746,97.8215,15.085986057596635,50,140.41983753740914,334.0,6806.885848653271,3.7764612471752277,43.863433701826175,12.145849874793868,0.3777560618090759,31.59315068493151,25.528082191780825,62.33561643835616,1.3027397260273974
9480,63,George RUSSELL,Mercedes,92.254,97.67128000000001,15.473017394212418,50,140.45742991510414,340.0,6989.882581078605,3.6446283515543882,43.56187015207964,11.503206498503634,0.20350577169730655,31.59315068493151,25.528082191780825,62.33561643835616,1.3027397260273974
9480,77,Valtteri BOTTAS,Kick Sauber,92.706,99.32116326530613,14.393683728617454,49,138.1669516887559,342.0,6673.41153117938,3.6530263238258107,49.913729921211754,18.316740975997067,0.36404446344591707,31.59315068493151,25.528082191780825,62.33561643835616,1.3027397260273974
9480,81,Oscar PIASTRI,McLaren,92.31,97.51308,15.864278386160525,50,140.5528003420265,334.0,6837.320008550662,3.5612593904599037,43.73752519391682,10.758443779392904,0.26189458254443293,31.59315068493151,25.528082191780825,62.33561643835616,1.3027397260273974
9481,1,Max VERSTAPPEN,Red Bull Racing,78.582,197.85350000000003,273.1984453669469,18,73.0534753546003,322.0,3935.7314819846747,1.8133253627520243,68.28835389381013,54.52094994837237,1.0,33.70987654320987,18.469135802469136,61.01234567901235,1.262962962962963
9481,2,Logan SARGEANT,Williams,79.519,152.84266666666667,169.32259379076305,21,85.36182816151296,321.0,4674.617901201022,2.3930764632356936,58.477311015705666,42.026846367045266,0.9069072333025379,33.70987654320987,18.469135802469136,61.01234567901235,1.262962962962963
9481,3,Daniel RICCIARDO,RB,79.274,152.19558333333333,158.6844117126077,24,96.63496549100593,320.0,5436.734633987283,2.319167436552361,47.58121841204282,24.931905874680723,0.7962610727677844,33.70987654320987,18.469135802469136,61.01234567901235,1.262962962962963
9481,4,Lando NORRIS,McLaren,78.564,172.30913636363638,188.18686700779273,22,88.67490897233846,319.0,4828.433726427911,2.18515298081626,55.09048421281452,36.87864789957067,0.8163686756154557,33.70987654320987,18.469135802469136,61.01234567901235,1.262962962962963
9481,10,Pierre GASLY,Alpine,79.622,156.73350000000002,198.14564251496085,24,96.22667246345307,319.0,5028.692679745666,2.4444867126786587,75.49828813651432,55.34547035487202,1.0,33.70987654320987,18.469135802469136,61.01234567901235,1.262962962962963
9481,11,Sergio PEREZ,Red Bull Racing,78.642,168.30036363636364,200.9388551415456,22,88.59138090321179,325.0,4659.370197271887,2.330797239280474,62.06195315471985,44.11999347861529,1.0,33.70987654320987,18.469135802469136,61.01234567901235,1.262962962962963
9481,14,Fernando ALONSO,Aston Martin,79.716,248.8659285714286,424.44422854455286,14,61.562034672028695,322.0,3378.259768490843,1.5949133199282648,65.23254170968968,52.2969403836748,0.8467474593772077,33.70987654320987,18.469135802469136,61.01234567901235,1.262962962962963
9481,16,Charles LECLERC,Ferrari,78.599,177.82457142857143,236.51633368031528,21,84.79256562143362,318.0,4987.327971305907,2.152274332916689,72.68952774305744,54.327047443073745,1.0,33.70987654320987,18.469135802469136,61.01234567901235,1.262962962962963
9481,18,Lance STROLL,Aston Martin,78.667,147.70756,143.7514016925275,25,99.87065920330417,322.0,5195.357208847346,2.693766643117222,70.06619205477963,50.065105157328404,1.0,33.70987654320987,18.469135802469136,61.01234567901235,1.262962962962963
9481,20,Kevin MAGNUSSEN,Haas F1 Team,79.489,171.4345,213.90175904243983,20,81.22797674039454,320.0,4755.728438671811,2.186131188522363,65.68262594424216,48.48627791967828,0.935112222161839,33.70987654320987,18.469135802469136,61.01234567901235,1.262962962962963
9481,22,Yuki TSUNODA,RB,78.621,146.03232,163.2426143867391,25,100.3034074235096,319.0,5541.904624748655,2.39291342861801,52.784250855931745,28.83365034508994,0.8080539101135807,33.70987654320987,18.469135802469136,61.01234567901235,1.262962962962963
9481,23,Alexander ALBON,Williams,79.443,145.76149999999998,146.5479642855881,10,40.39535894788327,318.0,2271.686593119939,2.396880604314983,87.31949350578773,79.72631922178142,1.0,33.70987654320987,18.469135802469136,61.01234567901235,1.262962962962963
9481,24,ZHOU Guanyu,Kick Sauber,79.989,170.242,216.39385785897647,22,88.41731427639802,316.0,4595.404814955709,2.4011738492473236,56.620401065159506,40.07847399597848,0.8171295038313136,33.70987654320987,18.469135802469136,61.01234567901235,1.262962962962963
9481,27,Nico HULKENBERG,Haas F1 Team,79.604,170.52605,216.37378471697423,20,81.45432313461225,324.0,4691.553339492419,2.1620020651051575,63.83354165534482,48.573229715776314,0.9306015977392533,33.70987654320987,18.469135802469136,61.01234567901235,1.262962962962963
9481,31,Esteban OCON,Alpine,79.561,154.85141666666667,174.2946303513863,24,96.25351883049834,318.0,5270.247975653497,2.500298896799087,73.75762186837672,54.26096407803924,1.0,33.70987654320987,18.469135802469136,61.01234567901235,1.262962962962963
9481,44,Lewis HAMILTON,Mercedes,78.771,201.27063157894736,232.72479806826968,19,77.20754306831151,319.0,3962.694201402098,2.1661322754198142,59.25471441769469,42.94114450301614,0.8177272974294876,33.70987654320987,18.469135802469136,61.01234567901235,1.262962962962963
9481,55,Carlos SAINZ,Ferrari,78.686,179.15494736842106,198.8965191165533,19,89.04456279550024,319.0,5311.499375033965,2.299440247812619,61.929406010542905,45.0792891690669,0.9700016303461768,33.70987654320987,18.469135802469136,61.01234567901235,1.262962962962963
9481,63,George RUSSELL,Mercedes,78.597,189.79270000000002,222.61799017422197,20,80.84897559915223,320.0,4510.22384653008,2.1140698875061137,73.40595619803271,54.49290799413075,1.0,33.70987654320987,18.469135802469136,61.01234567901235,1.262962962962963
9481,77,Valtteri BOTTAS,Kick Sauber,80.014,189.76984210526317,215.67741358633467,19,81.11928699527199,316.0,4322.358676158904,2.1407532199336994,58.95456768653877,42.798978316395846,0.8270202706374653,33.70987654320987,18.469135802469136,61.01234567901235,1.262962962962963
9481,81,Oscar PIASTRI,McLaren,78.918,155.74554166666667,198.67759708150692,24,96.3557415357861,320.0,5271.021085810554,2.4251399380468452,71.08043041139068,52.55910004891039,1.0,33.70987654320987,18.469135802469136,61.01234567901235,1.262962962962963
9482,1,Max VERSTAPPEN,Red Bull Racing,77.658,122.93080000000002,81.18869644574913,20,80.70429548563611,323.0,4316.6134062927495,2.023201094391245,41.88470588235294,25.283502051983586,0.7299589603283174,36.15731707317073,20.157317073170734,56.926829268292686,1.803658536585366
9482,2,Logan SARGEANT,Williams,78.578,136.9643181818182,133.54420873028812,22,88.97400820793433,324.0,4921.734117647059,2.4253351573187416,68.50424076607388,50.54183310533516,1.0,36.15731707317073,20.157317073170734,56.926829268292686,1.803658536585366
9482,3,Daniel RICCIARDO,RB,78.534,126.81024137931034,99.94575574803156,29,115.46161422708619,321.0,6165.030369357045,2.810451436388509,50.86714090287278,22.42889192886457,0.8108891928864569,36.15731707317073,20.157317073170734,56.926829268292686,1.803658536585366
9482,4,Lando NORRIS,McLaren,78.155,153.06040909090913,165.80444567421176,22,88.35775649794802,325.0,4772.547086183311,2.16547195622435,76.5886730506156,57.63808481532148,1.0,36.15731707317073,20.157317073170734,56.926829268292686,1.803658536585366
9482,10,Pierre GASLY,Alpine,78.691,116.2455625,89.08506436720239,32,127.62057455540355,322.0,6532.94730506156,3.2473871409028727,52.4584952120383,21.784952120383036,0.8198632010943913,36.15731707317073,20.157317073170734,56.926829268292686,1.803658536585366
9482,11,Sergio PEREZ,Red Bull Racing,78.09,119.72993548387096,91.75984652690411,31,127.52848153214774,323.0,6512.671244870041,3.3046785225718196,57.344021887824894,28.903310533515732,0.9950205198358413,36.15731707317073,20.157317073170734,56.926829268292686,1.803658536585366
9482,14,Fernando ALONSO,Aston Martin,77.912,124.26423333333335,120.2597952236971,30,119.6037756497948,322.0,5956.963830369357,3.1671135430916553,58.222872777017784,30.725253077975378,0.8496306429548564,36.15731707317073,20.157317073170734,56.926829268292686,1.803658536585366
9482,16,Charles LECLERC,Ferrari,77.277,143.08436,153.19815395647038,25,100.41707250341997,323.0,5602.280820793434,2.5556224350205197,65.87261285909713,42.63113543091655,0.9476880984952121,36.15731707317073,20.157317073170734,56.926829268292686,1.803658536585366
9482,18,Lance STROLL,Aston Martin,77.822,132.09528571428572,135.88221835520883,28,111.89170998632011,324.0,5582.827906976744,3.0143365253077974,53.0644049247606,27.664459644322847,0.8018604651162791,36.15731707317073,20.157317073170734,56.926829268292686,1.803658536585366
9482,20,Kevin MAGNUSSEN,Haas F1 Team,79.275,125.00779999999999,114.30904802373841,30,119.68711354309166,325.0,6469.924541723666,3.1829822161422707,65.91934336525308,39.65570451436388,0.9896032831737346,36.15731707317073,20.157317073170734,56.926829268292686,1.803658536585366
9482,22,Yuki TSUNODA,RB,78.188,144.1275,166.41708048807095,26,103.99901504787962,321.0,5682.186648426813,2.523392612859097,52.11606019151847,26.85658002735978,0.8079343365253078,36.15731707317073,20.157317073170734,56.926829268292686,1.803658536585366
9482,23,Alexander ALBON,Williams,,,,0,0.0,0.0,0.0,0.0,0.0,0.0,0.0,36.15731707317073,20.157317073170734,56.926829268292686,1.803658536585366
9482,24,ZHOU Guanyu,Kick Sauber,78.421,121.97351612903225,98.7399094437473,31,123.4130779753762,322.0,6187.378823529411,3.279343365253078,54.136361149110805,26.723064295485635,0.8203009575923392,36.15731707317073,20.157317073170734,56.926829268292686,1.803658536585366
9482,27,Nico HULKENBERG,Haas F1 Team,78.702,139.7366923076923,166.67663505671212,26,108.31688098495212,325.0,5838.251491108071,2.8491381668946647,64.05986320109439,41.17450068399453,0.9631190150478797,36.15731707317073,20.157317073170734,56.926829268292686,1.803658536585366
9482,31,Esteban OCON,Alpine,78.705,123.30629032258064,114.26523773283598,31,123.37428180574555,323.0,6233.885088919289,3.1986320109439124,53.86123119015048,26.86248974008208,0.8209028727770178,36.15731707317073,20.157317073170734,56.926829268292686,1.803658536585366
9482,44,Lewis HAMILTON,Mercedes,78.834,169.5425909090909,173.27531423868334,22,89.03222982216143,323.0,4510.038248974009,2.544295485636115,52.20601915184678,35.6681805745554,0.8012585499316005,36.15731707317073,20.157317073170734,56.926829268292686,1.803658536585366
9482,55,Carlos SAINZ,Ferrari,77.707,144.96416666666667,155.36198802492055,24,96.62670314637482,322.0,5278.874473324214,2.512722298221614,61.290396716826265,38.65061559507524,0.8952667578659371,36.15731707317073,20.157317073170734,56.926829268292686,1.803658536585366
9482,63,George RUSSELL,Mercedes,77.951,152.38243478260867,185.2489346079382,23,92.49116279069767,322.0,4839.865499316005,2.4219972640218876,53.51671682626539,31.032777017783857,0.7553488372093023,36.15731707317073,20.157317073170734,56.926829268292686,1.803658536585366
9482,77,Valtteri BOTTAS,Kick Sauber,78.585,121.41996666666667,108.7318182264613,30,123.66199726402189,321.0,6127.09367989056,3.255813953488372,57.62998632010944,28.517865937072504,0.8239671682626539,36.15731707317073,20.157317073170734,56.926829268292686,1.803658536585366
9482,81,Oscar PIASTRI,McLaren,78.077,127.98871428571428,137.00681206574495,28,111.74473324213406,325.0,5617.865061559508,2.829110807113543,50.66210670314638,25.0981121751026,0.7765800273597812,36.15731707317073,20.157317073170734,56.926829268292686,1.803658536585366
9483,1,Max VERSTAPPEN,Red Bull Racing,76.734,131.12914814814815,137.19009591390676,27,107.45644371941272,328.0,5454.087330070691,2.7051658510059817,69.17536704730831,46.554866775421424,1.0,27.669135802469132,18.27283950617284,59.39506172839506,1.4333333333333333
9483,3,Daniel RICCIARDO,RB,77.963,135.116,151.65170567663122,19,77.14072865687874,322.0,4200.971234366503,1.8657966286025014,36.407993474714516,18.0752582925503,0.5792278412180533,27.669135802469132,18.27283950617284,59.39506172839506,1.4333333333333333
9483,4,Lando NORRIS,McLaren,77.49,173.4586666666667,206.38463914262553,21,85.25834692767809,320.0,4698.859434475258,2.0826536160957043,56.83132137030995,38.79390973355084,0.8080478520935291,27.669135802469132,18.27283950617284,59.39506172839506,1.4333333333333333
9483,10,Pierre GASLY,Alpine,78.39,142.28016666666664,183.0149791569137,18,73.32332789559543,320.0,3906.231756389342,1.8401305057096249,60.45519303969549,43.635454051114735,0.7944535073409462,27.669135802469132,18.27283950617284,59.39506172839506,1.4333333333333333
9483,11,Sergio PEREZ,Red Bull Racing,77.014,134.2812592592593,138.0620349994597,27,107.48955954323002,328.0,5455.069439912996,2.7750407830342576,52.77058183795541,29.24589450788472,0.876400217509516,27.669135802469132,18.27283950617284,59.39506172839506,1.4333333333333333
9483,14,Fernando ALONSO,Aston Martin,76.997,186.0391052631579,208.62483577941748,19,76.79717237629146,323.0,4050.034801522567,2.005383360522023,65.49738988580751,50.659923871669385,0.8812398042414356,27.669135802469132,18.27283950617284,59.39506172839506,1.4333333333333333
9483,16,Charles LECLERC,Ferrari,76.714,150.6154761904762,139.73596929400514,21,85.02446982055464,325.0,5240.306144643828,2.1480696030451334,67.46699293094073,49.009026644915714,0.9756389342033714,27.669135802469132,18.27283950617284,59.39506172839506,1.4333333333333333
9483,18,Lance STROLL,Aston Martin,77.341,167.2487619047619,171.90315053870827,21,84.44774333877108,323.0,4388.905165851006,2.275584556824361,61.426318651441,45.891462751495375,0.8806960304513323,27.669135802469132,18.27283950617284,59.39506172839506,1.4333333333333333
9483,20,Kevin MAGNUSSEN,Haas F1 Team,77.961,154.89705882352942,162.84204867166457,17,69.78118542686242,327.0,4048.0723762914627,1.8438825448613376,77.07694399129961,63.472974442631866,0.998205546492659,27.669135802469132,18.27283950617284,59.39506172839506,1.4333333333333333
9483,22,Yuki TSUNODA,RB,77.673,139.50594444444448,140.48562075943423,18,73.59771615008157,322.0,4225.724796084829,1.7221859706362153,36.42544861337684,18.351277868406743,0.5744426318651441,27.669135802469132,18.27283950617284,59.39506172839506,1.4333333333333333
9483,23,Alexander ALBON,Williams,77.759,139.38604545454547,131.31406699708953,22,88.9678629690049,326.0,4934.287275693311,2.3629146275149537,65.24328439369222,48.46568787384448,0.9408917890157694,27.669135802469132,18.27283950617284,59.39506172839506,1.4333333333333333
9483,24,ZHOU Guanyu,Kick Sauber,77.876,204.3888333333333,236.31433297440694,18,73.65084284937465,321.0,3982.947743338771,1.991299619358347,53.37020119630234,41.45013594344753,0.7911364872213159,27.669135802469132,18.27283950617284,59.39506172839506,1.4333333333333333
9483,27,Nico HULKENBERG,Haas F1 Team,77.941,163.10287499999998,178.66667390803295,16,65.73670473083197,328.0,3814.1231647634586,0.0,51.62691680261011,38.78412180532899,0.7481783578031539,27.669135802469132,18.27283950617284,59.39506172839506,1.4333333333333333
9483,31,Esteban OCON,Alpine,77.92,153.23652941176468,227.5442053890441,17,69.74839586731919,324.0,3523.4707993474713,1.8240348015225667,39.37117998912452,24.900489396411093,0.5866775421424687,27.669135802469132,18.27283950617284,59.39506172839506,1.4333333333333333
9483,44,Lewis HAMILTON,Mercedes,76.806,140.86157894736843,131.2954151062709,19,77.83088635127787,325.0,4080.8273518216424,2.290483958673192,53.55475802066341,39.93191952147907,0.8102773246329527,27.669135802469132,18.27283950617284,59.39506172839506,1.4333333333333333
9483,55,Carlos SAINZ,Ferrari,76.791,165.26484210526317,188.2120064284348,19,77.17640021750951,326.0,4575.714246873301,1.9852093529091899,63.05774877650897,45.97694399129962,0.8873300706905927,27.669135802469132,18.27283950617284,59.39506172839506,1.4333333333333333
9483,63,George RUSSELL,Mercedes,76.886,128.9883181818182,95.757663100134,22,88.9342577487765,319.0,4848.766775421424,2.316693855356172,36.42196846112017,16.910929853181077,0.622294725394236,27.669135802469132,18.27283950617284,59.39506172839506,1.4333333333333333
9483,77,Valtteri BOTTAS,Kick Sauber,77.752,191.85842105263157,227.6879912563441,19,77.40483958673192,323.0,4028.7060358890703,2.057911908646003,57.79184339314845,42.39086460032627,0.8,27.669135802469132,18.27283950617284,59.39506172839506,1.4333333333333333
9483,81,Oscar PIASTRI,McLaren,77.087,209.426,219.22194443556765,18,73.46394779771614,322.0,4561.988798259924,1.9155519303969548,67.38189233278956,52.71277868406743,1.0,27.669135802469132,18.27283950617284,59.39506172839506,1.4333333333333333
9484,1,Max VERSTAPPEN,Red Bull Racing,75.915,174.75065,212.86710080899655,20,83.98766891891891,329.0,4343.420157657658,2.1007882882882885,53.68536036036036,36.984234234234236,0.8985923423423423,34.414102564102556,18.742307692307687,53.58974358974359,1.4794871794871793
9484,3,Daniel RICCIARDO,RB,77.466,145.4374,103.45283718990021,5,24.09572072072072,322.0,1331.7876126126125,0.5756193693693694,64.74588963963964,58.8009009009009,0.7425675675675676,34.414102564102556,18.742307692307687,53.58974358974359,1.4794871794871793
9484,4,Lando NORRIS,McLaren,76.315,190.60149999999996,166.93044472915125,18,76.28057432432432,323.0,4138.683051801801,1.8696509009009008,78.57387387387388,62.9259009009009,1.0,34.414102564102556,18.742307692307687,53.58974358974359,1.4794871794871793
9484,10,Pierre GASLY,Alpine,77.982,108.64588888888889,52.89175460093409,9,44.20760135135135,325.0,2465.808783783784,1.114864864864865,70.61948198198198,60.831756756756754,0.8421734234234234,34.414102564102556,18.742307692307687,53.58974358974359,1.4794871794871793
9484,11,Sergio PEREZ,Red Bull Racing,76.274,166.49304761904764,170.33387460639267,21,88.15731981981982,330.0,4483.981193693694,2.2295608108108107,45.161204954954954,26.72027027027027,0.8699324324324325,34.414102564102556,18.742307692307687,53.58974358974359,1.4794871794871793
9484,14,Fernando ALONSO,Aston Martin,76.71,175.7074,209.2084023139128,20,83.87314189189189,324.0,4259.601970720721,2.161036036036036,58.29588963963964,39.68626126126126,0.7849662162162162,34.414102564102556,18.742307692307687,53.58974358974359,1.4794871794871793
9484,16,Charles LECLERC,Ferrari,76.304,177.98805263157894,191.65054171136688,19,80.68338963963964,324.0,4710.7027027027025,2.0600225225225226,63.179054054054056,44.84279279279279,0.9846846846846847,34.414102564102556,18.742307692307687,53.58974358974359,1.4794871794871793
9484,18,Lance STROLL,Aston Martin,76.78,160.51281818181818,178.84068661740574,22,91.96356981981982,324.0,4568.20045045045,2.4383445945945947,56.80647522522523,37.17274774774775,0.7918355855855855,34.414102564102556,18.742307692307687,53.58974358974359,1.4794871794871793
9484,20,Kevin MAGNUSSEN,Haas F1 Team,77.427,194.8696666666667,198.9493091884351,12,51.97618243243243,328.0,3103.2581644144143,1.3525337837837839,78.23445945945946,66.30698198198198,0.9717905405405406,34.414102564102556,18.742307692307687,53.58974358974359,1.4794871794871793
9484,22,Yuki TSUNODA,RB,76.788,194.25176470588235,161.12171784875207,17,71.91424549549549,323.0,3946.7269707207206,1.7041103603603605,40.45084459459459,22.63400900900901,0.742454954954955,34.414102564102556,18.742307692307687,53.58974358974359,1.4794871794871793
9484,23,Alexander ALBON,Williams,77.13,157.0643846153846,150.42928840106927,13,60.31390765765766,324.0,3349.7101351351353,1.5982545045045045,78.4705518018018,68.39887387387387,1.0,34.414102564102556,18.742307692307687,53.58974358974359,1.4794871794871793
9484,24,ZHOU Guanyu,Kick Sauber,78.188,126.110125,81.94877255858916,8,36.27252252252252,324.0,1919.3076576576577,0.9746621621621622,70.56092342342342,63.866216216216216,0.8039414414414414,34.414102564102556,18.742307692307687,53.58974358974359,1.4794871794871793
9484,27,Nico HULKENBERG,Haas F1 Team,77.976,152.85716666666667,149.93169628024697,6,32.20506756756757,329.0,2066.2889076576575,0.8382882882882883,87.9563063063063,81.48153153153153,1.0,34.414102564102556,18.742307692307687,53.58974358974359,1.4794871794871793
9484,31,Esteban OCON,Alpine,77.617,120.12536842105264,78.90823334148845,19,84.13057432432433,326.0,4816.759009009009,2.231813063063063,70.75968468468469,54.011936936936934,1.0,34.414102564102556,18.742307692307687,53.58974358974359,1.4794871794871793
9484,44,Lewis HAMILTON,Mercedes,76.96,144.37885714285713,125.70635268062354,14,60.36942567567568,321.0,3248.2938626126124,1.7153153153153153,71.9705518018018,59.99189189189189,0.930518018018018,34.414102564102556,18.742307692307687,53.58974358974359,1.4794871794871793
9484,55,Carlos SAINZ,Ferrari,76.185,201.99229411764705,249.93822659486102,17,72.52376126126126,324.0,4297.044763513513,1.8639076576576576,52.480743243243246,37.24707207207207,0.994481981981982,34.414102564102556,18.742307692307687,53.58974358974359,1.4794871794871793
9484,63,George RUSSELL,Mercedes,76.724,149.44336363636364,120.68486399015545,22,91.92240990990992,323.0,4838.7967342342345,2.400506756756757,49.79853603603603,28.785585585585586,0.7472972972972973,34.414102564102556,18.742307692307687,53.58974358974359,1.4794871794871793
9484,77,Valtteri BOTTAS,Kick Sauber,77.34,165.7855,149.46780497138602,14,60.288738738738736,324.0,3137.0502815315317,1.598704954954955,62.607657657657654,50.490990990990994,0.8048423423423423,34.414102564102556,18.742307692307687,53.58974358974359,1.4794871794871793
9484,81,Oscar PIASTRI,McLaren,76.572,200.23005882352942,175.88144506606133,17,72.08057432432433,326.0,3735.16768018018,1.8259572072072072,54.84802927927928,40.41126126126126,0.7733671171171171,34.414102564102556,18.742307692307687,53.58974358974359,1.4794871794871793
9488,1,Max VERSTAPPEN,Red Bull Racing,83.115,85.045,2.072936081986132,3,19.654032108101408,320.0,1175.7152110580796,0.4940804562077729,61.158371040723985,58.440959523957105,0.157565238951218,38.40208333333333,20.62222222222222,44.451388888888886,0.9534722222222223
9488,3,Daniel RICCIARDO,RB,81.239,84.89101754385966,6.048004294563672,57,135.58773941610363,334.0,6631.609341102089,3.3843364532325046,54.054515589165064,20.26950970061365,0.33790987417095397,38.40208333333333,20.62222222222222,44.451388888888886,0.9534722222222223
9488,4,Lando NORRIS,McLaren,79.915,83.33163793103448,5.34292998107772,58,137.4039546271617,324.0,6975.027118328891,3.4198537159858673,53.94622822785595,20.534804438108225,0.3422488067935288,38.40208333333333,20.62222222222222,44.451388888888886,0.9534722222222223
9488,10,Pierre GASLY,Alpine,81.09,85.31935087719299,7.4649530979154965,57,135.45506105498046,337.0,6688.687751813054,3.453573420938449,43.97006136490423,10.67129486146408,0.3291080394223021,38.40208333333333,20.62222222222222,44.451388888888886,0.9534722222222223
9488,11,Sergio PEREZ,Red Bull Racing,80.388,84.20165517241381,6.77737400715189,58,137.74620343395526,339.0,6566.726461290523,3.5316742081447963,43.837630942788074,11.16345379036757,0.2679600818198723,38.40208333333333,20.62222222222222,44.451388888888886,0.9534722222222223
9488,14,Fernando ALONSO,Aston Martin,80.493,84.6247931034483,7.49862585746864,58,135.21099609496065,331.0,6692.110549804748,3.541901692183723,55.109124155457756,22.662988904729435,0.38821050021694664,38.40208333333333,20.62222222222222,44.451388888888886,0.9534722222222223
9488,16,Charles LECLERC,Ferrari,79.813,83.27034482758621,5.206383868343,58,137.98726213351515,332.0,6987.304964978615,3.560342155829666,58.41954379222711,23.88334469720449,0.5004958780140085,38.40208333333333,20.62222222222222,44.451388888888886,0.9534722222222223
9488,18,Lance STROLL,Aston Martin,80.93,84.83670689655172,6.694519129826101,58,137.51428748527863,332.0,6677.091613463088,3.674951961817393,53.31999628091489,20.38318973532511,0.35923262877332174,38.40208333333333,20.62222222222222,44.451388888888886,0.9534722222222223
9488,20,Kevin MAGNUSSEN,Haas F1 Team,81.082,84.76063157894738,5.7368863020991885,57,135.51283084361248,338.0,6695.94725097626,3.5951465939378915,54.843736440835556,23.30205169528296,0.5278311535362301,38.40208333333333,20.62222222222222,44.451388888888886,0.9534722222222223
9488,22,Yuki TSUNODA,RB,81.134,84.8778448275862,6.31660542784603,58,137.77164817454906,334.0,6743.893603173619,3.435783797185892,44.413748217938384,9.146593937891279,0.19931196925556313,38.40208333333333,20.62222222222222,44.451388888888886,0.9534722222222223
9488,23,Alexander ALBON,Williams,81.618,84.7777543859649,5.5038621568338835,57,135.2860596293312,332.0,6640.852073389946,3.570197731358086,53.31742391371723,23.358581788879935,0.3408231575032542,38.40208333333333,20.62222222222222,44.451388888888886,0.9534722222222223
9488,24,ZHOU Guanyu,Kick Sauber,81.327,85.22223214285714,7.333798114578518,56,133.5710655178826,332.0,6348.393665158371,3.49882228971673,68.97430732039918,36.75559412384553,0.12601500030992377,38.40208333333333,20.62222222222222,44.451388888888886,0.9534722222222223
9488,27,Nico HULKENBERG,Haas F1 Team,81.145,85.03225862068966,6.940901324160719,58,137.85718713196553,336.0,6940.228847703465,3.562139713630447,56.68031364284386,24.146407983636024,0.48816091241554577,38.40208333333333,20.62222222222222,44.451388888888886,0.9534722222222223
9488,31,Esteban OCON,Alpine,81.354,85.63584210526315,7.758551055695979,57,135.47306762536417,335.0,6524.094712700676,3.521973594495754,47.25357961941362,16.56356536292072,0.2955432963490981,38.40208333333333,20.62222222222222,44.451388888888886,0.9534722222222223
9488,44,Lewis HAMILTON,Mercedes,82.444,85.25726666666668,4.252328765381257,15,45.26740221905411,331.0,2429.5964482737245,4.26610053926734,66.6218620219426,57.136180499597096,0.6998698320213228,38.40208333333333,20.62222222222222,44.451388888888886,0.9534722222222223
9488,55,Carlos SAINZ,Ferrari,80.031,83.22706896551725,5.595378936543943,58,137.90624806297652,325.0,6928.237060683072,3.581169032418025,59.027366267898095,23.99181801276886,0.45072212235789993,38.40208333333333,20.62222222222222,44.451388888888886,0.9534722222222223
9488,63,George RUSSELL,Mercedes,80.284,83.66280357142857,4.00008696967794,56,134.6422859976446,331.0,6661.369646067067,3.7524948862579803,54.078658649972105,19.025723671976692,0.48617740035951157,38.40208333333333,20.62222222222222,44.451388888888886,0.9534722222222223
9488,77,Valtteri BOTTAS,Kick Sauber,81.422,85.43161403508772,8.251578353546387,57,135.5556313146966,327.0,6502.617585074072,3.599609496063968,51.00644641418211,17.75367259654125,0.3836856133391186,38.40208333333333,20.62222222222222,44.451388888888886,0.9534722222222223
9488,81,Oscar PIASTRI,McLaren,80.199,83.8461551724138,6.575253410094246,58,137.54580673154405,330.0,6843.540290088638,3.4849686977003658,55.19512799851237,21.795078410710964,0.30766131531643215,38.40208333333333,20.62222222222222,44.451388888888886,0.9534722222222223
9489,1,Max VERSTAPPEN,Red Bull Racing,90.056,220.6237058823529,270.39794280886537,17,78.33279662428517,324.0,4235.872244739326,1.9689634112486813,50.11942701682305,34.69635222919327,1.0,24.296249999999997,16.566250000000004,42.6875,1.3625
9489,2,Logan SARGEANT,Williams,93.204,174.793,161.12897235211923,8,41.187885181278105,324.0,2381.083226916884,1.1939925601021597,85.23002609516406,79.11054355671534,1.0,24.296249999999997,16.566250000000004,42.6875,1.3625
9489,4,Lando NORRIS,McLaren,91.24,187.45699999999997,235.7408592359415,20,95.81627894064738,320.0,5201.518072289156,2.386152906557104,51.91860529676309,32.957636999611346,0.8353228582532897,24.296249999999997,16.566250000000004,42.6875,1.3625
9489,10,Pierre GASLY,Alpine,92.277,169.5180909090909,209.4579624736861,22,100.20187663094775,318.0,6073.000943867636,2.8143912053744935,61.130642385209036,42.23840986064072,1.0,24.296249999999997,16.566250000000004,42.6875,1.3625
9489,11,Sergio PEREZ,Red Bull Racing,90.237,215.6511176470588,313.3222272153105,17,78.24235189606351,324.0,4272.701182610627,2.048359335961357,55.35361723391261,41.3291877186164,1.0,24.296249999999997,16.566250000000004,42.6875,1.3625
9489,14,Fernando ALONSO,Aston Martin,90.599,197.3022105263158,314.4221457868686,19,87.12792182555106,323.0,4586.857920159902,2.3691077674754317,59.99800122147577,43.39103880961635,0.8634723224696019,24.296249999999997,16.566250000000004,42.6875,1.3625
9489,16,Charles LECLERC,Ferrari,90.558,217.52858823529414,379.9709430782459,17,78.30975514963077,320.0,4748.886069624119,2.029370939981123,73.88307145633225,56.483704402864916,0.9978346565987453,24.296249999999997,16.566250000000004,42.6875,1.3625
9489,18,Lance STROLL,Aston Martin,92.055,255.2695333333333,339.0737016875764,15,74.28399311531841,321.0,4173.04247404364,1.999167175614902,55.47743045916384,41.320748431514076,0.8553106434956416,24.296249999999997,16.566250000000004,42.6875,1.3625
9489,20,Kevin MAGNUSSEN,Haas F1 Team,92.803,198.5566842105263,349.17783943535477,19,91.62761645660984,324.0,4954.379767919605,2.485370051635112,52.790794514463386,36.930098273277444,0.8320470823385708,24.296249999999997,16.566250000000004,42.6875,1.3625
9489,22,Yuki TSUNODA,RB,91.23,192.54426315789473,258.37539282985784,19,87.03064793737161,319.0,5005.588418188884,2.10948864582755,54.32402420742879,35.03392371328633,0.8234412303592249,24.296249999999997,16.566250000000004,42.6875,1.3625
9489,23,Alexander ALBON,Williams,91.943,207.1250625,211.34498811347194,16,78.07773027594249,319.0,4506.655710399201,2.0743989784020878,68.91199822330798,59.28732441285881,1.0,24.296249999999997,16.566250000000004,42.6875,1.3625
9489,24,ZHOU Guanyu,Kick Sauber,92.638,238.1723125,269.5077430566047,16,78.40353117539281,321.0,5080.526289489756,2.122258619732386,73.19271556271168,61.0300371994892,1.0,24.296249999999997,16.566250000000004,42.6875,1.3625
9489,27,Nico HULKENBERG,Haas F1 Team,91.958,207.52823529411765,227.7036585008034,17,82.89034478929543,328.0,4974.901893287435,2.202043195824774,66.02814946421631,51.68485925267892,1.0,24.296249999999997,16.566250000000004,42.6875,1.3625
9489,31,Esteban OCON,Alpine,91.935,205.58855555555556,352.7628246131169,18,82.9935594914219,319.0,4917.128754649936,2.1830547998445393,63.985120204319585,48.82371883848759,1.0,24.296249999999997,16.566250000000004,42.6875,1.3625
9489,40,Ayumu IWASA,RB,92.103,181.08964999999998,212.67094899145837,20,95.80162123146965,318.0,5284.010104935873,2.3726611515185163,55.05219032813281,34.64704902559547,0.8424851479651324,24.296249999999997,16.566250000000004,42.6875,1.3625
9489,44,Lewis HAMILTON,Mercedes,90.543,179.57123809523807,208.6477518874939,21,99.62506246182888,319.0,5261.284326245072,2.7921825551052133,70.17117317195047,49.179279329298765,1.0,24.296249999999997,16.566250000000004,42.6875,1.3625
9489,55,Carlos SAINZ,Ferrari,90.269,193.05226315789474,317.54916658963674,19,87.03242462939315,319.0,5126.112042640609,2.2508467047915164,71.02193104214092,53.39470323691078,1.0,24.296249999999997,16.566250000000004,42.6875,1.3625
9489,63,George RUSSELL,Mercedes,90.53,219.40935294117645,339.9719881815423,17,78.8065071345289,320.0,4597.973960357559,2.084781522402976,71.5504413969241,54.38032313586142,1.0,24.296249999999997,16.566250000000004,42.6875,1.3625
9489,77,Valtteri BOTTAS,Kick Sauber,92.054,231.8863125,285.42282060736636,16,73.65648770195992,319.0,3944.2192548997837,1.954139137193937,63.153295208483705,48.81905502193104,0.8375992449058909,24.296249999999997,16.566250000000004,42.6875,1.3625
9489,81,Oscar PIASTRI,McLaren,91.165,177.09242857142857,209.66756441580182,21,99.83560046638165,320.0,5456.618566431625,2.5005274554438954,51.494975292876575,33.51351951585142,0.830436955194048,24.296249999999997,16.566250000000004,42.6875,1.3625
9490,1,Max VERSTAPPEN,Red Bull Racing,,,,0,0.0,0.0,208.99180413447485,0.0,91.66506577573607,91.71935685946961,0.9645541866778033,16.752325581395347,13.02093023255814,72.95348837209302,1.0046511627906978
9490,2,Logan SARGEANT,Williams,,,,0,0.0,0.0,0.0,0.0,0.0,0.0,0.0,16.752325581395347,13.02093023255814,72.95348837209302,1.0046511627906978
9490,3,Daniel RICCIARDO,RB,101.913,356.096125,427.1582618258827,8,36.69215911463771,310.0,2234.666684067655,0.9029024848611401,51.28194821465859,44.76383378575903,0.6779599081227814,16.752325581395347,13.02093023255814,72.95348837209302,1.0046511627906978
9490,4,Lando NORRIS,McLaren,104.977,121.412,16.435000000000002,2,12.397055752766757,316.0,2632.4021716433494,0.30235957402380453,76.27458759657549,74.63833785759032,0.8131655878053874,16.752325581395347,13.02093023255814,72.95348837209302,1.0046511627906978
9490,10,Pierre GASLY,Alpine,,,,0,0.0,0.0,677.376853205262,0.019732720818542493,47.412403424514515,47.412403424514515,0.47901440801837547,16.752325581395347,13.02093023255814,72.95348837209302,1.0046511627906978
9490,11,Sergio PEREZ,Red Bull Racing,,,,0,0.0,0.0,200.58002714554186,0.0,84.52035915640009,84.63311756107747,0.976091041971184,16.752325581395347,13.02093023255814,72.95348837209302,1.0046511627906978
9490,14,Fernando ALONSO,Aston Martin,,,,0,0.0,0.0,501.8315410315306,0.0,63.25454165796617,63.30883274169973,0.6854249321361453,16.752325581395347,13.02093023255814,72.95348837209302,1.0046511627906978
9490,16,Charles LECLERC,Ferrari,98.76,120.64566666666667,15.489059500893594,3,16.370693255376906,311.0,2482.895228648987,0.4179369388181249,86.61510753810816,83.73627062017123,1.0,16.752325581395347,13.02093023255814,72.95348837209302,1.0046511627906978
9490,18,Lance STROLL,Aston Martin,,,,0,0.35190018793067446,145.0,1038.3659427855503,0.017435790352892045,88.24436207976613,88.21027354353727,1.0,16.752325581395347,13.02093023255814,72.95348837209302,1.0046511627906978
9490,20,Kevin MAGNUSSEN,Haas F1 Team,150.472,251.40466666666669,123.65159107032235,3,16.522342869074965,277.0,2477.1149509292127,0.50198371267488,84.89820421799958,85.29818333681354,0.7513050741282105,16.752325581395347,13.02093023255814,72.95348837209302,1.0046511627906978
9490,22,Yuki TSUNODA,RB,100.946,298.9387142857143,423.9666824142517,7,32.76080601378158,310.0,2024.4706619335977,0.7739611609939444,39.93793067446231,34.07872207141366,0.5314783879724368,16.752325581395347,13.02093023255814,72.95348837209302,1.0046511627906978
9490,23,Alexander ALBON,Williams,123.821,467.88899999999995,433.9764136701441,4,20.624347462935894,319.0,1514.3811338484027,0.5453643766965963,54.73689705575276,53.79223219878889,0.6776466903320109,16.752325581395347,13.02093023255814,72.95348837209302,1.0046511627906978
9490,24,ZHOU Guanyu,Kick Sauber,123.317,345.578,219.9132365585725,6,28.925558571726874,293.0,1805.3261119231572,0.81175610774692,31.421799958237628,29.42869074963458,0.5333054917519315,16.752325581395347,13.02093023255814,72.95348837209302,1.0046511627906978
9490,27,Nico HULKENBERG,Haas F1 Team,109.473,170.40625,81.24004471741445,4,20.50234913343078,316.0,2151.928429734809,0.5413447483817081,83.41981624556274,81.68970557527668,1.0,16.752325581395347,13.02093023255814,72.95348837209302,1.0046511627906978
9490,31,Esteban OCON,Alpine,119.113,138.05700000000002,18.944000000000003,2,12.238932971392774,302.0,1252.2968782626854,0.4643453748172896,47.89872624765086,46.83942367926498,0.572092294842347,16.752325581395347,13.02093023255814,72.95348837209302,1.0046511627906978
9490,44,Lewis HAMILTON,Mercedes,95.226,615.6734,990.0111900269814,5,24.49937356441846,316.0,1399.5513155147212,0.7067237419085404,62.85237001461683,59.183545625391524,0.7199310920860305,16.752325581395347,13.02093023255814,72.95348837209302,1.0046511627906978
9490,55,Carlos SAINZ,Ferrari,112.579,130.024,17.445,2,12.440593025683858,313.0,2553.9010231781167,0.322457715598246,84.003654207559,82.77469200250574,1.0,16.752325581395347,13.02093023255814,72.95348837209302,1.0046511627906978
9490,63,George RUSSELL,Mercedes,,,,0,0.0,0.0,570.8333681353101,0.0,61.83754437252036,61.83754437252036,0.6394341198580079,16.752325581395347,13.02093023255814,72.95348837209302,1.0046511627906978
9490,77,Valtteri BOTTAS,Kick Sauber,116.059,342.63866666666667,225.65488119003516,6,28.952965128419294,315.0,1826.9832950511588,0.7956253915222384,34.40457297974525,32.707454583420336,0.5181666318646899,16.752325581395347,13.02093023255814,72.95348837209302,1.0046511627906978
9490,81,Oscar PIASTRI,McLaren,94.725,361.4543333333333,564.2056155509463,6,29.48982042179996,315.0,2281.814627270829,0.7088640634788056,44.38437043224055,39.76007517226979,0.5768949676341616,16.752325581395347,13.02093023255814,72.95348837209302,1.0046511627906978
9491,1,Max VERSTAPPEN,Red Bull Racing,89.563,170.3028181818182,162.85378518129698,22,100.47141274238227,327.0,5426.705595567867,2.555678670360111,42.333684210526314,23.235013850415513,0.8925761772853186,26.660759493670884,17.38227848101266,66.10126582278481,1.3746835443037975
9491,2,Logan SARGEANT,Williams,91.452,176.58547368421054,169.64545671033997,19,87.75534626038781,330.0,5008.52432132964,2.4730193905817175,42.58819944598338,28.784044321329638,0.8254293628808864,26.660759493670884,17.38227848101266,66.10126582278481,1.3746835443037975
9491,3,Daniel RICCIARDO,RB,90.682,143.9176956521739,104.83317131412623,23,104.82116343490304,325.0,5758.812354570637,2.6077008310249306,43.994182825484764,19.630138504155124,0.7573961218836565,26.660759493670884,17.38227848101266,66.10126582278481,1.3746835443037975
9491,4,Lando NORRIS,McLaren,90.137,225.0603076923077,238.2599808190736,13,60.65373961218837,317.0,3545.7460941828253,1.4953462603878116,40.45839335180055,30.4407756232687,0.6612742382271468,26.660759493670884,17.38227848101266,66.10126582278481,1.3746835443037975
9491,10,Pierre GASLY,Alpine,91.141,156.81961111111116,167.91735902525218,18,83.0026592797784,324.0,4942.453573407202,2.4402770083102494,65.48421052631579,49.660720221606645,0.9772853185595568,26.660759493670884,17.38227848101266,66.10126582278481,1.3746835443037975
9491,11,Sergio PEREZ,Red Bull Racing,89.832,156.71520833333332,153.49153196022988,24,109.16398891966759,325.0,5701.842271468144,2.8914681440443215,52.17623268698061,31.151246537396123,0.9637119113573407,26.660759493670884,17.38227848101266,66.10126582278481,1.3746835443037975
9491,14,Fernando ALONSO,Aston Martin,90.082,139.25352173913043,109.38330018786533,23,105.15795013850415,326.0,5341.967867036011,2.84404432132964,59.87667590027701,39.73518005540166,0.8802770083102494,26.660759493670884,17.38227848101266,66.10126582278481,1.3746835443037975
9491,16,Charles LECLERC,Ferrari,90.383,152.77645833333335,162.1569903406313,24,109.51191135734072,321.0,6042.860831024931,2.8049861495844874,70.49645429362882,44.75168975069252,1.0,26.660759493670884,17.38227848101266,66.10126582278481,1.3746835443037975
9491,18,Lance STROLL,Aston Martin,91.342,161.22881818181818,155.82748597950948,22,100.3605540166205,324.0,5240.24731301939,2.724487534626039,55.12476454293629,35.90182825484764,0.8604986149584487,26.660759493670884,17.38227848101266,66.10126582278481,1.3746835443037975
9491,20,Kevin MAGNUSSEN,Haas F1 Team,91.462,179.5952380952381,234.83111670221643,21,95.80166204986149,329.0,5147.323102493075,2.5736842105263156,63.12326869806094,44.86559556786704,0.9212742382271468,26.660759493670884,17.38227848101266,66.10126582278481,1.3746835443037975
9491,22,Yuki TSUNODA,RB,90.341,167.12789999999998,164.4797115023309,20,91.35684210526315,322.0,5149.379224376731,2.2126315789473683,47.322548476454294,25.88409972299169,0.7572853185595568,26.660759493670884,17.38227848101266,66.10126582278481,1.3746835443037975
9491,23,Alexander ALBON,Williams,90.533,167.4438636363636,144.14654156709457,22,99.8019944598338,330.0,5576.353573407202,2.6431024930747924,61.89584487534626,47.85462603878116,1.0,26.660759493670884,17.38227848101266,66.10126582278481,1.3746835443037975
9491,24,ZHOU Guanyu,Kick Sauber,91.067,142.10986666666668,134.12406336913932,15,70.34426592797784,321.0,3610.196842105263,1.8802770083102494,68.33313019390582,54.138725761772854,0.8531301939058171,26.660759493670884,17.38227848101266,66.10126582278481,1.3746835443037975
9491,27,Nico HULKENBERG,Haas F1 Team,91.139,189.75115,253.48448966658194,20,91.47440443213297,327.0,4864.072188365651,2.3818282548476453,58.00426592797784,40.34814404432133,0.8439335180055402,26.660759493670884,17.38227848101266,66.10126582278481,1.3746835443037975
9491,31,Esteban OCON,Alpine,91.022,167.47335294117644,199.13103501875375,17,78.22404432132964,322.0,4973.490415512465,2.3424930747922437,57.74509695290859,43.15634349030471,0.9093628808864266,26.660759493670884,17.38227848101266,66.10126582278481,1.3746835443037975
9491,44,Lewis HAMILTON,Mercedes,90.037,181.35175,176.9249625863674,20,92.02786703601107,322.0,4921.040055401662,2.615235457063712,66.3997783933518,47.91224376731302,0.9829362880886426,26.660759493670884,17.38227848101266,66.10126582278481,1.3746835443037975
9491,55,Carlos SAINZ,Ferrari,90.171,145.75084615384614,133.6524812949016,26,117.73495844875346,322.0,6533.905706371191,3.0486426592797784,68.73313019390582,43.58825484764543,1.0,26.660759493670884,17.38227848101266,66.10126582278481,1.3746835443037975
9491,63,George RUSSELL,Mercedes,89.918,165.837,197.12681815654037,23,105.03235457063712,327.0,5607.5216066482,2.8478116343490303,69.30975069252078,46.61008310249307,1.0,26.660759493670884,17.38227848101266,66.10126582278481,1.3746835443037975
9491,77,Valtteri BOTTAS,Kick Sauber,90.546,151.31284,147.03699888876403,25,113.14908587257618,322.0,5861.239168975069,3.0464819944598336,53.64409972299169,31.170304709141273,0.8544598337950139,26.660759493670884,17.38227848101266,66.10126582278481,1.3746835443037975
9491,81,Oscar PIASTRI,McLaren,90.226,168.8795,153.64042229549776,18,83.28099722991689,319.0,4442.887867036011,2.1137950138504156,42.49268698060942,26.33662049861496,0.6951246537396122,26.660759493670884,17.38227848101266,66.10126582278481,1.3746835443037975
9492,1,Max VERSTAPPEN,Red Bull Racing,88.197,302.60118181818183,387.6266702107767,11,54.910782608695655,326.0,2968.1884057971015,1.3764057971014492,53.04046376811594,43.37368115942029,1.0,26.710526315789473,17.53947368421053,58.10526315789474,1.6302631578947366
9492,2,Logan SARGEANT,Williams,90.139,137.19559999999998,73.42423455944228,5,27.995652173913044,322.0,2242.150666666667,0.7822608695652173,80.16649275362319,76.54330434782608,1.0,26.710526315789473,17.53947368421053,58.10526315789474,1.6302631578947366
9492,3,Daniel RICCIARDO,RB,89.472,188.3272727272727,151.12760351383432,11,54.99507246376812,323.0,3156.362898550725,1.329391304347826,50.451942028985506,38.24626086956522,0.7891014492753623,26.710526315789473,17.53947368421053,58.10526315789474,1.6302631578947366
9492,4,Lando NORRIS,McLaren,88.489,268.86083333333335,302.8219651100938,12,59.32069565217391,320.0,3513.740579710145,1.4470144927536233,50.55344927536232,41.25286956521739,0.7863188405797101,26.710526315789473,17.53947368421053,58.10526315789474,1.6302631578947366
9492,10,Pierre GASLY,Alpine,90.119,144.1416,81.30121150290444,5,27.630840579710146,322.0,1763.3459710144928,0.7537391304347826,86.7119420289855,81.6176231884058,1.0,26.710526315789473,17.53947368421053,58.10526315789474,1.6302631578947366
9492,11,Sergio PEREZ,Red Bull Racing,88.263,303.39336363636363,388.6212179205474,11,54.637159420289855,326.0,2936.693565217391,1.392463768115942,38.712057971014495,27.79942028985507,0.8907246376811594,26.710526315789473,17.53947368421053,58.10526315789474,1.6302631578947366
9492,14,Fernando ALONSO,Aston Martin,88.686,301.4207272727273,375.63721408248796,11,54.69130434782609,326.0,3038.664927536232,1.454840579710145,57.11373913043478,48.60846376811594,0.7881159420289855,26.710526315789473,17.53947368421053,58.10526315789474,1.6302631578947366
9492,16,Charles LECLERC,Ferrari,88.786,285.40981818181814,357.27850369827183,11,54.640521739130435,322.0,3400.214956521739,1.4115942028985506,64.52968115942029,52.73808695652174,1.0,26.710526315789473,17.53947368421053,58.10526315789474,1.6302631578947366
9492,18,Lance STROLL,Aston Martin,90.024,153.5428,101.37641287676341,5,27.51849275362319,321.0,1625.1065507246376,0.7423768115942029,64.62747826086957,60.16023188405797,0.786608695652174,26.710526315789473,17.53947368421053,58.10526315789474,1.6302631578947366
9492,20,Kevin MAGNUSSEN,Haas F1 Team,90.131,135.7055,66.03717561343761,8,41.47379710144928,328.0,2452.7487536231883,1.1158260869565217,87.10904347826087,79.24614492753624,1.0,26.710526315789473,17.53947368421053,58.10526315789474,1.6302631578947366
9492,22,Yuki TSUNODA,RB,89.413,190.6426470588235,151.10534464831878,17,82.40817391304348,324.0,4668.296173913043,2.0441159420289856,40.4576231884058,21.610434782608696,0.7870724637681159,26.710526315789473,17.53947368421053,58.10526315789474,1.6302631578947366
9492,23,Alexander ALBON,Williams,89.714,273.663125,394.14652726094056,8,41.39002898550724,326.0,2329.003652173913,1.1067246376811595,83.87344927536232,78.7239420289855,1.0,26.710526315789473,17.53947368421053,58.10526315789474,1.6302631578947366
9492,24,ZHOU Guanyu,Kick Sauber,90.143,150.2816,95.11355994094637,5,27.538666666666668,321.0,1543.1240579710145,0.7324057971014493,68.24173913043478,63.781565217391304,0.7800579710144927,26.710526315789473,17.53947368421053,58.10526315789474,1.6302631578947366
9492,27,Nico HULKENBERG,Haas F1 Team,89.494,184.95154545454545,143.5286572268369,11,55.14197101449275,328.0,3845.1171594202897,1.4815072463768115,74.25791304347825,64.752,1.0,26.710526315789473,17.53947368421053,58.10526315789474,1.6302631578947366
9492,31,Esteban OCON,Alpine,89.811,188.40309090909093,148.41346927446526,11,54.86857971014493,324.0,3648.5557101449276,1.5008115942028986,71.66979710144928,62.08486956521739,1.0,26.710526315789473,17.53947368421053,58.10526315789474,1.6302631578947366
9492,44,Lewis HAMILTON,Mercedes,88.766,241.31464285714284,280.9542530249382,14,68.47060869565217,321.0,3659.9282898550723,1.9916521739130435,74.58046376811595,61.315246376811594,1.0,26.710526315789473,17.53947368421053,58.10526315789474,1.6302631578947366
9492,55,Carlos SAINZ,Ferrari,88.682,302.56745454545455,391.5169836096429,11,54.69982608695652,322.0,3515.257043478261,1.3940289855072463,61.62631884057971,51.011478260869566,1.0,26.710526315789473,17.53947368421053,58.10526315789474,1.6302631578947366
9492,63,George RUSSELL,Mercedes,89.008,241.7813571428571,282.0205792953534,14,68.40498550724638,322.0,3779.3922898550722,1.9491014492753622,75.80492753623189,61.51002898550725,1.0,26.710526315789473,17.53947368421053,58.10526315789474,1.6302631578947366
9492,77,Valtteri BOTTAS,Kick Sauber,89.593,186.9527272727273,151.02268841353902,11,54.912231884057974,322.0,3059.6351304347827,1.5066086956521738,55.195246376811596,45.924173913043475,0.779768115942029,26.710526315789473,17.53947368421053,58.10526315789474,1.6302631578947366
9492,81,Oscar PIASTRI,McLaren,88.76,304.28172727272727,386.1778353050905,11,54.691420289855074,319.0,3053.8106666666667,1.3700289855072463,58.24811594202899,49.118840579710145,0.7882318840579711,26.710526315789473,17.53947368421053,58.10526315789474,1.6302631578947366
9496,1,Max VERSTAPPEN,Red Bull Racing,93.706,129.51069811320755,219.65585238273152,53,110.52680266809485,324.0,5550.166098641609,2.8374068844637033,33.296679487803694,11.972929548663519,0.2897171235211062,37.50110497237569,21.691160220994476,43.430939226519335,2.2408839779005527
9496,2,Logan SARGEANT,Williams,94.9,133.40096153846156,220.51949138873113,52,108.42626223282535,329.0,5622.30834023078,3.1415112712400797,42.608208773552754,23.658795462291252,0.42012756219874386,37.50110497237569,21.691160220994476,43.430939226519335,2.2408839779005527
9496,3,Daniel RICCIARDO,RB,,,,0,8.070573056137105,304.0,560.4923803495789,3.452626710161157,69.85958420565753,69.41652466040216,0.7408101660256098,37.50110497237569,21.691160220994476,43.430939226519335,2.2408839779005527
9496,4,Lando NORRIS,McLaren,95.186,130.07184905660375,219.50067218115123,53,110.15460830614927,326.0,5895.176663907688,2.8113101903695408,42.07079215151663,20.54656994011393,0.38845610789230245,37.50110497237569,21.691160220994476,43.430939226519335,2.2408839779005527
9496,10,Pierre GASLY,Alpine,96.642,133.05971153846156,221.384295270111,52,108.52899362189007,327.0,5586.838794488534,2.8306636155606406,33.1325770485418,11.98101173377477,0.40946492039534543,37.50110497237569,21.691160220994476,43.430939226519335,2.2408839779005527
9496,11,Sergio PEREZ,Red Bull Racing,93.945,129.74579245283022,219.64959623406347,53,110.29536491552656,326.0,5439.385291396855,2.9012123277666877,32.836895661911484,11.419738059301816,0.2930035542139345,37.50110497237569,21.691160220994476,43.430939226519335,2.2408839779005527
9496,14,Fernando ALONSO,Aston Martin,94.726,130.34788679245284,219.98606789510436,53,110.36467208724865,329.0,5720.951604265057,2.9250693802035155,43.45644870733726,22.248892351136863,0.38044695457422467,37.50110497237569,21.691160220994476,43.430939226519335,2.2408839779005527
9496,16,Charles LECLERC,Ferrari,95.044,130.0113962264151,219.61206996345953,53,110.25023126734506,327.0,5824.881225960368,2.8848045182336044,48.09250693802035,25.1840888066605,0.482788840742003,37.50110497237569,21.691160220994476,43.430939226519335,2.2408839779005527
9496,18,Lance STROLL,Aston Martin,95.798,132.21676923076924,221.1044853255178,52,108.31678757485759,333.0,5528.102512293685,2.929061784897025,32.36623009883636,11.897171235211061,0.309119236574322,37.50110497237569,21.691160220994476,43.430939226519335,2.2408839779005527
9496,20,Kevin MAGNUSSEN,Haas F1 Team,96.654,132.34686538461537,220.6839686315312,52,108.27131311164126,334.0,5756.4561078923025,2.9118506256390284,42.507692682214326,24.503724621451873,0.4977847022737232,37.50110497237569,21.691160220994476,43.430939226519335,2.2408839779005527
9496,22,Yuki TSUNODA,RB,96.342,102.26541176470589,17.64062572605973,51,108.48799844198841,330.0,5504.344734407712,2.7863576610351037,32.9245581576513,11.225376113734846,0.29356346462826816,37.50110497237569,21.691160220994476,43.430939226519335,2.2408839779005527
9496,23,Alexander ALBON,Williams,,,,0,8.280685525098592,304.0,710.8927406397585,0.22620380739081747,80.75668240907542,80.96401966989629,0.8545206679974683,37.50110497237569,21.691160220994476,43.430939226519335,2.2408839779005527
9496,24,ZHOU Guanyu,Kick Sauber,97.16,247.45550000000003,438.6342215619411,12,30.60363211451385,329.0,1862.6160962072156,0.8184673061005892,57.650713277179996,54.57402989434734,0.44342470422123764,37.50110497237569,21.691160220994476,43.430939226519335,2.2408839779005527
9496,27,Nico HULKENBERG,Haas F1 Team,95.325,132.13903846153843,221.08286164841542,52,108.5241004917474,336.0,5919.027581673889,2.838039826671211,44.26476459418667,25.184478309557427,0.5243682749890453,37.50110497237569,21.691160220994476,43.430939226519335,2.2408839779005527
9496,31,Esteban OCON,Alpine,96.232,132.79273076923076,221.3947771047765,52,108.5449632406641,325.0,5479.149471736696,2.8879205414090268,33.40522907639126,13.602901796582112,0.2739179122644725,37.50110497237569,21.691160220994476,43.430939226519335,2.2408839779005527
9496,44,Lewis HAMILTON,Mercedes,93.952,130.4273396226415,219.34913897134302,53,110.36944349773601,325.0,5589.658698086567,3.0857880130483473,40.942986513462195,18.638395248064658,0.358780855932616,37.50110497237569,21.691160220994476,43.430939226519335,2.2408839779005527
9496,55,Carlos SAINZ,Ferrari,93.841,129.90381132075476,219.73369820471117,53,110.27311456253956,327.0,5853.875772919811,2.8904523102390574,44.879327133745555,23.93320025317688,0.4754126296314329,37.50110497237569,21.691160220994476,43.430939226519335,2.2408839779005527
9496,63,George RUSSELL,Mercedes,94.404,130.3765849056604,219.20835373692788,53,110.45912653975364,334.0,5735.852159306685,2.963240664102439,40.66514922829739,17.274745605920444,0.37535907298310534,37.50110497237569,21.691160220994476,43.430939226519335,2.2408839779005527
9496,77,Valtteri BOTTAS,Kick Sauber,96.608,132.36350000000002,221.0412500797689,52,108.46942402259117,325.0,5537.649203953454,2.9162081892984077,41.69762403232874,22.21227907882565,0.4494376551925605,37.50110497237569,21.691160220994476,43.430939226519335,2.2408839779005527
9496,81,Oscar PIASTRI,McLaren,94.802,130.40654716981132,219.92339295974634,53,110.38524270899265,324.0,5884.286844539656,2.826671210867131,41.527167827060715,20.51122255221773,0.4028920590096889,37.50110497237569,21.691160220994476,43.430939226519335,2.2408839779005527
9663,1,Max VERSTAPPEN,Red Bull Racing,96.66,161.33752173913044,146.36236087246806,23,101.58181221991474,322.0,5990.757022625424,2.5501694174226692,42.494097715597334,26.000655809378074,1.0,39.46829268292684,23.142682926829266,22.865853658536587,1.3536585365853657
9663,2,Logan SARGEANT,Williams,98.286,170.02166666666668,135.1619677678928,21,93.37736364630014,322.0,5449.267570226254,2.580281998032572,58.76494698874194,45.17389878675265,1.0,39.46829268292684,23.142682926829266,22.865853658536587,1.3536585365853657
9663,3,Daniel RICCIARDO,RB,97.238,155.00247826086957,128.8008816104953,23,101.15056290304952,323.0,5893.548748497104,2.484479178052246,44.49218493824462,25.062192589354026,0.8064815826866324,39.46829268292684,23.142682926829266,22.865853658536587,1.3536585365853657
9663,4,Lando NORRIS,McLaren,98.63,192.63326315789473,207.0454080462448,19,85.29762815608264,324.0,5339.464914198273,2.1782708492731446,50.06481582686632,36.68553940321347,0.8863263744671549,39.46829268292684,23.142682926829266,22.865853658536587,1.3536585365853657
9663,10,Pierre GASLY,Alpine,99.276,188.67015789473686,223.17424523010646,19,85.20390206579954,316.0,5169.117772434146,2.167231391408897,67.79134331620942,50.41294130506066,1.0,39.46829268292684,23.142682926829266,22.865853658536587,1.3536585365853657
9663,11,Sergio PEREZ,Red Bull Racing,96.69,166.88863636363638,158.31606350719193,22,96.95294567712318,322.0,5414.290359602142,2.5409334353481254,50.22756585419172,32.93256093562138,1.0,39.46829268292684,23.142682926829266,22.865853658536587,1.3536585365853657
9663,14,Fernando ALONSO,Aston Martin,98.936,177.70995000000002,196.20867785153519,20,88.98988960542135,325.0,5046.518471964149,2.327576784348016,58.29489561700732,44.68029292818888,0.9092797026997486,39.46829268292684,23.142682926829266,22.865853658536587,1.3536585365853657
9663,16,Charles LECLERC,Ferrari,98.09,175.31938888888888,169.72820453240297,18,81.16559186796371,323.0,5182.331784894524,2.0947644551317084,66.57186577768061,52.54781943381791,1.0,39.46829268292684,23.142682926829266,22.865853658536587,1.3536585365853657
9663,18,Lance STROLL,Aston Martin,96.302,189.1995,238.1842535132203,20,84.22024264946988,328.0,4626.1614930593505,2.32938026013772,69.76123073559953,56.60902830910482,1.0,39.46829268292684,23.142682926829266,22.865853658536587,1.3536585365853657
9663,20,Kevin MAGNUSSEN,Haas F1 Team,97.118,181.35776190476193,208.91416154554156,21,93.46513280139906,328.0,5499.632364192808,2.5720297300251396,65.25674937151601,48.65209312493169,1.0,39.46829268292684,23.142682926829266,22.865853658536587,1.3536585365853657
9663,22,Yuki TSUNODA,RB,98.006,147.6192,102.15714829966623,25,109.50950923598208,320.0,6482.352552191496,2.682369657886108,41.68635916493606,19.665100010930157,0.8154989616351513,39.46829268292684,23.142682926829266,22.865853658536587,1.3536585365853657
9663,23,Alexander ALBON,Williams,97.229,174.04770588235291,170.24980400118793,17,77.24494480271068,322.0,4551.11864684665,2.206361350967319,65.50300579298283,55.87758224942617,1.0,39.46829268292684,23.142682926829266,22.865853658536587,1.3536585365853657
9663,24,ZHOU Guanyu,Kick Sauber,97.626,174.51959090909094,199.4393916818429,22,97.51994753524976,322.0,5451.245218056618,2.6365176522024263,48.776860859110286,34.12241775057383,0.8461033992786097,39.46829268292684,23.142682926829266,22.865853658536587,1.3536585365853657
9663,27,Nico HULKENBERG,Haas F1 Team,97.101,177.8678095238095,199.2814615377717,21,11.258826101213247,266.0,577.8860531205596,0.0,5.323423324953547,4.518526614930593,0.06443327139578096,39.46829268292684,23.142682926829266,22.865853658536587,1.3536585365853657
9663,31,Esteban OCON,Alpine,97.213,181.34438095238096,204.1600213248879,21,93.30965132801398,321.0,5722.113181768499,2.400371625314242,62.92059241447153,46.32856049841513,1.0,39.46829268292684,23.142682926829266,22.865853658536587,1.3536585365853657
9663,44,Lewis HAMILTON,Mercedes,98.839,164.5599090909091,142.1611112224146,22,97.08700404415784,320.0,5360.9189528910265,2.888239151819871,59.46950486391955,45.730680948737565,1.0,39.46829268292684,23.142682926829266,22.865853658536587,1.3536585365853657
9663,55,Carlos SAINZ,Ferrari,98.284,193.31323529411765,210.4498457376566,17,77.26123073559953,324.0,5177.018526614931,1.969231610012023,64.50174882500819,51.576784348016176,0.9720734506503443,39.46829268292684,23.142682926829266,22.865853658536587,1.3536585365853657
9663,63,George RUSSELL,Mercedes,98.806,183.86745000000002,211.2950443130352,20,85.54907640179255,321.0,5118.832932560936,2.277407366925347,64.98524428899333,49.54115203847415,1.0,39.46829268292684,23.142682926829266,22.865853658536587,1.3536585365853657
9663,77,Valtteri BOTTAS,Kick Sauber,97.53,170.5278181818182,183.71738908062923,22,97.23193791671221,322.0,5373.710241556454,2.6782708492731446,48.98016176631326,33.241447152694285,0.8464859547491529,39.46829268292684,23.142682926829266,22.865853658536587,1.3536585365853657
9663,81,Oscar PIASTRI,McLaren,96.629,162.21831818181815,129.77209180797286,22,97.75855284730572,320.0,5911.296863045141,2.5231719313586183,60.92179473166466,45.923707509017376,1.0,39.46829268292684,23.142682926829266,22.865853658536587,1.3536585365853657
9668,1,Max VERSTAPPEN,Red Bull Racing,95.606,266.93089999999995,302.0910751629217,10,56.53299300434865,322.0,3531.5962059620597,1.3814205583916304,40.89449801474759,34.60490325833491,1.0,26.81142857142857,19.377142857142857,40.8,0.7957142857142857
9668,2,Logan SARGEANT,Williams,97.923,139.5246,54.85370778206338,5,28.331253545093592,319.0,1880.2126425915421,0.7675679082372219,85.14873637108464,81.28871242200795,1.0,26.81142857142857,19.377142857142857,40.8,0.7957142857142857
9668,3,Daniel RICCIARDO,RB,96.553,190.54512499999998,208.91055461574786,8,42.27522531039264,323.0,2729.0497888699815,1.0323942774311463,55.34146341463415,47.17917690804815,0.7799836137896262,26.81142857142857,19.377142857142857,40.8,0.7957142857142857
9668,4,Lando NORRIS,McLaren,96.047,240.14116666666666,271.4804906964874,12,61.13940883594883,319.0,3766.310203567152,1.4657465179302955,45.40719732778723,37.41274342975988,0.7864750740530662,26.81142857142857,19.377142857142857,40.8,0.7957142857142857
9668,10,Pierre GASLY,Alpine,97.632,118.33420000000001,16.775957026649778,5,28.348900233188377,315.0,2203.800529400643,0.7676939560093275,62.862797000063026,43.769332577046704,0.7970630869099389,26.81142857142857,19.377142857142857,40.8,0.7957142857142857
9668,11,Sergio PEREZ,Red Bull Racing,95.781,266.6445,300.71083875319493,10,56.17369382996156,322.0,3358.567908237222,1.5130774563559588,36.55832860654188,28.689985504506208,0.9868910317010147,26.81142857142857,19.377142857142857,40.8,0.7957142857142857
9668,14,Fernando ALONSO,Aston Martin,96.119,221.15046153846154,232.48922767058247,13,65.84836453015693,323.0,4145.427364971324,1.6579063465053254,41.03189008634273,33.11678326085586,0.7746896073611899,26.81142857142857,19.377142857142857,40.8,0.7957142857142857
9668,16,Charles LECLERC,Ferrari,95.711,215.7506923076923,229.89024508042112,13,70.6326967920842,319.0,4890.793911892607,1.8429444759563876,56.21850381294511,46.38482384823848,1.0,26.81142857142857,19.377142857142857,40.8,0.7957142857142857
9668,18,Lance STROLL,Aston Martin,96.677,217.10242857142856,255.15898876798764,7,37.45263754963131,323.0,2190.694775319846,1.0271632948887628,57.30251465305351,51.76731581269301,0.7738072729564505,26.81142857142857,19.377142857142857,40.8,0.7957142857142857
9668,20,Kevin MAGNUSSEN,Haas F1 Team,96.473,185.53455555555556,176.33542687989154,9,47.1736308060755,322.0,3226.6999432785024,1.3145522152895948,75.85365853658537,68.35293376189576,1.0,26.81142857142857,19.377142857142857,40.8,0.7957142857142857
9668,22,Yuki TSUNODA,RB,97.892,119.3404,17.15697896017828,5,28.343858322304154,320.0,1721.3812945106195,0.6904896955946304,69.16896703850759,63.56614356841243,0.784458309699376,26.81142857142857,19.377142857142857,40.8,0.7957142857142857
9668,23,Alexander ALBON,Williams,97.812,139.292,53.62406725715609,5,28.348206970441797,322.0,1941.9795172370327,0.7630932123274721,84.23911262368438,81.21913405180564,1.0,26.81142857142857,19.377142857142857,40.8,0.7957142857142857
9668,24,ZHOU Guanyu,Kick Sauber,96.307,203.6277142857143,218.11311761804063,14,75.57408457805508,320.0,4727.879750425412,1.9998109283418415,43.45616688725027,40.91056910569106,0.8135753450557761,26.81142857142857,19.377142857142857,40.8,0.7957142857142857
9668,27,Nico HULKENBERG,Haas F1 Team,96.478,191.6278888888889,193.1798255416983,9,46.9978571878742,323.0,3497.6785781811304,1.2083569672906032,74.96029495178672,71.36925694838344,1.0,26.81142857142857,19.377142857142857,40.8,0.7957142857142857
9668,31,Esteban OCON,Alpine,97.72,117.1556,15.882614553026213,5,28.255940001260477,317.0,2168.231486733472,0.7623999495808912,67.47463288586374,62.767000693262744,0.7995840423520514,26.81142857142857,19.377142857142857,40.8,0.7957142857142857
9668,44,Lewis HAMILTON,Mercedes,96.287,216.05935714285715,203.5053850388265,14,71.23696981155858,321.0,4557.914161467196,2.0869099388668304,54.09277116026974,44.92972836705111,0.9792021176025714,26.81142857142857,19.377142857142857,40.8,0.7957142857142857
9668,55,Carlos SAINZ,Ferrari,96.052,212.81253846153848,228.56533006951642,13,71.31757736182013,321.0,4806.88088485536,1.8304657465179304,56.030377513077454,46.798764731833366,1.0,26.81142857142857,19.377142857142857,40.8,0.7957142857142857
9668,63,George RUSSELL,Mercedes,96.345,197.9157777777778,196.1614817642613,9,47.644041091573705,320.0,3702.299363458751,1.2468645616688725,69.16934518182391,61.42509611142623,0.9899161782315498,26.81142857142857,19.377142857142857,40.8,0.7957142857142857
9668,77,Valtteri BOTTAS,Kick Sauber,96.056,203.86885714285714,220.503107122215,14,75.46499023129766,320.0,4640.135123211698,2.0658599609251906,42.83702023066742,37.953236276548814,0.8127560345370896,26.81142857142857,19.377142857142857,40.8,0.7957142857142857
9668,81,Oscar PIASTRI,McLaren,95.853,210.33853846153846,220.444273468067,13,70.77084515031197,320.0,4298.187685132665,1.7863490262809605,42.307997731140105,32.99123967983866,0.801411735047583,26.81142857142857,19.377142857142857,40.8,0.7957142857142857
9672,1,Max VERSTAPPEN,Red Bull Racing,100.331,101.32005263157896,0.7804140246442876,19,88.5115840815874,336.0,4751.579758341647,2.31609577652145,36.4381997561246,22.406385101429997,0.42046336326349626,26.964999999999996,19.765,69.5375,2.5787500000000003
9672,2,Logan SARGEANT,Williams,102.516,103.76215789473686,2.355833705666311,19,87.35727746369582,337.0,4899.406828511252,2.325130251635074,42.13778960203968,28.86730961090788,0.4211284779957876,26.964999999999996,19.765,69.5375,2.5787500000000003
9672,3,Daniel RICCIARDO,RB,102.234,103.30989473684211,1.7309801572257093,19,87.36952666001552,344.0,4895.606141226028,2.1764771089679638,26.552433211395634,9.511362376676644,0.27768540073162623,26.964999999999996,19.765,69.5375,2.5787500000000003
9672,4,Lando NORRIS,McLaren,100.951,102.48815789473684,1.3943596252556008,19,88.25839707349517,340.0,4981.890256069172,2.204301075268817,25.693714665779847,10.902338986808557,0.5144662454273362,26.964999999999996,19.765,69.5375,2.5787500000000003
9672,10,Pierre GASLY,Alpine,102.017,103.47142105263157,2.1250677590630898,19,87.91841259283893,343.0,4935.853730185124,2.2932601707127813,27.10979935705576,10.364704578206407,0.2854450726083583,26.964999999999996,19.765,69.5375,2.5787500000000003
9672,11,Sergio PEREZ,Red Bull Racing,101.065,102.12657894736843,0.9838292168754907,19,88.2472564017293,342.0,4742.169548830507,2.3010198425895134,35.298913645937255,19.669437978051214,0.36681077485866315,26.964999999999996,19.765,69.5375,2.5787500000000003
9672,14,Fernando ALONSO,Aston Martin,100.537,104.11123529411765,6.306272307411479,17,76.09732845582529,337.0,4365.5674537191,1.9457377230905664,28.0758785057089,15.24265602483095,0.27352843365480545,26.964999999999996,19.765,69.5375,2.5787500000000003
9672,16,Charles LECLERC,Ferrari,101.003,102.24452631578947,1.1910003035229206,19,88.0752688172043,347.0,5184.015796474892,2.3196984813213612,46.494956213280126,33.12714776632303,0.622381110741603,26.964999999999996,19.765,69.5375,2.5787500000000003
9672,18,Lance STROLL,Aston Martin,102.258,103.44205263157893,1.9078962090738403,19,87.42589513357721,348.0,4739.95654583749,2.416417248642057,24.880334774415253,11.534197982485312,0.2891586298636515,26.964999999999996,19.765,69.5375,2.5787500000000003
9672,20,Kevin MAGNUSSEN,Haas F1 Team,102.092,103.28326315789474,1.5215053087098103,19,87.68141004323246,322.0,5121.087905997118,2.432158297306285,46.25069282784614,31.695820862432104,0.5926726526992573,26.964999999999996,19.765,69.5375,2.5787500000000003
9672,22,Yuki TSUNODA,RB,102.056,103.5232105263158,2.2037886893387992,19,87.8862099545505,341.0,4851.10442301297,2.218157632191553,27.358552266932712,10.364704578206407,0.24969515574769982,26.964999999999996,19.765,69.5375,2.5787500000000003
9672,23,Alexander ALBON,Williams,102.389,103.5854736842105,2.250448899510378,19,87.48708568894801,338.0,4847.373295643499,2.357111185012748,42.07515796474892,30.104866422791265,0.37878284003990687,26.964999999999996,19.765,69.5375,2.5787500000000003
9672,24,ZHOU Guanyu,Kick Sauber,101.502,103.00005263157895,1.3971207035857056,19,88.15752133909766,331.0,4813.037523556147,2.3664227912648266,34.61489857000333,19.702915419576545,0.39291652810109745,26.964999999999996,19.765,69.5375,2.5787500000000003
9672,27,Nico HULKENBERG,Haas F1 Team,102.315,103.93536842105263,1.7736489954336425,19,87.88260724975058,338.0,5303.744429664117,2.209400288216384,51.01429996674426,36.65003879835938,0.6364039463474116,26.964999999999996,19.765,69.5375,2.5787500000000003
9672,31,Esteban OCON,Alpine,102.191,103.4125789473684,1.9900723952922301,19,87.57903780068729,343.0,4812.881997561246,2.3927502494180244,41.22763551712671,26.97239773860991,0.44983926393969625,26.964999999999996,19.765,69.5375,2.5787500000000003
9672,44,Lewis HAMILTON,Mercedes,100.42,102.0072105263158,0.7635163513878174,19,88.45266600155193,316.0,4828.425728854894,2.516849573218047,38.955714444074935,22.957321804677974,0.2913756789712892,26.964999999999996,19.765,69.5375,2.5787500000000003
9672,55,Carlos SAINZ,Ferrari,100.962,102.402,1.100768774419423,19,88.34863097217604,334.0,5115.587240882385,2.3305620219487864,48.188781731515355,34.15563684735617,0.6371799135350849,26.964999999999996,19.765,69.5375,2.5787500000000003
9672,63,George RUSSELL,Mercedes,101.505,102.67336842105263,1.7473713855396529,19,88.54301075268818,338.0,5061.898237445959,2.341647267486975,42.166555814211286,25.669659682961978,0.4025052654916306,26.964999999999996,19.765,69.5375,2.5787500000000003
9672,77,Valtteri BOTTAS,Kick Sauber,102.14,103.33752631578949,1.5352366650547842,19,87.40826959317148,334.0,4754.870302627203,2.4155304289990025,34.944573772309056,21.28854894135905,0.5110298193104977,26.964999999999996,19.765,69.5375,2.5787500000000003
9672,81,Oscar PIASTRI,McLaren,101.107,102.62342105263158,1.358906461123466,19,88.39319365923956,316.0,4988.274415253298,2.2704245649041126,41.4853120496619,26.32767985810886,0.5944462919853675,26.964999999999996,19.765,69.5375,2.5787500000000003
9664,1,Max VERSTAPPEN,Red Bull Racing,93.66,257.95700000000005,249.2111822889876,16,67.5176187797269,336.0,4013.6422032424693,1.7172300925689152,26.51843706848054,16.54395744898481,0.890298163964609,33.88837209302326,22.094186046511627,55.43023255813954,1.6569767441860468
9664,2,Logan SARGEANT,Williams,96.358,157.69416666666666,70.2499443805632,6,26.113742136756507,333.0,1968.6100342658415,0.7305272848156293,70.48821152764282,67.68905027361531,0.9070219403672071,33.88837209302326,22.094186046511627,55.43023255813954,1.6569767441860468
9664,3,Daniel RICCIARDO,RB,94.934,285.1502,320.3827720255257,10,44.83705825193065,337.0,2743.2441569068687,1.0985015087198895,59.17521607937401,50.298573108985835,0.8253976371912238,33.88837209302326,22.094186046511627,55.43023255813954,1.6569767441860468
9664,4,Lando NORRIS,McLaren,94.165,342.30458333333337,501.4524566492584,12,55.75962767861709,332.0,3543.9813327878073,1.3607630542627729,73.78755178233519,66.79056922211426,1.0,33.88837209302326,22.094186046511627,55.43023255813954,1.6569767441860468
9664,10,Pierre GASLY,Alpine,95.287,236.6036923076923,272.6261448031223,13,56.37728225847696,331.0,3582.124073032271,1.437579911011098,70.3446018513783,60.817061320513474,0.983276223597402,33.88837209302326,22.094186046511627,55.43023255813954,1.6569767441860468
9664,11,Sergio PEREZ,Red Bull Racing,93.982,248.81731249999999,265.5553195651329,16,71.37651511277042,337.0,4160.588247327776,1.849946299800542,38.808213573364704,27.27295044238736,1.0,33.88837209302326,22.094186046511627,55.43023255813954,1.6569767441860468
9664,14,Fernando ALONSO,Aston Martin,94.148,322.13046153846153,384.3299725089237,13,56.44172249782642,336.0,3412.5791438653914,1.4658620160589169,55.68746483915512,48.05134761929116,0.836853679742239,33.88837209302326,22.094186046511627,55.43023255813954,1.6569767441860468
9664,16,Charles LECLERC,Ferrari,94.289,237.2115294117647,260.78652629488937,17,75.23101314376311,335.0,4731.128471334322,1.981639646090114,53.635861504628444,41.942412928962305,0.9374520533933411,33.88837209302326,22.094186046511627,55.43023255813954,1.6569767441860468
9664,18,Lance STROLL,Aston Martin,94.838,287.6906,313.4631245455197,10,44.97049046182172,339.0,2764.5925944867795,1.212755075947425,61.85506060451082,55.9441517925638,0.8355751035646704,33.88837209302326,22.094186046511627,55.43023255813954,1.6569767441860468
9664,20,Kevin MAGNUSSEN,Haas F1 Team,95.516,205.36520000000002,183.77744065842248,5,22.569886973865902,337.0,1802.6702807753286,0.6168874341533268,87.32900322201196,85.49767299135682,1.0,33.88837209302326,22.094186046511627,55.43023255813954,1.6569767441860468
9664,22,Yuki TSUNODA,RB,95.746,144.975125,64.72278554040591,8,33.79614381424845,335.0,2098.95074924564,0.831023372372526,75.03421469851173,68.87393238889173,0.8679997954278116,33.88837209302326,22.094186046511627,55.43023255813954,1.6569767441860468
9664,23,Alexander ALBON,Williams,95.241,259.27175,299.4866970167804,12,52.44734823300772,337.0,3192.589730476142,1.4105252390937453,60.243236332020665,55.38116913005677,0.9067662251316934,33.88837209302326,22.094186046511627,55.43023255813954,1.6569767441860468
9664,24,ZHOU Guanyu,Kick Sauber,95.505,143.64357142857145,57.23052923510854,7,29.952948396665473,334.0,1825.7508310745154,0.7865289213931366,78.7858129187337,73.71840638265228,0.9045159310591725,33.88837209302326,22.094186046511627,55.43023255813954,1.6569767441860468
9664,27,Nico HULKENBERG,Haas F1 Team,94.604,214.19654999999997,229.93549892751992,20,78.40551322047767,339.0,4695.824425919296,2.0224517976781056,53.825448780238325,40.39646090114049,0.9059479363780494,33.88837209302326,22.094186046511627,55.43023255813954,1.6569767441860468
9664,31,Esteban OCON,Alpine,95.223,238.1569230769231,285.7518541589919,13,56.33754411087813,331.0,3717.092568915256,1.5014064337953255,61.282411906101366,51.7579911011098,0.9086585178744949,33.88837209302326,22.094186046511627,55.43023255813954,1.6569767441860468
9664,44,Lewis HAMILTON,Mercedes,95.573,168.5886,113.50437804525428,5,22.488058098501508,336.0,1259.9637395796042,0.6564210095637498,92.30823914488825,88.7914897969621,1.0,33.88837209302326,22.094186046511627,55.43023255813954,1.6569767441860468
9664,55,Carlos SAINZ,Ferrari,94.297,273.6205625,333.1839683072943,16,67.66731447859664,337.0,4394.604459673707,1.7721577251572649,38.91898941338925,28.341635554646345,0.986089091188053,33.88837209302326,22.094186046511627,55.43023255813954,1.6569767441860468
9664,63,George RUSSELL,Mercedes,94.433,241.86994117647063,245.0617143473841,17,78.74264818697898,335.0,4690.742494757837,2.060502224722549,66.73129443052217,53.403774356876184,1.0,33.88837209302326,22.094186046511627,55.43023255813954,1.6569767441860468
9664,77,Valtteri BOTTAS,Kick Sauber,94.665,332.7685,364.1105567741983,12,56.234337441824785,333.0,3295.4995141410527,1.572086124891321,58.02766838848259,50.628343476704345,0.8363422492712116,33.88837209302326,22.094186046511627,55.43023255813954,1.6569767441860468
9664,81,Oscar PIASTRI,McLaren,94.273,312.7897692307692,367.43417343542984,13,60.222318825755636,331.0,3867.870556947783,1.532194548151179,55.8584360456196,47.75124021889224,0.8522477369201658,33.88837209302326,22.094186046511627,55.43023255813954,1.6569767441860468
9673,1,Max VERSTAPPEN,Red Bull Racing,98.406,108.08814285714286,17.909468090957375,56,124.465621689169,332.0,6856.773953437831,3.170356686859906,40.14245741761973,18.336584173209094,0.3446252478878596,29.792727272727273,18.63939393939394,66.06060606060606,1.68
9673,2,Logan SARGEANT,Williams,101.0,109.55516363636363,13.622139004060648,55,121.82263453858901,337.0,6844.798619977724,3.2315883839069843,52.77990274646166,41.156067479829396,0.2614979218168482,29.792727272727273,18.63939393939394,66.06060606060606,1.68
9673,3,Daniel RICCIARDO,RB,100.994,115.07812121212123,16.293159848970227,33,73.82967047893293,340.0,4333.0322729618865,1.800956235907745,49.36040857352422,34.61813045013719,0.2849963326179675,29.792727272727273,18.63939393939394,66.06060606060606,1.68
9673,4,Lando NORRIS,McLaren,98.751,108.33551785714285,17.03091343178955,56,121.698840020646,332.0,6948.708782700824,3.0176034337562143,43.59604466056342,23.850262149900846,0.3755127543397354,29.792727272727273,18.63939393939394,66.06060606060606,1.68
9673,10,Pierre GASLY,Alpine,99.198,109.3225357142857,14.6318288183724,56,122.4572274591834,339.0,6806.966939230121,3.161364809431963,38.67914482084159,14.506098720491158,0.3258808508326316,29.792727272727273,18.63939393939394,66.06060606060606,1.68
9673,11,Sergio PEREZ,Red Bull Racing,99.388,108.43130357142857,16.62857008490383,56,122.22053190622368,335.0,6630.192034989541,3.141343620113553,36.41941267555894,14.666811550895114,0.3509277118252696,29.792727272727273,18.63939393939394,66.06060606060606,1.68
9673,14,Fernando ALONSO,Aston Martin,97.81,108.86489285714285,15.764471924550756,56,121.75352476162017,336.0,6837.091548721849,3.109423813533998,37.15777892477792,16.779332264812147,0.2758414604330227,29.792727272727273,18.63939393939394,66.06060606060606,1.68
9673,16,Charles LECLERC,Ferrari,99.384,108.51094642857142,16.38118805697085,56,121.86373638314635,336.0,6933.391214582598,3.1749205400559615,47.547173399255655,25.079677270381136,0.5049849229849773,29.792727272727273,18.63939393939394,66.06060606060606,1.68
9673,18,Lance STROLL,Aston Martin,99.444,109.566875,19.909171252629225,56,122.05066420363478,348.0,6628.933144983836,3.2928200809540624,36.045394039825055,15.557088913639944,0.28665344598082093,29.792727272727273,18.63939393939394,66.06060606060606,1.68
9673,20,Kevin MAGNUSSEN,Haas F1 Team,101.077,109.47273214285714,13.868083256027479,56,122.24237320366196,346.0,6719.162342777974,3.328108445844992,45.77213332971123,24.47822661704382,0.5191383010513162,29.792727272727273,18.63939393939394,66.06060606060606,1.68
9673,22,Yuki TSUNODA,RB,101.593,111.05773076923076,13.965278092352673,26,60.533970823938496,338.0,3511.020890494689,1.4806715383988482,55.824481812501695,44.353046643666296,0.5548884844204178,29.792727272727273,18.63939393939394,66.06060606060606,1.68
9673,23,Alexander ALBON,Williams,100.79,109.25932142857144,14.298687427406882,56,123.93825215288908,338.0,6826.356741191492,3.3056966667572194,34.61340360218413,16.708266550759284,0.2958083181657657,29.792727272727273,18.63939393939394,66.06060606060606,1.68
9673,24,ZHOU Guanyu,Kick Sauber,98.633,109.36991071428572,14.438567826035522,56,122.36643937953329,340.0,6633.1302871424305,3.2843715193827934,42.44723044742061,22.281491945342424,0.4392980359131781,29.792727272727273,18.63939393939394,66.06060606060606,1.68
9673,27,Nico HULKENBERG,Haas F1 Team,100.815,109.16601785714286,14.799234349754949,56,122.5512482681807,340.0,7089.446714297357,3.056396185922686,44.83102876857461,23.318573252560377,0.5003939039960881,29.792727272727273,18.63939393939394,66.06060606060606,1.68
9673,31,Esteban OCON,Alpine,100.937,109.20973214285713,14.616269084349456,56,122.47287495585559,330.0,6852.2914074597265,3.105702099915786,39.04137350248567,17.33351443861889,0.30162179783216975,29.792727272727273,18.63939393939394,66.06060606060606,1.68
9673,44,Lewis HAMILTON,Mercedes,100.835,109.12305357142857,14.49347810768155,56,122.02667680856266,341.0,6439.075711064627,3.4685012632093666,45.539892966776236,24.99807122870881,0.5315259025834669,29.792727272727273,18.63939393939394,66.06060606060606,1.68
9673,55,Carlos SAINZ,Ferrari,99.764,108.69692857142857,15.097634799219785,56,122.1404199831572,334.0,7027.362418842194,3.1246638233136834,47.08486593681236,26.236722718752546,0.5033278096221239,29.792727272727273,18.63939393939394,66.06060606060606,1.68
9673,63,George RUSSELL,Mercedes,100.112,108.78064285714287,15.428027903124619,56,122.15354106109586,337.0,6747.558881855967,3.2324033576919944,44.28222542174893,22.336366846866426,0.35013990383309335,29.792727272727273,18.63939393939394,66.06060606060606,1.68
9673,77,Valtteri BOTTAS,Kick Sauber,101.276,104.15884210526318,4.371404462534812,19,47.156067479829396,342.0,2594.161989622667,2.161011654125126,64.84961017087284,57.00448235581756,0.25788487136997096,29.792727272727273,18.63939393939394,66.06060606060606,1.68
9673,81,Oscar PIASTRI,McLaren,99.739,109.09185714285715,15.111766612747935,56,122.16106598571079,330.0,6935.270462633452,3.112303387574366,43.20352611990981,22.66768085626579,0.33642117845209313,29.792727272727273,18.63939393939394,66.06060606060606,1.68
9497,1,Max VERSTAPPEN,Red Bull Racing,88.595,159.7467391304348,170.7463415296446,23,103.21408643170301,340.0,5642.448101121677,2.590047258441041,51.99026362238798,34.3068951773615,1.0,49.958441558441564,28.780519480519484,56.27272727272727,3.0090909090909084
9497,2,Logan SARGEANT,Williams,89.891,166.22266666666667,174.53937791944813,21,99.14228776404943,342.0,5386.966748277629,2.7291465011672265,41.64043728292433,27.539258668792346,0.8162045208677333,49.958441558441564,28.780519480519484,56.27272727272727,3.0090909090909084
9497,3,Daniel RICCIARDO,RB,89.178,149.51692,147.01034546695547,25,111.58389796731765,337.0,6382.027956499459,2.7166771052781415,44.9492114103513,22.350395718271365,0.8513921311848773,49.958441558441564,28.780519480519484,56.27272727272727,3.0090909090909084
9497,4,Lando NORRIS,McLaren,89.495,191.67275,225.93355202954584,20,87.02106701588566,341.0,4910.781927916643,2.1203097420714,55.08899390764676,40.53999886124238,0.8626088936969766,49.958441558441564,28.780519480519484,56.27272727272727,3.0090909090909084
9497,10,Pierre GASLY,Alpine,89.175,148.8852,136.35751774478737,25,111.86659454535102,340.0,6433.773785799693,3.110858053863235,56.118259978363604,33.554859648123895,0.9916870694072767,49.958441558441564,28.780519480519484,56.27272727272727,3.0090909090909084
9497,11,Sergio PEREZ,Red Bull Racing,88.868,175.96566666666666,174.17967162328003,21,94.84615384615384,341.0,5023.689859363434,2.4951318111939873,42.80185617491317,25.763707794795877,0.8773558048169448,49.958441558441564,28.780519480519484,56.27272727272727,3.0090909090909084
9497,14,Fernando ALONSO,Aston Martin,90.023,177.66910000000001,207.4029265063297,20,90.72151682514377,339.0,5021.31782725047,2.3860388316346866,57.896885497921765,43.407846039970394,0.9260946307578432,49.958441558441564,28.780519480519484,56.27272727272727,3.0090909090909084
9497,16,Charles LECLERC,Ferrari,92.099,92.099,0.0,1,10.962591812332745,316.0,718.2911233843877,0.7534589762569037,79.81973466947561,79.48869783066674,0.8484882992655013,49.958441558441564,28.780519480519484,56.27272727272727,3.0090909090909084
9497,18,Lance STROLL,Aston Martin,88.817,157.94904347826085,166.3215582409381,23,103.10351306724364,344.0,5604.337983260263,2.7552809884416103,51.35654500939475,35.72783692990947,0.8976826282525764,49.958441558441564,28.780519480519484,56.27272727272727,3.0090909090909084
9497,20,Kevin MAGNUSSEN,Haas F1 Team,89.189,157.52275,182.78819855282643,24,107.59084438877186,341.0,5647.554973523886,2.879063941240107,53.256049649832036,32.52565051528782,0.8689289984626772,49.958441558441564,28.780519480519484,56.27272727272727,3.0090909090909084
9497,22,Yuki TSUNODA,RB,89.056,164.33030434782611,140.3437821795914,23,103.30723680464614,335.0,6038.075328816261,2.475146615042988,48.62455161418892,26.09622501850481,0.8495131811193988,49.958441558441564,28.780519480519484,56.27272727272727,3.0090909090909084
9497,23,Alexander ALBON,Williams,89.393,122.62134782608695,66.32060800096866,23,99.23874053407732,343.0,5413.070147469111,2.6500597847748106,41.042361783294425,27.82986961225303,0.7768035073734556,49.958441558441564,28.780519480519484,56.27272727272727,3.0090909090909084
9497,24,ZHOU Guanyu,Kick Sauber,89.445,174.09368181818184,177.63821161752188,22,99.35722826396402,344.0,5419.037237374025,2.815862893583101,46.03421966634402,33.5254797016455,0.8617548254853954,49.958441558441564,28.780519480519484,56.27272727272727,3.0090909090909084
9497,27,Nico HULKENBERG,Haas F1 Team,89.314,159.73795652173914,168.97357916896956,23,103.55132949951603,340.0,5600.93731139327,2.684678016284234,49.81802653305244,30.867619427204918,0.8456414052268975,49.958441558441564,28.780519480519484,56.27272727272727,3.0090909090909084
9497,31,Esteban OCON,Alpine,89.163,179.47,216.51663485482388,21,95.11216762512099,337.0,5228.244206570632,2.4484996868416555,53.43489153333713,35.814382508683025,0.8627797073392929,49.958441558441564,28.780519480519484,56.27272727272727,3.0090909090909084
9497,44,Lewis HAMILTON,Mercedes,89.012,170.59913636363638,138.55835629119508,22,99.40391732619712,336.0,5457.8008882309405,2.79639013835905,58.833228947218586,41.42094175254797,1.0,49.958441558441564,28.780519480519484,56.27272727272727,3.0090909090909084
9497,55,Carlos SAINZ,Ferrari,88.711,171.4754090909091,209.44425321803394,22,99.39571827136594,339.0,5598.875818482036,2.525764391049365,52.7330752149405,34.01468997323919,0.8506519387348402,49.958441558441564,28.780519480519484,56.27272727272727,3.0090909090909084
9497,63,George RUSSELL,Mercedes,88.784,154.91887499999999,128.48738046669294,24,107.93138985366964,338.0,6206.777031258896,2.845299777942265,54.81506576325229,34.05864601719524,0.9790468598758755,49.958441558441564,28.780519480519484,56.27272727272727,3.0090909090909084
9497,77,Valtteri BOTTAS,Kick Sauber,89.636,179.68061904761902,185.90632182659354,21,95.64818083470934,338.0,5213.020725388601,2.5795706883789786,51.50281842509822,35.80686670842111,0.8594773102545123,49.958441558441564,28.780519480519484,56.27272727272727,3.0090909090909084
9497,81,Oscar PIASTRI,McLaren,88.7,174.23968181818182,171.42993981597218,22,99.49313898536697,337.0,5519.3920173091155,2.53960029607698,49.56499459090133,32.9119170984456,0.864373968000911,49.958441558441564,28.780519480519484,56.27272727272727,3.0090909090909084
9502,1,Max VERSTAPPEN,Red Bull Racing,87.641,240.7056,274.39245693138145,10,64.12277344325041,343.0,3754.7780803768587,1.5962755778006772,45.4233770057412,35.94141027528338,1.0,46.04126984126984,28.444444444444443,58.96825396825397,3.101587301587301
9502,2,Logan SARGEANT,Williams,89.551,111.2174,18.201738670797365,5,31.471588399823347,344.0,1704.7419402325925,0.8718533784778448,64.54232297953776,60.50699249227146,0.7526129839540704,46.04126984126984,28.444444444444443,58.96825396825397,3.101587301587301
9502,3,Daniel RICCIARDO,RB,88.044,196.85675,209.19603205889806,12,74.12100691888709,337.0,4242.6349182982485,1.7573973207713822,47.75423229795378,31.628735462976593,0.7553363756808479,46.04126984126984,28.444444444444443,58.96825396825397,3.101587301587301
9502,4,Lando NORRIS,McLaren,87.597,247.14210000000003,299.30724325931374,10,63.68769321360224,340.0,3705.9744590019136,1.5507139702635067,51.383703812748415,42.26615633740615,0.7795524804946268,46.04126984126984,28.444444444444443,58.96825396825397,3.101587301587301
9502,10,Pierre GASLY,Alpine,89.185,108.1676,15.518939391595033,5,31.621227734432505,337.0,2227.8259237450316,0.8328426321213014,62.738112763138524,56.668040630060354,0.768879729132931,46.04126984126984,28.444444444444443,58.96825396825397,3.101587301587301
9502,11,Sergio PEREZ,Red Bull Racing,87.865,267.4032222222222,286.5496749472856,9,58.44339761519211,342.0,3176.3380686000296,1.513543353452083,28.0950978948918,18.312674812306785,0.8581628146621522,46.04126984126984,28.444444444444443,58.96825396825397,3.101587301587301
9502,14,Fernando ALONSO,Aston Martin,88.189,207.64675,201.47413533384585,12,73.87847784484028,338.0,4387.54688650081,1.9133667010157516,46.088988664802,35.51214485499779,0.7843368173119387,46.04126984126984,28.444444444444443,58.96825396825397,3.101587301587301
9502,16,Charles LECLERC,Ferrari,87.749,171.27579999999998,176.27819086704966,15,89.75526277049904,340.0,5156.834093920212,2.3412336228470485,50.28544089503901,33.889003385838365,0.859708523480053,46.04126984126984,28.444444444444443,58.96825396825397,3.101587301587301
9502,18,Lance STROLL,Aston Martin,88.323,191.6573076923077,181.44234248266753,13,79.27793316649492,342.0,4378.784410422494,2.0672751361695862,49.19255115560136,36.23170911232151,0.7847048432209628,46.04126984126984,28.444444444444443,58.96825396825397,3.101587301587301
9502,20,Kevin MAGNUSSEN,Haas F1 Team,88.377,139.63745454545457,102.19325016970511,11,63.64463418224643,342.0,3582.3390990725748,1.7053584572353895,51.74731341086412,40.529074046812894,0.7656411011335198,46.04126984126984,28.444444444444443,58.96825396825397,3.101587301587301
9502,22,Yuki TSUNODA,RB,88.687,188.07874999999999,221.72853635456462,8,47.82077138230532,338.0,2761.511556013543,1.1452966288826734,58.76262328867952,48.22375975268659,0.7554099808626528,46.04126984126984,28.444444444444443,58.96825396825397,3.101587301587301
9502,23,Alexander ALBON,Williams,89.112,108.4065,19.735641343771928,4,31.40733107610776,344.0,1750.9823347563668,0.8399823347563669,62.30310613867216,59.52745473281319,0.7515089062269984,46.04126984126984,28.444444444444443,58.96825396825397,3.101587301587301
9502,24,ZHOU Guanyu,Kick Sauber,89.267,115.1904,27.75830555779657,5,31.71485352568821,339.0,1634.0497571029,0.8707493007507728,70.09472986898278,65.40203150301781,0.7886795230384219,46.04126984126984,28.444444444444443,58.96825396825397,3.101587301587301
9502,27,Nico HULKENBERG,Haas F1 Team,88.33,181.92846153846156,166.83705778283533,13,79.12542322979537,344.0,4513.1051081996175,2.045782423082585,42.26181363167967,28.910348888561753,0.7651258648608862,46.04126984126984,28.444444444444443,58.96825396825397,3.101587301587301
9502,31,Esteban OCON,Alpine,88.379,146.7360909090909,123.26764058484844,11,63.62844104224938,340.0,3740.46003238628,1.676873251876932,49.84829972030031,38.881790078021496,0.7665243633151774,46.04126984126984,28.444444444444443,58.96825396825397,3.101587301587301
9502,44,Lewis HAMILTON,Mercedes,88.371,148.01672727272728,112.56964562203737,11,63.71647283968792,336.0,3760.1906374208743,1.805535109671721,68.12520241424997,57.8298248196673,0.9957308994553217,46.04126984126984,28.444444444444443,58.96825396825397,3.101587301587301
9502,55,Carlos SAINZ,Ferrari,88.103,178.9467857142857,184.9289884303774,14,84.66995436478729,339.0,5069.570440158987,2.1738554394229355,50.84491388193729,35.9938171647284,1.0,46.04126984126984,28.444444444444443,58.96825396825397,3.101587301587301
9502,63,George RUSSELL,Mercedes,88.343,150.0494,115.94177778022899,10,63.87715295156779,339.0,3948.462534962461,1.6833505078757545,68.51553069336082,57.251582511408806,1.0,46.04126984126984,28.444444444444443,58.96825396825397,3.101587301587301
9502,77,Valtteri BOTTAS,Kick Sauber,89.36,102.84716666666667,13.33925359501881,6,36.83527160312086,341.0,1907.027528337995,0.9808626527307522,70.46518474900633,63.3051670837627,0.7886795230384219,46.04126984126984,28.444444444444443,58.96825396825397,3.101587301587301
9502,81,Oscar PIASTRI,McLaren,88.056,176.16264285714286,173.87013857663473,14,84.51118798763433,340.0,4886.780288532313,2.146547916973355,40.71558957750626,28.757544531134993,0.7813926100397468,46.04126984126984,28.444444444444443,58.96825396825397,3.101587301587301
9506,1,Max VERSTAPPEN,Red Bull Racing,90.415,99.56263157894736,20.84433407101954,19,86.59792639235697,318.0,4607.525350124851,2.194658560416893,39.713657583324284,25.517750515687766,0.41423298230376726,44.82682926829268,28.698780487804882,56.02439024390244,3.1097560975609757
9506,2,Logan SARGEANT,Williams,92.192,101.37747368421054,19.58080189306922,19,86.20214960373467,355.0,4697.6775594398005,2.289327977418304,43.77000325697536,30.305287156660516,0.5066767994788839,44.82682926829268,28.698780487804882,56.02439024390244,3.1097560975609757
9506,3,Daniel RICCIARDO,RB,91.505,100.35284210526316,20.260076916420623,19,86.27136033004017,339.0,4736.192704375204,2.12186516122028,30.11144284008251,10.86939528824232,0.33839973944197155,44.82682926829268,28.698780487804882,56.02439024390244,3.1097560975609757
9506,4,Lando NORRIS,McLaren,,,,0,8.069807838454022,306.0,855.410867441103,0.19818695038540876,62.53121268049072,49.78373683639127,1.0,44.82682926829268,28.698780487804882,56.02439024390244,3.1097560975609757
9506,10,Pierre GASLY,Alpine,92.148,101.24247368421052,19.56392139512349,19,86.49576593203778,351.0,4962.449896862447,2.160297470415807,42.40663337314081,25.73010530886983,0.5427749430029313,44.82682926829268,28.698780487804882,56.02439024390244,3.1097560975609757
9506,11,Sergio PEREZ,Red Bull Racing,90.921,99.83394736842105,20.366532365038903,19,86.64846379329063,338.0,4489.134730213875,2.286559548366084,35.35799587449788,20.67332537183802,0.4180327868852459,44.82682926829268,28.698780487804882,56.02439024390244,3.1097560975609757
9506,14,Fernando ALONSO,Aston Martin,92.355,102.69005263157894,19.85612430109129,19,86.22245141678428,350.0,4679.507599609163,2.2266854847464987,26.82412333080013,13.339919661274562,0.3850830528715666,44.82682926829268,28.698780487804882,56.02439024390244,3.1097560975609757
9506,16,Charles LECLERC,Ferrari,90.807,99.75578947368422,20.658135024549548,19,86.56519379003366,322.0,4904.623222234285,2.2445445662794485,47.55971121485181,32.638801433069155,0.647703832374335,44.82682926829268,28.698780487804882,56.02439024390244,3.1097560975609757
9506,18,Lance STROLL,Aston Martin,177.765,177.765,0.0,1,11.73309086961242,293.0,946.9633047443274,0.32151775051568776,41.76783194007165,41.6873303658669,0.6825534686787537,44.82682926829268,28.698780487804882,56.02439024390244,3.1097560975609757
9506,20,Kevin MAGNUSSEN,Haas F1 Team,92.113,101.21715789473686,19.655804912659846,19,86.3490934751927,344.0,4846.863532732602,2.352784713928998,47.20318097926393,31.89599392031267,0.6613831288676583,44.82682926829268,28.698780487804882,56.02439024390244,3.1097560975609757
9506,22,Yuki TSUNODA,RB,91.844,101.14315789473685,19.63728225451501,19,86.21479752469872,345.0,4749.180382151775,2.106611659971773,29.37221800021713,12.336336988383454,0.41260449462599064,44.82682926829268,28.698780487804882,56.02439024390244,3.1097560975609757
9506,23,Alexander ALBON,Williams,92.223,98.73411111111112,16.520769856587222,18,82.66632287482358,361.0,4565.675388122897,2.1496037346650745,64.93323200521117,54.353924655303445,0.6836934100531973,44.82682926829268,28.698780487804882,56.02439024390244,3.1097560975609757
9506,24,ZHOU Guanyu,Kick Sauber,92.131,101.416,19.59419593171729,19,86.48865486917816,347.0,4554.137552925849,2.315058082727174,34.46297904679188,20.530452719574424,0.6615459776354359,44.82682926829268,28.698780487804882,56.02439024390244,3.1097560975609757
9506,27,Nico HULKENBERG,Haas F1 Team,91.939,100.73489473684212,19.861851659836272,19,86.39186841819564,330.0,4900.8749321463465,2.2332537183801975,46.75225274128759,31.123873629356204,0.6502008468135925,44.82682926829268,28.698780487804882,56.02439024390244,3.1097560975609757
9506,31,Esteban OCON,Alpine,92.218,101.55631578947369,20.251359278752602,19,86.25165562913908,344.0,4848.747095863641,2.211486266420584,42.44343719465856,27.135815872326567,0.4767669091303876,44.82682926829268,28.698780487804882,56.02439024390244,3.1097560975609757
9506,44,Lewis HAMILTON,Mercedes,91.83,101.11505263157895,19.688474479070727,19,86.43051785908153,345.0,4474.02220171534,2.3852459016393444,46.15736619259581,31.288242318966454,0.5349039192270112,44.82682926829268,28.698780487804882,56.02439024390244,3.1097560975609757
9506,55,Carlos SAINZ,Ferrari,91.568,100.37321052631579,20.13901945446346,19,86.41423298230377,348.0,5088.776191510151,2.2127890565628054,48.601183367712515,34.34219954402345,0.7912278797090435,44.82682926829268,28.698780487804882,56.02439024390244,3.1097560975609757
9506,63,George RUSSELL,Mercedes,92.173,101.45363157894737,19.65338280031824,19,86.3264574964716,348.0,4709.494788839431,2.2127890565628054,45.35180762132233,29.92899793724894,0.749212897622408,44.82682926829268,28.698780487804882,56.02439024390244,3.1097560975609757
9506,77,Valtteri BOTTAS,Kick Sauber,92.462,101.50742105263157,19.72998867691352,19,86.27054608620128,349.0,4558.933937683205,2.331397242427532,35.21751167082836,21.065682336336987,0.5693735750732819,44.82682926829268,28.698780487804882,56.02439024390244,3.1097560975609757
9506,81,Oscar PIASTRI,McLaren,91.393,100.39336842105264,20.05800566045369,19,86.33340571056345,349.0,4857.606340245359,2.142112691347302,40.35745304527196,26.038649440885898,0.7035066767994789,44.82682926829268,28.698780487804882,56.02439024390244,3.1097560975609757
9498,1,Max VERSTAPPEN,Red Bull Racing,87.241,198.455,159.6148148970671,16,77.04483855762432,343.0,4371.096217299081,1.9340678765024746,29.025630450153194,16.63822766910205,0.8531110063634221,47.29480519480519,29.06363636363637,54.87012987012987,2.9428571428571426
9498,2,Logan SARGEANT,Williams,88.487,156.4014285714286,86.5160597690347,7,34.022448739099694,345.0,2133.203393825124,0.9401956163092152,71.4769031345746,66.81168984209286,0.9043129860947443,47.29480519480519,29.06363636363637,54.87012987012987,2.9428571428571426
9498,3,Daniel RICCIARDO,RB,88.617,131.797125,62.264627663781745,8,38.34934008955928,337.0,2375.4521564930474,0.9331840678765024,70.21965590384163,61.95192081074711,0.8932359179825595,47.29480519480519,29.06363636363637,54.87012987012987,2.9428571428571426
9498,4,Lando NORRIS,McLaren,87.594,179.7781052631579,150.54607759783775,19,90.0950978081546,339.0,5260.720952156493,2.2048668395003537,44.56699269384869,31.200094272920104,0.8482795192081075,47.29480519480519,29.06363636363637,54.87012987012987,2.9428571428571426
9498,10,Pierre GASLY,Alpine,87.976,178.33453846153847,139.25756736163135,13,63.89241102993165,342.0,4157.19520386519,1.652839971718124,54.65560923874617,43.05255715295781,0.8952392175347631,47.29480519480519,29.06363636363637,54.87012987012987,2.9428571428571426
9498,11,Sergio PEREZ,Red Bull Racing,87.46,210.58856250000002,206.6160959548435,16,77.04366014612303,342.0,4202.5588027339145,1.9578128682535942,35.978729672401606,22.0688192316757,0.8945910912090502,47.29480519480519,29.06363636363637,54.87012987012987,2.9428571428571426
9498,14,Fernando ALONSO,Aston Martin,88.427,164.58885714285717,129.4253985086484,14,63.87667923638935,339.0,3731.8222955456044,1.690549139759604,55.424522743341974,45.92458166391704,0.8892293188781523,47.29480519480519,29.06363636363637,54.87012987012987,2.9428571428571426
9498,16,Charles LECLERC,Ferrari,87.382,180.5987894736842,156.60461086059308,19,89.93188781522508,340.0,5396.01361065284,2.3395592740985154,57.161265613952395,41.42776337497054,1.0,47.29480519480519,29.06363636363637,54.87012987012987,2.9428571428571426
9498,18,Lance STROLL,Aston Martin,88.177,164.72907142857144,114.2344177654405,14,63.70439547489983,344.0,3671.374558095687,1.692139995286354,57.373438604760786,47.99410794249352,0.8726137167098751,47.29480519480519,29.06363636363637,54.87012987012987,2.9428571428571426
9498,20,Kevin MAGNUSSEN,Haas F1 Team,88.619,133.53662500000002,59.60760400934075,8,38.467711524864484,343.0,2187.8574711289184,1.0432477020975726,72.32394532170633,66.2510016497761,0.8965943907612538,47.29480519480519,29.06363636363637,54.87012987012987,2.9428571428571426
9498,22,Yuki TSUNODA,RB,88.167,175.57789473684207,134.73643849261094,19,89.50913268913504,337.0,5373.353287768088,2.1306858354937543,44.85570351166627,25.78647183596512,0.8884633514023097,47.29480519480519,29.06363636363637,54.87012987012987,2.9428571428571426
9498,23,Alexander ALBON,Williams,88.343,177.91123076923077,159.33589919612922,13,64.02362715060099,346.0,3652.2849988215885,1.7914211642705633,58.463528164034884,52.13174640584492,0.9003653075654018,47.29480519480519,29.06363636363637,54.87012987012987,2.9428571428571426
9498,24,ZHOU Guanyu,Kick Sauber,88.824,139.54425,71.0494069816033,8,38.27828187603111,344.0,2257.9011312750413,1.0328776808861655,72.30968654254066,68.7669102050436,0.8926467122319114,47.29480519480519,29.06363636363637,54.87012987012987,2.9428571428571426
9498,27,Nico HULKENBERG,Haas F1 Team,88.146,181.59226315789473,158.50920968190894,19,89.49051378741457,343.0,5340.582842328541,2.3361418807447563,46.72878859297667,31.131275041244404,0.8978317228376149,47.29480519480519,29.06363636363637,54.87012987012987,2.9428571428571426
9498,31,Esteban OCON,Alpine,88.209,173.69028571428572,140.38860247207114,14,64.06239688899363,342.0,4033.451685128447,1.7005067169455574,56.571293895828425,45.52674994107942,0.8967711524864482,47.29480519480519,29.06363636363637,54.87012987012987,2.9428571428571426
9498,44,Lewis HAMILTON,Mercedes,87.697,185.06921052631577,140.4161170497322,19,89.64176290360594,338.0,4888.771211407024,2.571117134103229,45.1756422342682,31.221541362243695,0.8948856940843742,47.29480519480519,29.06363636363637,54.87012987012987,2.9428571428571426
9498,55,Carlos SAINZ,Ferrari,87.455,182.2204210526316,140.06219264512305,19,89.65478435069527,340.0,5357.0538534056095,2.305915625736507,33.87155314635871,18.680650483148714,0.8906434126797077,47.29480519480519,29.06363636363637,54.87012987012987,2.9428571428571426
9498,63,George RUSSELL,Mercedes,88.067,184.61763157894737,138.8484192242562,19,89.65843742634928,339.0,5204.51325712939,2.3701979731322176,46.081840678765026,30.212114070233326,0.8919396653311337,47.29480519480519,29.06363636363637,54.87012987012987,2.9428571428571426
9498,77,Valtteri BOTTAS,Kick Sauber,88.463,175.82799999999997,135.30108580680348,4,25.309568701390525,346.0,1446.2748644826775,0.6924935187367429,68.07341503653076,64.51826537827009,0.7794013669573415,47.29480519480519,29.06363636363637,54.87012987012987,2.9428571428571426
9498,81,Oscar PIASTRI,McLaren,87.675,197.9360588235294,161.8883402517523,17,81.10688192316756,337.0,4761.085199151544,2.060393589441433,44.801496582606646,34.29837379212821,0.8470421871317464,47.29480519480519,29.06363636363637,54.87012987012987,2.9428571428571426
9507,1,Max VERSTAPPEN,Red Bull Racing,91.261,95.75429824561404,11.841800795020335,57,134.63232828357113,322.0,6763.816855419915,3.445889101338432,46.87265774378585,20.4735990586851,0.23318135019855862,44.664,28.521999999999995,59.00666666666667,3.080666666666666
9507,2,Logan SARGEANT,Williams,93.452,95.70170370370371,3.854817715004459,27,66.3490219149875,350.0,3453.0808060008826,3.076187674658038,64.74966906898074,53.06568613031328,0.5599647006912781,44.664,28.521999999999995,59.00666666666667,3.080666666666666
9507,3,Daniel RICCIARDO,RB,92.122,96.51375438596492,8.30685792621617,57,131.99338137961465,348.0,6824.071216355346,3.2396234740403003,40.178555669951464,11.88998382115017,0.30698632151787025,44.664,28.521999999999995,59.00666666666667,3.080666666666666
9507,4,Lando NORRIS,McLaren,90.98,95.62298245614033,12.024310040374898,57,132.08410060302987,344.0,7037.36378879247,3.253978526253861,46.45650831004559,20.99767612884248,0.4288277687895279,44.664,28.521999999999995,59.00666666666667,3.080666666666666
9507,10,Pierre GASLY,Alpine,92.055,96.4062105263158,8.063176207436488,57,132.15637593763788,351.0,6899.059891160465,3.2859538167377558,40.97337843800559,13.79661714958082,0.26627445212531253,44.664,28.521999999999995,59.00666666666667,3.080666666666666
9507,11,Sergio PEREZ,Red Bull Racing,90.855,95.87843859649122,10.373590846628138,57,134.2979849977938,345.0,6644.078923371084,3.5032798941020737,39.93446095013972,13.978761582585674,0.1844094719811737,44.664,28.521999999999995,59.00666666666667,3.080666666666666
9507,14,Fernando ALONSO,Aston Martin,91.727,96.2700350877193,8.187564991497588,57,131.89733784380056,351.0,6775.215531695838,3.3925577290778057,47.350669216061185,23.117046624503605,0.3365789086630387,44.664,28.521999999999995,59.00666666666667,3.080666666666666
9507,16,Charles LECLERC,Ferrari,91.084,95.79387719298245,11.441697471092573,57,132.3397852625386,334.0,6946.461891454625,3.409530813354905,53.71445800853066,26.3471687012796,0.47395205177231947,44.664,28.521999999999995,59.00666666666667,3.080666666666666
9507,18,Lance STROLL,Aston Martin,91.588,96.41307017543859,8.382111141476106,57,131.9906162670981,356.0,6796.158582144433,3.432034122665098,47.12145903809384,23.09892631269304,0.3407265774378585,44.664,28.521999999999995,59.00666666666667,3.080666666666666
9507,20,Kevin MAGNUSSEN,Haas F1 Team,91.774,96.58035087719298,10.326152345518155,57,132.4203853507869,348.0,6749.1288130607445,3.619002794528607,51.3566406824533,25.14357993822621,0.45609648477717313,44.664,28.521999999999995,59.00666666666667,3.080666666666666
9507,22,Yuki TSUNODA,RB,91.682,96.08050877192984,9.842863857464947,57,132.18158552728343,348.0,6834.267833504927,3.2682747462862185,40.65500808942492,12.240035299308722,0.22503309310192676,44.664,28.521999999999995,59.00666666666667,3.080666666666666
9507,23,Alexander ALBON,Williams,90.849,96.95331578947368,8.05699751476371,57,131.7431681129578,355.0,6712.000147080453,3.444565377261362,46.274599205765554,24.721282541550227,0.3324606559788204,44.664,28.521999999999995,59.00666666666667,3.080666666666666
9507,24,ZHOU Guanyu,Kick Sauber,91.991,96.49568421052632,8.572147836560914,57,131.93134284453595,351.0,6579.7310486836295,3.4918958670392706,45.354993381379614,20.027415796440653,0.4105603765259597,44.664,28.521999999999995,59.00666666666667,3.080666666666666
9507,27,Nico HULKENBERG,Haas F1 Team,91.941,96.33573684210528,8.339212036331027,57,132.2094131489925,349.0,6888.560611854685,3.415767024562436,49.928813060744226,24.345580232387114,0.5085159582291513,44.664,28.521999999999995,59.00666666666667,3.080666666666666
9507,31,Esteban OCON,Alpine,92.037,96.31543859649123,8.449630395773355,57,131.81897337843802,345.0,6777.809089571996,3.3758788057067215,47.15793499043977,20.06906898073246,0.2780114722753346,44.664,28.521999999999995,59.00666666666667,3.080666666666666
9507,44,Lewis HAMILTON,Mercedes,91.233,95.91059649122808,9.130239993885846,57,134.6092072363583,350.0,6614.066215619944,3.7121635534637445,48.55634652154728,22.99714663921165,0.33454919841153113,44.664,28.521999999999995,59.00666666666667,3.080666666666666
9507,55,Carlos SAINZ,Ferrari,90.928,95.82059649122807,11.081858357772944,57,132.2489777908516,347.0,6823.294749227827,3.449507280482424,52.106898073246064,25.351728195322842,0.47130460361817916,44.664,28.521999999999995,59.00666666666667,3.080666666666666
9507,63,George RUSSELL,Mercedes,91.921,96.23150877192982,8.633542982192283,57,134.30504485953816,348.0,6925.637564347699,3.504544785997941,46.76320047065745,20.4113546109722,0.2775996470069128,44.664,28.521999999999995,59.00666666666667,3.080666666666666
9507,77,Valtteri BOTTAS,Kick Sauber,92.098,96.53835087719298,7.991235294121179,57,132.26883365200766,345.0,6516.712781291367,3.5792322400352994,47.7415208118841,22.65356670098544,0.37217237829092514,44.664,28.521999999999995,59.00666666666667,3.080666666666666
9507,81,Oscar PIASTRI,McLaren,90.634,96.49124561403508,11.501278470934853,57,131.74963965289012,352.0,6977.808118841006,3.2846006765700837,46.83703485806736,21.24947786439182,0.4050889836740697,44.664,28.521999999999995,59.00666666666667,3.080666666666666
9508,1,Max VERSTAPPEN,Red Bull Racing,77.24,173.15140000000002,181.74863725167242,20,79.10357708852162,325.0,4782.0071315372425,1.9599275526375368,55.08206927779035,43.455512791487436,1.0,43.45443037974684,23.972151898734175,32.53164556962025,3.951898734177215
9508,2,Logan SARGEANT,Williams,79.901,188.5136,232.7665814229783,20,81.62219832465475,326.0,4754.520092823183,2.262678288431062,64.95217342087389,53.32306995698438,1.0,43.45443037974684,23.972151898734175,32.53164556962025,3.951898734177215
9508,3,Daniel RICCIARDO,RB,78.142,155.234,190.360364098377,24,96.66594973964229,326.0,5532.786280280733,2.351256508942721,52.74332125877292,31.998868009961512,0.839087616028979,43.45443037974684,23.972151898734175,32.53164556962025,3.951898734177215
9508,4,Lando NORRIS,McLaren,77.602,224.4969375,301.85329528565455,16,63.47605841068599,321.0,4129.083144668327,1.5117726964002718,73.77812995245642,63.391668553316734,1.0,43.45443037974684,23.972151898734175,32.53164556962025,3.951898734177215
9508,10,Pierre GASLY,Alpine,77.905,193.61947368421053,225.8790511710493,19,78.0851822503962,320.0,4552.450701833824,1.992302467738284,53.10640706361784,38.41951550826353,0.8437853746887027,43.45443037974684,23.972151898734175,32.53164556962025,3.951898734177215
9508,11,Sergio PEREZ,Red Bull Racing,77.233,169.38445454545456,199.22371587505873,22,86.02914874349106,326.0,4822.204607199456,2.2883744623047315,55.69923024677383,41.934570975775415,1.0,43.45443037974684,23.972151898734175,32.53164556962025,3.951898734177215
9508,14,Fernando ALONSO,Aston Martin,77.867,219.3565625,335.9893164168261,16,67.37899026488567,327.0,3880.688646139914,1.715417704324202,77.76431967398688,65.32352275299978,1.0,43.45443037974684,23.972151898734175,32.53164556962025,3.951898734177215
9508,16,Charles LECLERC,Ferrari,76.99,128.93227586206896,132.27945383266717,29,112.34723794430609,321.0,6430.491736472719,2.8719719266470456,67.46304052524337,44.388951777224364,1.0,43.45443037974684,23.972151898734175,32.53164556962025,3.951898734177215
9508,18,Lance STROLL,Aston Martin,78.072,177.1846666666667,202.5034272270433,21,82.88391442155309,327.0,4602.935985963323,2.2051731944758886,58.36716096898347,44.57889970568259,0.9028752546977586,43.45443037974684,23.972151898734175,32.53164556962025,3.951898734177215
9508,22,Yuki TSUNODA,RB,77.388,135.44566666666668,129.85887850934068,27,108.0436382159837,324.0,6197.741566674214,2.647498302014942,45.865406384423814,21.49920760697306,0.8304844917364728,43.45443037974684,23.972151898734175,32.53164556962025,3.951898734177215
9508,23,Alexander ALBON,Williams,80.05,156.07649999999998,131.30187340977534,6,186.1608557844691,324.0,8375.500056599501,5.021111614217795,81.9816617613765,78.60833144668327,0.960550147158705,43.45443037974684,23.972151898734175,32.53164556962025,3.951898734177215
9508,24,ZHOU Guanyu,Kick Sauber,79.129,233.8615625,389.66876788160874,16,67.49937740547882,322.0,3646.3362576409327,1.9092709984152139,59.368406158025806,48.8071088974417,0.8478039393253339,43.45443037974684,23.972151898734175,32.53164556962025,3.951898734177215
9508,27,Nico HULKENBERG,Haas F1 Team,81.059,210.3495,339.97381626159427,18,75.17393026941363,322.0,4160.055580710889,1.9496264432872992,59.523715191306316,45.964681910799186,0.8478039393253339,43.45443037974684,23.972151898734175,32.53164556962025,3.951898734177215
9508,31,Esteban OCON,Alpine,78.612,133.9749642857143,135.05942786325107,28,107.93038261263301,327.0,6149.669741906271,2.7507923930269413,66.83489925288657,45.669911704777,1.0,43.45443037974684,23.972151898734175,32.53164556962025,3.951898734177215
9508,44,Lewis HAMILTON,Mercedes,77.408,144.98464,137.9639399787872,25,100.66176137649988,322.0,5600.066221417252,2.839087616028979,62.138725379216666,44.06158025809373,1.0,43.45443037974684,23.972151898734175,32.53164556962025,3.951898734177215
9508,50,Oliver BEARMAN,Haas F1 Team,78.667,125.38643333333336,117.27066409171657,30,116.10386008603125,325.0,6090.605671270093,3.202116821371972,49.94990944079692,29.543355218474076,0.8478039393253339,43.45443037974684,23.972151898734175,32.53164556962025,3.951898734177215
9508,55,Carlos SAINZ,Ferrari,77.12,153.384625,194.02451775437484,24,93.38889517772243,328.0,5405.61970794657,2.4091011999094407,70.35680326013131,52.53384650215078,1.0,43.45443037974684,23.972151898734175,32.53164556962025,3.951898734177215
9508,63,George RUSSELL,Mercedes,77.094,136.3364074074074,135.57581434515723,27,104.08806882499434,329.0,6009.38414081956,2.64630971247453,67.29810957663572,45.070862576409326,1.0,43.45443037974684,23.972151898734175,32.53164556962025,3.951898734177215
9508,77,Valtteri BOTTAS,Kick Sauber,78.827,174.28133333333332,197.11293950044967,21,85.7198324654743,320.0,4701.340049807562,2.280450532035318,56.89234774733983,40.848766130858046,0.8428231831559883,43.45443037974684,23.972151898734175,32.53164556962025,3.951898734177215
9508,81,Oscar PIASTRI,McLaren,77.807,161.25804347826084,208.9278119237814,23,93.06412723568033,323.0,5435.6790808240885,2.3429929816617614,47.65440344124972,32.83903101652705,0.8415213946117274,43.45443037974684,23.972151898734175,32.53164556962025,3.951898734177215
9509,1,Max VERSTAPPEN,Red Bull Racing,76.447,169.95236363636366,216.69633548010017,22,87.69074244869725,327.0,4932.314906617477,2.2117246944892783,43.93566981784644,29.24948120820844,0.9064445469218354,36.84230769230769,24.379487179487178,33.94871794871795,2.5230769230769234
9509,2,Logan SARGEANT,Williams,77.848,106.77566666666668,75.25917869433623,21,83.70953424025824,330.0,4627.966854968872,2.2419299054646067,34.66970255937284,18.65413880562601,0.6289485819691031,36.84230769230769,24.379487179487178,33.94871794871795,2.5230769230769234
9509,3,Daniel RICCIARDO,RB,76.967,122.38967741935485,106.99873037787218,31,122.04133041272769,325.0,7449.181346552917,2.9644339405118747,65.30084159557298,37.492045192529396,1.0,36.84230769230769,24.379487179487178,33.94871794871795,2.5230769230769234
9509,4,Lando NORRIS,McLaren,76.98,126.43741379310345,131.58219831450242,29,114.89036200138345,330.0,6404.624855891169,2.775651371916071,51.654196449158405,29.934055798939358,0.8509914687572054,36.84230769230769,24.379487179487178,33.94871794871795,2.5230769230769234
9509,10,Pierre GASLY,Alpine,77.064,120.19606451612901,95.67202107028604,31,122.21524094996542,324.0,6748.697832603182,3.0834101913765277,49.38920913073553,23.419644915840443,0.8634424717546691,36.84230769230769,24.379487179487178,33.94871794871795,2.5230769230769234
9509,11,Sergio PEREZ,Red Bull Racing,76.552,154.78379166666667,180.8788088232881,24,95.27403735300899,329.0,5253.093324878949,2.4847821074475442,47.68843670740143,31.36130966105603,0.9075974175697487,36.84230769230769,24.379487179487178,33.94871794871795,2.5230769230769234
9509,14,Fernando ALONSO,Aston Martin,76.838,132.8537142857143,138.26902888619944,28,110.47538621166706,330.0,6030.828279916993,2.8380793175005765,60.00628314503113,37.934516947198524,0.9282914456997925,36.84230769230769,24.379487179487178,33.94871794871795,2.5230769230769234
9509,16,Charles LECLERC,Ferrari,75.906,132.51214285714283,133.76480302000073,28,110.76095227115518,326.0,6463.0753400968415,2.8281069863961266,61.94961955268619,40.02444085773576,0.9961378833294904,36.84230769230769,24.379487179487178,33.94871794871795,2.5230769230769234
9509,18,Lance STROLL,Aston Martin,76.991,148.17136000000002,204.82983248538383,25,99.17004842056721,328.0,5344.155118745677,2.625835831219737,59.29882407193913,39.67465990315887,0.9062139727922527,36.84230769230769,24.379487179487178,33.94871794871795,2.5230769230769234
9509,20,Kevin MAGNUSSEN,Haas F1 Team,77.129,122.69309677419353,113.53940865232505,31,122.09597648143878,330.0,6745.267004842057,3.245330873875951,65.2007147798017,41.90108369840904,1.0,36.84230769230769,24.379487179487178,33.94871794871795,2.5230769230769234
9509,22,Yuki TSUNODA,RB,76.286,121.9758064516129,105.59679759269932,31,122.0597763430943,326.0,7302.088771039889,2.980689416647452,65.0319345169472,37.62831450311275,1.0,36.84230769230769,24.379487179487178,33.94871794871795,2.5230769230769234
9509,23,Alexander ALBON,Williams,77.135,112.9968181818182,80.31925686830047,22,88.82407193912843,329.0,5163.365921143648,2.3821189762508648,49.14128429790178,36.014295596034124,0.8546230112981323,36.84230769230769,24.379487179487178,33.94871794871795,2.5230769230769234
9509,24,ZHOU Guanyu,Kick Sauber,77.606,137.3224074074074,152.52067146753615,27,107.12808392898317,331.0,5585.517350703251,2.9361886096379988,56.6941434171086,38.06502190454231,0.8669587272308047,36.84230769230769,24.379487179487178,33.94871794871795,2.5230769230769234
9509,27,Nico HULKENBERG,Haas F1 Team,76.826,142.33092592592592,144.60148484994656,27,106.76954115748212,333.0,6043.4014295596035,2.775997233110445,70.71126354623011,49.29144569979248,1.0,36.84230769230769,24.379487179487178,33.94871794871795,2.5230769230769234
9509,31,Esteban OCON,Alpine,77.008,127.33686666666668,130.20595119546402,30,115.71783490892322,324.0,6392.521385750519,2.9529628775651373,56.89151487203136,35.24002766889555,0.8713972792252709,36.84230769230769,24.379487179487178,33.94871794871795,2.5230769230769234
9509,44,Lewis HAMILTON,Mercedes,76.297,133.39225000000002,113.24481172052023,28,110.94137652755362,325.0,6147.980228268389,3.0707862577818767,60.53965875028822,40.10975328568134,1.0,36.84230769230769,24.379487179487178,33.94871794871795,2.5230769230769234
9509,55,Carlos SAINZ,Ferrari,76.423,128.66527586206894,109.14926755022906,29,114.53660364307125,325.0,6739.535220198294,2.9232764583813697,63.156329259857046,41.036200138344476,1.0,36.84230769230769,24.379487179487178,33.94871794871795,2.5230769230769234
9509,63,George RUSSELL,Mercedes,76.311,122.96838709677421,97.00310017615747,31,122.24665667512105,325.0,7040.061102144339,3.147221581738529,59.10606409960803,33.569056951810005,1.0,36.84230769230769,24.379487179487178,33.94871794871795,2.5230769230769234
9509,77,Valtteri BOTTAS,Kick Sauber,77.088,137.733037037037,156.0212353475289,27,107.13477057874107,326.0,5739.747406041042,2.83537007147798,56.89912381830759,35.838598109292136,0.866036430712474,36.84230769230769,24.379487179487178,33.94871794871795,2.5230769230769234
9509,81,Oscar PIASTRI,McLaren,76.098,122.9933793103448,110.68883773098095,29,114.52346091768504,338.0,6222.505879640305,2.876873414802859,47.86816924141112,27.250864652985936,0.8190569518100069,36.84230769230769,24.379487179487178,33.94871794871795,2.5230769230769234
9510,1,Max VERSTAPPEN,Red Bull Racing,76.366,204.45227777777777,255.98138180209847,18,79.51136755080951,337.0,4681.195946721782,2.003789183603169,49.587725341600645,38.315076357790794,1.0,44.48076923076923,23.603846153846156,41.32051282051282,1.9025641025641027
9510,2,Logan SARGEANT,Williams,76.794,178.9412857142857,165.15963899098548,14,61.475427718452174,333.0,3794.0752669652084,1.7256286600068895,48.106269376507065,40.58238603743254,0.816626478355724,44.48076923076923,23.603846153846156,41.32051282051282,1.9025641025641027
9510,3,Daniel RICCIARDO,RB,76.56,215.54983333333334,205.19279314457467,12,57.420599379951774,330.0,3618.162016304972,1.3537719600413365,33.91382477896429,22.379148007808016,0.6133884487311976,44.48076923076923,23.603846153846156,41.32051282051282,1.9025641025641027
9510,4,Lando NORRIS,McLaren,75.829,315.39425000000006,333.24529722791414,12,57.335400160753245,329.0,3807.442990010334,1.340969112412447,51.933402227580665,45.558617522103575,0.8596279710644161,44.48076923076923,23.603846153846156,41.32051282051282,1.9025641025641027
9510,10,Pierre GASLY,Alpine,77.361,226.28393333333335,308.9456146093175,15,64.89849580893329,336.0,3939.254277184522,1.641175795154438,48.12808588816167,37.42151796991618,0.7777586404868527,44.48076923076923,23.603846153846156,41.32051282051282,1.9025641025641027
9510,11,Sergio PEREZ,Red Bull Racing,76.631,203.11213333333333,230.55758093886703,15,67.11057526696521,335.0,3698.262487082329,1.7440004592949823,56.495292226432426,44.48639338615226,0.9216327936617292,44.48076923076923,23.603846153846156,41.32051282051282,1.9025641025641027
9510,14,Fernando ALONSO,Aston Martin,77.339,156.07850000000002,138.856821704949,8,37.528533700769316,331.0,2145.334998277644,0.964749110115972,59.995923757032955,53.52738546331381,0.8956826271672982,44.48076923076923,23.603846153846156,41.32051282051282,1.9025641025641027
9510,16,Charles LECLERC,Ferrari,76.087,207.9743888888889,269.65890333904315,18,76.2878631300953,342.0,4933.223159949477,1.936043173728327,62.6447353312665,49.57193707658744,0.9985647031806177,44.48076923076923,23.603846153846156,41.32051282051282,1.9025641025641027
9510,18,Lance STROLL,Aston Martin,76.543,165.6836086956522,145.70262497523154,23,91.29475255482834,337.0,5413.664485015501,2.3757607073142726,51.57400390400735,37.488115742335516,0.9247330347915949,44.48076923076923,23.603846153846156,41.32051282051282,1.9025641025641027
9510,20,Kevin MAGNUSSEN,Haas F1 Team,76.923,311.9951111111111,504.30191311079705,9,45.79681938224825,334.0,3148.8603169135376,1.2570903662877484,78.81674130210128,71.86267080032151,0.9806521988747273,44.48076923076923,23.603846153846156,41.32051282051282,1.9025641025641027
9510,22,Yuki TSUNODA,RB,76.668,217.91145454545452,189.06098413588603,11,53.60713055459869,329.0,3354.547938913767,1.283959122746584,31.80192903892525,21.042599609599264,0.5747502583534275,44.48076923076923,23.603846153846156,41.32051282051282,1.9025641025641027
9510,23,Alexander ALBON,Williams,76.47,236.6339090909091,249.11938830443037,11,54.070616603513606,336.0,3701.696750488001,1.4327706969801355,61.684751406590884,57.53771960041337,0.9657825238259272,44.48076923076923,23.603846153846156,41.32051282051282,1.9025641025641027
9510,24,ZHOU Guanyu,Kick Sauber,77.891,233.23866666666666,228.67493752389123,12,57.313009530370884,330.0,3325.532495119991,1.594844413824779,37.994832931450226,30.904351819956368,0.664944310483408,44.48076923076923,23.603846153846156,41.32051282051282,1.9025641025641027
9510,27,Nico HULKENBERG,Haas F1 Team,76.547,238.9933333333333,267.59749535335504,12,57.38701343437823,335.0,3779.424618211046,1.5226776897462395,56.158054885750374,47.134228958548626,0.8433804110690091,44.48076923076923,23.603846153846156,41.32051282051282,1.9025641025641027
9510,31,Esteban OCON,Alpine,76.481,202.92023529411762,251.28050583491452,17,72.30330692387186,333.0,4378.658801240096,2.016247559995407,65.56619588930991,52.25651624755999,0.9401768285681479,44.48076923076923,23.603846153846156,41.32051282051282,1.9025641025641027
9510,44,Lewis HAMILTON,Mercedes,76.96,219.96676923076922,205.70989433821373,13,61.067229303019865,331.0,3570.8926397979103,1.8465954759444254,67.69135377196004,59.35629808244345,1.0,44.48076923076923,23.603846153846156,41.32051282051282,1.9025641025641027
9510,55,Carlos SAINZ,Ferrari,76.067,180.79745,184.48322433583897,20,83.72993455046503,338.0,5383.223963715696,2.125387530141233,60.58554369043518,46.09162934894936,1.0,44.48076923076923,23.603846153846156,41.32051282051282,1.9025641025641027
9510,63,George RUSSELL,Mercedes,76.095,208.98138461538463,201.21413512571758,13,61.041049489034336,329.0,3706.618038810426,1.631473188655414,34.72000229647491,24.32058789757722,0.6408887357905615,44.48076923076923,23.603846153846156,41.32051282051282,1.9025641025641027
9510,77,Valtteri BOTTAS,Kick Sauber,76.695,228.3466923076923,330.45557221517555,13,57.62808588816167,331.0,3391.5288207601334,1.551900332988862,41.68480881846366,32.54633138132966,0.6868756458835688,44.48076923076923,23.603846153846156,41.32051282051282,1.9025641025641027
9510,81,Oscar PIASTRI,McLaren,75.529,316.92475,509.31485531841776,12,57.071707429096335,337.0,3558.072740842806,1.399184751406591,57.44258812722471,50.80973705362269,0.8588816167183374,44.48076923076923,23.603846153846156,41.32051282051282,1.9025641025641027
9511,1,Max VERSTAPPEN,Red Bull Racing,74.746,201.844625,173.41411899333448,16,71.49586529242569,340.0,4138.074784276127,1.8174137104506232,28.69499041227229,18.683365292425695,0.9286313518696069,41.55866666666667,24.188,43.25333333333333,2.8986666666666663
9511,2,Logan SARGEANT,Williams,76.731,145.57857142857142,88.272848447878,7,31.634108341323106,337.0,2048.9600910834133,0.8472555129434324,69.30021572387344,65.13974113135187,0.900826941514861,41.55866666666667,24.188,43.25333333333333,2.8986666666666663
9511,3,Daniel RICCIARDO,RB,75.674,233.43576923076918,270.57280192929557,13,59.794642857142854,333.0,3559.171800095877,1.4307286673058486,48.40897651006711,36.19942473633749,0.7795421860019175,41.55866666666667,24.188,43.25333333333333,2.8986666666666663
9511,4,Lando NORRIS,McLaren,74.837,195.681,185.604255515045,17,75.48166347075743,335.0,4544.33455177373,1.8099832214765101,46.70074304889741,35.941754554170664,0.8211289549376798,41.55866666666667,24.188,43.25333333333333,2.8986666666666663
9511,10,Pierre GASLY,Alpine,76.015,179.62561538461534,166.91981596311373,13,55.98549856184084,329.0,3985.6362655800576,1.4453499520613615,65.07562320230106,55.212128475551296,0.9844798657718121,41.55866666666667,24.188,43.25333333333333,2.8986666666666663
9511,11,Sergio PEREZ,Red Bull Racing,75.706,243.11666666666665,214.26957223968543,9,39.538650527325025,337.0,2521.3613974113136,1.0191754554170662,45.43480345158198,40.02636625119847,0.9958652924256951,41.55866666666667,24.188,43.25333333333333,2.8986666666666663
9511,14,Fernando ALONSO,Aston Martin,76.917,106.94649999999997,19.17262357938179,6,27.911493288590606,336.0,1996.9995805369128,0.6877996164908916,86.72279482262704,82.47267497603067,1.0,41.55866666666667,24.188,43.25333333333333,2.8986666666666663
9511,16,Charles LECLERC,Ferrari,74.97,174.81921052631577,156.62233608792806,19,83.80920421860019,333.0,4979.208473154363,2.1547219558964525,48.070889261744966,33.29050814956855,1.0,41.55866666666667,24.188,43.25333333333333,2.8986666666666663
9511,18,Lance STROLL,Aston Martin,75.992,165.1525,155.71900873448303,14,59.80830536912752,336.0,3615.4723154362414,1.5479985618408436,73.12541946308725,63.37967401725791,0.9958652924256951,41.55866666666667,24.188,43.25333333333333,2.8986666666666663
9511,20,Kevin MAGNUSSEN,Haas F1 Team,76.854,136.3072857142857,80.71024525462194,7,31.47153643336529,334.0,2619.033616970278,0.848453978906999,74.13734419942473,69.33988494726749,0.8751198465963567,41.55866666666667,24.188,43.25333333333333,2.8986666666666663
9511,22,Yuki TSUNODA,RB,75.358,236.73192307692307,269.960021935574,13,60.00964765100671,333.0,3528.8690675934804,1.4568552253116012,48.45655560882071,36.23322147651007,0.7782238734419943,41.55866666666667,24.188,43.25333333333333,2.8986666666666663
9511,23,Alexander ALBON,Williams,76.2,181.32381818181818,168.45224675412433,11,47.555848513902205,335.0,2731.969618887824,1.2497603068072867,81.27900287631832,75.46668264621285,1.0,41.55866666666667,24.188,43.25333333333333,2.8986666666666663
9511,24,ZHOU Guanyu,Kick Sauber,76.834,126.80137500000001,72.60953831270638,8,35.61187679769895,333.0,2037.6656879194632,0.9779482262703739,75.74244966442953,70.27037392138064,0.8985498561840843,41.55866666666667,24.188,43.25333333333333,2.8986666666666663
9511,27,Nico HULKENBERG,Haas F1 Team,75.569,179.63368421052633,155.37337264932685,19,83.03739213806328,337.0,4710.11349472675,2.1826462128475552,55.72920661553212,40.738255033557046,0.8827301054650047,41.55866666666667,24.188,43.25333333333333,2.8986666666666663
9511,31,Esteban OCON,Alpine,75.906,165.48557142857143,151.60513520312952,14,59.771632310642374,329.0,3844.351869606903,1.574784276126558,67.13530680728667,56.125119846596355,1.0,41.55866666666667,24.188,43.25333333333333,2.8986666666666663
9511,44,Lewis HAMILTON,Mercedes,75.504,190.4245,164.4819767459341,18,79.49790268456375,333.0,4374.612356184084,2.2508389261744965,52.0414669223394,39.91466922339406,0.8536673058485139,41.55866666666667,24.188,43.25333333333333,2.8986666666666663
9511,55,Carlos SAINZ,Ferrari,75.233,184.7643888888889,169.4250408952253,18,79.5945589645254,336.0,4956.87368168744,2.025647171620326,51.52223154362416,38.534995206136145,1.0,41.55866666666667,24.188,43.25333333333333,2.8986666666666663
9511,63,George RUSSELL,Mercedes,75.234,215.30256250000002,180.55676076685995,16,71.59461888782359,331.0,4175.942653403643,1.9049616490891659,70.52259108341323,57.43000958772771,1.0,41.55866666666667,24.188,43.25333333333333,2.8986666666666663
9511,77,Valtteri BOTTAS,Kick Sauber,76.626,126.0036,72.62196841892955,5,23.955716682646212,334.0,1330.7130273250239,0.6458533077660594,69.50910834132311,66.29410354745926,0.7767857142857143,41.55866666666667,24.188,43.25333333333333,2.8986666666666663
9511,81,Oscar PIASTRI,McLaren,74.82,246.09984615384622,221.77024095458177,13,59.860858101629915,333.0,3704.2229745925215,1.4906519654841803,47.05740651965484,39.1852828379674,0.7909276126558006,41.55866666666667,24.188,43.25333333333333,2.8986666666666663
9515,1,Max VERSTAPPEN,Red Bull Racing,80.366,81.36009523809523,2.937217924122562,63,138.99713157732404,338.0,6912.5700450311515,3.533310714946641,44.05955832459441,14.51508235148973,0.12300289926593054,42.023776223776224,25.113986013986015,48.42657342657343,2.141258741258741
9515,2,Logan SARGEANT,Williams,81.229,83.49503225806451,3.6043007373707088,62,136.54031213373636,345.0,6947.240053050398,3.6312688914934306,41.70307198815619,14.632039972857935,0.158565171796928,42.023776223776224,25.113986013986015,48.42657342657343,2.141258741258741
9515,3,Daniel RICCIARDO,RB,81.569,83.11882258064517,3.0579803820347626,62,136.77364135463574,340.0,7021.9183887483805,3.369533033125655,43.1375609154278,13.620504595644933,0.1480784652396521,42.023776223776224,25.113986013986015,48.42657342657343,2.141258741258741
9515,4,Lando NORRIS,McLaren,79.994,81.37169841269841,3.0952544457036604,63,139.0966627598544,330.0,7140.867774967614,3.4489544136697305,42.74887422120782,12.88939608907532,0.10628585528344951,42.023776223776224,25.113986013986015,48.42657342657343,2.141258741258741
9515,10,Pierre GASLY,Alpine,81.371,83.47277419354837,4.237123223022426,62,134.96965023749306,338.0,6890.49333785701,3.385108876688668,44.97696008882858,13.074949108629943,0.15628277095799148,42.023776223776224,25.113986013986015,48.42657342657343,2.141258741258741
9515,11,Sergio PEREZ,Red Bull Racing,79.686,82.23074603174604,3.184595157386964,63,140.62016531984455,343.0,7015.821139966689,3.5752266979211647,44.32154092899883,14.934550613780766,0.1830238726790451,42.023776223776224,25.113986013986015,48.42657342657343,2.141258741258741
9515,14,Fernando ALONSO,Aston Martin,79.004,83.7168524590164,5.26838042067201,61,134.7473629017334,350.0,6934.5054900993155,3.4809697119240024,67.53506878045772,36.841897477021774,0.26938498550367035,42.023776223776224,25.113986013986015,48.42657342657343,2.141258741258741
9515,16,Charles LECLERC,Ferrari,79.935,81.48715873015874,3.1334180444797664,63,139.00471901795078,332.0,7216.1341373141695,3.5579544753562398,56.522608105607304,24.54567886003331,0.37011905496267966,42.023776223776224,25.113986013986015,48.42657342657343,2.141258741258741
9515,18,Lance STROLL,Aston Martin,80.57,82.62390476190475,3.0943878473229347,63,138.64641292949233,341.0,7015.427641724755,3.6278144469804454,44.663839368330144,13.250385540682252,0.14221824686940965,42.023776223776224,25.113986013986015,48.42657342657343,2.141258741258741
9515,20,Kevin MAGNUSSEN,Haas F1 Team,81.009,83.09879032258065,3.3524635964783864,62,137.41505767688608,347.0,6926.5845105175495,3.640984516686201,44.87844673369934,16.671149219665658,0.3369625562889396,42.023776223776224,25.113986013986015,48.42657342657343,2.141258741258741
9515,22,Yuki TSUNODA,RB,80.936,82.96141935483871,2.8939530646281315,62,136.99972241070878,341.0,6988.445376596138,3.38816235889211,43.05527111220776,14.305471593362531,0.17121090617481957,42.023776223776224,25.113986013986015,48.42657342657343,2.141258741258741
9515,23,Alexander ALBON,Williams,81.274,86.04225490196077,13.023600093891599,51,112.9154586391956,343.0,5865.611066559743,2.9693726482018383,43.2341003022639,22.78218493615446,0.1498365307507248,42.023776223776224,25.113986013986015,48.42657342657343,2.141258741258741
9515,24,ZHOU Guanyu,Kick Sauber,81.016,83.3966612903226,3.2808305692286868,62,137.0121830855592,346.0,6805.518259206711,3.661217691690827,50.67355499352291,21.040774782555054,0.3256430818579977,42.023776223776224,25.113986013986015,48.42657342657343,2.141258741258741
9515,27,Nico HULKENBERG,Haas F1 Team,81.7,83.08158064516131,2.918724862699723,62,137.29828511504533,337.0,7016.429245573993,3.542502004811548,44.73795570908642,15.50823514897292,0.3100980815495651,42.023776223776224,25.113986013986015,48.42657342657343,2.141258741258741
9515,31,Esteban OCON,Alpine,81.304,83.37933870967743,3.135899407658539,62,134.84954660415767,336.0,6828.515174881253,3.421442230584171,44.864443896119916,14.718401085682562,0.14721485411140584,42.023776223776224,25.113986013986015,48.42657342657343,2.141258741258741
9515,44,Lewis HAMILTON,Mercedes,80.331,81.91769841269841,3.0189327486366992,63,141.16470297945838,340.0,7006.2286718894575,3.8318117327740424,45.19622478563938,14.391462587132194,0.13185491333045463,42.023776223776224,25.113986013986015,48.42657342657343,2.141258741258741
9515,55,Carlos SAINZ,Ferrari,80.22,81.71365079365081,3.0057153080382646,63,138.67136512244772,337.0,7178.288137684289,3.591018444266239,57.06264265005243,26.233791869718093,0.39537968046388255,42.023776223776224,25.113986013986015,48.42657342657343,2.141258741258741
9515,63,George RUSSELL,Mercedes,78.589,82.10879365079367,4.181421654492417,63,141.07976065634446,336.0,7308.037258651533,3.704891740176423,50.438406020603296,18.310159768058725,0.19721176978594782,42.023776223776224,25.113986013986015,48.42657342657343,2.141258741258741
9515,77,Valtteri BOTTAS,Kick Sauber,81.455,83.57938709677418,3.283024345044685,62,136.9580531737709,338.0,6879.121337363518,3.6097402997964347,50.511535377213,22.016655357473322,0.29695885509839,42.023776223776224,25.113986013986015,48.42657342657343,2.141258741258741
9515,81,Oscar PIASTRI,McLaren,79.907,81.58538095238096,2.9411702099813315,63,139.1384862130652,340.0,7043.106563444575,3.5206649805687498,42.63074455616557,12.991178829190057,0.15310591573622848,42.023776223776224,25.113986013986015,48.42657342657343,2.141258741258741
9516,1,Max VERSTAPPEN,Red Bull Racing,72.984,132.68446428571428,130.41587788178742,28,73.69453817557907,285.0,5105.025164426652,1.7331426937374892,44.53869030597655,39.40428939090649,1.0,35.56103896103896,20.71688311688312,66.72727272727273,0.7467532467532466
9516,2,Logan SARGEANT,Williams,74.15,107.84477142857145,75.23084358961356,35,91.62230483271375,286.0,6356.758535887904,2.291964541035173,44.808635973691736,38.965970832141835,1.0,35.56103896103896,20.71688311688312,66.72727272727273,0.7467532467532466
9516,3,Daniel RICCIARDO,RB,72.901,106.76222857142855,71.18040623858937,35,91.58307120388905,282.0,6561.778553045468,2.056391192450672,35.481498427223336,20.980040034315127,0.8642264798398628,35.56103896103896,20.71688311688312,66.72727272727273,0.7467532467532466
9516,4,Lando NORRIS,McLaren,72.396,115.06518750000001,124.16155408540256,32,84.4640549042036,286.0,5826.204918501573,1.9504146411209609,41.69350872176151,33.8026880183014,0.8591364026308265,35.56103896103896,20.71688311688312,66.72727272727273,0.7467532467532466
9516,10,Pierre GASLY,Alpine,75.574,416.89177777777775,772.335788927441,9,25.445181584215042,282.0,2523.525364598227,0.611323991993137,80.9441235344581,78.65324563911925,1.0,35.56103896103896,20.71688311688312,66.72727272727273,0.7467532467532466
9516,11,Sergio PEREZ,Red Bull Racing,73.229,130.98767857142855,121.01074232009722,28,73.4152702316271,287.0,4987.9003717472115,1.8561624249356592,41.34280812124678,35.946010866456966,1.0,35.56103896103896,20.71688311688312,66.72727272727273,0.7467532467532466
9516,14,Fernando ALONSO,Aston Martin,72.775,132.19296,166.21519340336613,25,66.36945953674578,284.0,4446.814526737203,1.5867314841292537,68.3954818415785,61.42728052616528,1.0,35.56103896103896,20.71688311688312,66.72727272727273,0.7467532467532466
9516,16,Charles LECLERC,Ferrari,72.397,114.45168749999999,95.22878083247652,32,83.80131541321133,286.0,6109.291564197884,2.0261938804689734,55.5583071203889,47.97140406062339,1.0,35.56103896103896,20.71688311688312,66.72727272727273,0.7467532467532466
9516,18,Lance STROLL,Aston Martin,72.789,147.65012000000002,203.94916582919774,25,74.63042607949671,286.0,4863.59954246497,1.9063197026022305,52.89042036030884,45.6960823563054,0.8784672576494138,35.56103896103896,20.71688311688312,66.72727272727273,0.7467532467532466
9516,20,Kevin MAGNUSSEN,Haas F1 Team,73.39,116.4764375,125.78368049923485,32,83.94389476694309,287.0,5794.264798398627,2.1262796682871032,57.74526737203317,48.967000285959394,1.0,35.56103896103896,20.71688311688312,66.72727272727273,0.7467532467532466
9516,22,Yuki TSUNODA,RB,72.875,111.261,88.85650475600842,33,86.58873319988561,281.0,6078.6358021160995,2.050900772090363,38.31158135544753,27.902316271089504,0.8592507863883329,35.56103896103896,20.71688311688312,66.72727272727273,0.7467532467532466
9516,23,Alexander ALBON,Williams,73.425,108.31657575757576,132.8900757532285,33,86.73663139834143,283.0,5842.955447526451,2.3453245639119245,52.00640549042036,47.788161281098084,0.9806119531026595,35.56103896103896,20.71688311688312,66.72727272727273,0.7467532467532466
9516,24,ZHOU Guanyu,Kick Sauber,74.57,128.93510344827587,140.6312858997488,29,78.74795539033457,286.0,5328.0753788961965,2.176322562196168,42.219616814412355,38.46977409207892,0.8517586502716614,35.56103896103896,20.71688311688312,66.72727272727273,0.7467532467532466
9516,27,Nico HULKENBERG,Haas F1 Team,73.576,113.80266666666667,94.22934858764823,33,86.66056619959966,288.0,6479.7301687160425,2.1344581069488133,47.67108950529025,40.219159279382325,1.0,35.56103896103896,20.71688311688312,66.72727272727273,0.7467532467532466
9516,31,Esteban OCON,Alpine,74.159,116.79796875,146.15386368941046,32,83.79513869030598,282.0,5624.402573634544,2.067715184443809,61.19027738061195,51.77878181298256,1.0,35.56103896103896,20.71688311688312,66.72727272727273,0.7467532467532466
9516,44,Lewis HAMILTON,Mercedes,72.169,110.0703529411765,94.43072292765811,34,90.49042036030883,288.0,5936.503974835573,2.420531884472405,50.11507006005147,41.81710037174721,1.0,35.56103896103896,20.71688311688312,66.72727272727273,0.7467532467532466
9516,55,Carlos SAINZ,Ferrari,72.954,108.19967647058823,84.4166055293697,34,89.22402058907635,288.0,6524.5448670288815,2.166199599656849,54.6107520732056,46.542293394338,1.0,35.56103896103896,20.71688311688312,66.72727272727273,0.7467532467532466
9516,63,George RUSSELL,Mercedes,72.295,110.87567647058825,101.72474340410314,34,88.87091792965398,290.0,6542.004518158422,2.191364026308264,52.38038318558765,42.95430368887618,1.0,35.56103896103896,20.71688311688312,66.72727272727273,0.7467532467532466
9516,77,Valtteri BOTTAS,Kick Sauber,73.248,137.2974074074074,188.99986577248993,27,71.5759222190449,288.0,4910.486416928796,1.822647983986274,44.435744924220764,39.67789533886188,0.8448384329425221,35.56103896103896,20.71688311688312,66.72727272727273,0.7467532467532466
9516,81,Oscar PIASTRI,McLaren,72.198,124.2590333333333,146.25412229232683,30,79.10534744066342,285.0,5480.73165570489,1.8778381469831285,57.21052330569059,48.67326279668287,1.0,35.56103896103896,20.71688311688312,66.72727272727273,0.7467532467532466
9517,1,Max VERSTAPPEN,Red Bull Racing,71.813,103.41408333333332,78.56219724183684,36,90.6385804485086,286.0,5978.693228826475,2.1461463096015674,37.37497278467233,26.581319399085565,0.8852601785325496,31.30246913580247,20.76172839506173,66.44444444444444,0.7901234567901234
9517,2,Logan SARGEANT,Williams,72.79,107.28694285714285,83.98913167103156,35,88.08883082952319,287.0,6132.089810581319,2.183213585891574,48.36256259525365,40.549967341606795,0.9983670803396473,31.30246913580247,20.76172839506173,66.44444444444444,0.7901234567901234
9517,3,Daniel RICCIARDO,RB,72.577,104.37613888888887,73.82798785771965,36,90.85004354452428,284.0,6335.013662094491,2.062649684302199,38.832081428260395,24.663618549967342,0.8565752231656869,31.30246913580247,20.76172839506173,66.44444444444444,0.7901234567901234
9517,4,Lando NORRIS,McLaren,71.953,107.65688235294118,95.32445639553264,34,85.75849118223384,287.0,6317.117679076856,2.0297191378184194,51.55285216634008,42.77770520357065,0.998203788373612,31.30246913580247,20.76172839506173,66.44444444444444,0.7901234567901234
9517,10,Pierre GASLY,Alpine,72.75,109.3995294117647,90.83790964881777,34,85.76344437187024,286.0,6049.0916612236015,2.0865991726540387,51.092423252775966,40.916829958632704,0.980731548007838,31.30246913580247,20.76172839506173,66.44444444444444,0.7901234567901234
9517,11,Sergio PEREZ,Red Bull Racing,72.099,122.3117,138.30878154770218,30,76.08801436969301,287.0,5112.361746135423,1.8553233180927498,49.07413455258001,41.29610276507729,0.998149357718267,31.30246913580247,20.76172839506173,66.44444444444444,0.7901234567901234
9517,14,Fernando ALONSO,Aston Martin,71.753,104.42355555555554,78.39365271373997,36,90.97093403004573,287.0,6129.367298062269,2.2017744393642498,37.9972240365774,29.15044633137383,0.8573372523405182,31.30246913580247,20.76172839506173,66.44444444444444,0.7901234567901234
9517,16,Charles LECLERC,Ferrari,71.278,100.63022222222223,62.79612809326839,36,90.64647289353364,290.0,6139.3168952754195,2.1810363596777704,39.81341171347703,29.064881341171347,0.8233725234051817,31.30246913580247,20.76172839506173,66.44444444444444,0.7901234567901234
9517,18,Lance STROLL,Aston Martin,72.062,108.33371428571428,81.77285699810578,21,54.0942738950577,289.0,3676.9169388199434,1.386131069018071,52.276017853254956,46.41476159372959,0.8130851295449597,31.30246913580247,20.76172839506173,66.44444444444444,0.7901234567901234
9517,20,Kevin MAGNUSSEN,Haas F1 Team,72.473,124.45256666666667,154.78084905303655,30,76.31667755279774,290.0,5389.956945351622,1.9497060744611365,51.49379490529066,43.57718266927934,0.9522098846070106,31.30246913580247,20.76172839506173,66.44444444444444,0.7901234567901234
9517,22,Yuki TSUNODA,RB,72.349,105.68405714285714,77.22301968785617,35,88.8553777487481,282.0,6142.877531025473,2.0691813629436098,39.14249945569345,26.84302198998476,0.8491182233834096,31.30246913580247,20.76172839506173,66.44444444444444,0.7901234567901234
9517,23,Alexander ALBON,Williams,72.257,97.52283783783784,71.31585535338206,37,93.47975179621163,287.0,6304.057914217287,2.3062812976268234,49.20901371652515,43.34182451556717,0.9755606357500545,31.30246913580247,20.76172839506173,66.44444444444444,0.7901234567901234
9517,24,ZHOU Guanyu,Kick Sauber,73.773,117.69177419354841,112.4679706441793,31,78.5099063792728,287.0,5246.553614195515,2.036577400391901,58.49145438711082,52.58850424559112,0.9720770738079686,31.30246913580247,20.76172839506173,66.44444444444444,0.7901234567901234
9517,27,Nico HULKENBERG,Haas F1 Team,72.569,114.28169696969697,121.49831976927358,33,83.75272153276725,290.0,6092.569399085565,2.0532876115828436,52.75201393424777,44.05247115175267,0.9984759416503375,31.30246913580247,20.76172839506173,66.44444444444444,0.7901234567901234
9517,31,Esteban OCON,Alpine,72.554,111.00533333333334,117.60643884394919,33,83.38477030263445,286.0,5577.269921619856,2.079468756803832,44.49183540169824,35.6995427824951,0.8503156978010015,31.30246913580247,20.76172839506173,66.44444444444444,0.7901234567901234
9517,44,Lewis HAMILTON,Mercedes,71.466,121.59754838709675,128.72185256912792,31,78.83948399738733,287.0,5150.424450250381,2.0851839756150663,56.271445678205964,48.93294143261485,0.9984215109949924,31.30246913580247,20.76172839506173,66.44444444444444,0.7901234567901234
9517,55,Carlos SAINZ,Ferrari,71.962,106.0941142857143,60.41855196296271,35,88.14543871108208,288.0,6503.483017635533,2.155889396908339,50.23650119747442,40.22904419769214,0.9980949270629218,31.30246913580247,20.76172839506173,66.44444444444444,0.7901234567901234
9517,63,George RUSSELL,Mercedes,72.26,130.1725172413793,137.8760824362726,29,73.66541476159372,288.0,5191.73900500762,1.769812758545613,41.503265839320704,33.77247986065752,0.8607119529719138,31.30246913580247,20.76172839506173,66.44444444444444,0.7901234567901234
9517,77,Valtteri BOTTAS,Kick Sauber,73.057,122.59770000000002,136.02254522471634,30,76.23383409536251,286.0,5156.981548007838,1.9312540822991509,42.40066405399521,36.03418245155672,0.8342586544741999,31.30246913580247,20.76172839506173,66.44444444444444,0.7901234567901234
9517,81,Oscar PIASTRI,McLaren,72.366,107.59914705882353,91.68573034432619,34,86.03559764859568,286.0,5804.158828652297,2.0560635750054432,37.33937513607664,27.676899629871542,0.8291421728717614,31.30246913580247,20.76172839506173,66.44444444444444,0.7901234567901234
9518,1,Max VERSTAPPEN,Red Bull Racing,71.566,104.35484615384615,57.57100355460224,26,67.64243482178051,290.0,4751.002928092798,1.6334816149557971,35.203727687369785,29.572385832535616,0.893687707641196,46.86202531645569,21.67468354430379,57.40506329113924,0.8240506329113924
9518,2,Logan SARGEANT,Williams,72.703,140.32395000000002,134.46909244301273,20,52.37620361506841,289.0,3950.1699420012387,1.3491750661636353,48.84565572385833,47.33847626555549,0.8855228334928769,46.86202531645569,21.67468354430379,57.40506329113924,0.8240506329113924
9518,3,Daniel RICCIARDO,RB,72.829,137.3262222222222,175.7902287195848,27,69.59704938341123,284.0,5025.663213018751,1.5793682076693507,41.65724421420125,30.01182499014584,0.8186271749535446,46.86202531645569,21.67468354430379,57.40506329113924,0.8240506329113924
9518,4,Lando NORRIS,McLaren,71.988,161.88304347826084,193.09768164336305,23,59.75511008502731,287.0,4612.462075567318,1.350864350470184,57.169716763331266,53.31629033166282,1.0,46.86202531645569,21.67468354430379,57.40506329113924,0.8240506329113924
9518,10,Pierre GASLY,Alpine,72.144,111.39152,103.72965359283526,25,65.14296976181092,288.0,4849.084802072189,1.5738498789346247,66.42294048088293,60.28334928768512,1.0,46.86202531645569,21.67468354430379,57.40506329113924,0.8240506329113924
9518,11,Sergio PEREZ,Red Bull Racing,71.923,119.94617391304345,88.22301653031869,23,59.585280702742274,290.0,4335.439945942902,1.4688890140210598,49.42676952531111,45.18722901064249,1.0,46.86202531645569,21.67468354430379,57.40506329113924,0.8240506329113924
9518,14,Fernando ALONSO,Aston Martin,72.087,150.66583333333335,166.66639844478416,24,62.24883157835464,289.0,4377.171743904499,1.5229461118306211,47.61805281828932,42.901965200743284,0.8623796384931584,46.86202531645569,21.67468354430379,57.40506329113924,0.8240506329113924
9518,16,Charles LECLERC,Ferrari,71.369,108.43531999999999,48.33904629404267,25,64.63657863618447,288.0,5115.755222703981,1.5837603468663777,58.91305816768962,53.35840982037277,1.0,46.86202531645569,21.67468354430379,57.40506329113924,0.8240506329113924
9518,18,Lance STROLL,Aston Martin,72.331,140.66358333333332,159.01624480586793,24,61.982487752688776,290.0,4225.998141787263,1.5950785517202546,47.11611014133679,40.63472042344726,0.8555098823131934,46.86202531645569,21.67468354430379,57.40506329113924,0.8240506329113924
9518,20,Kevin MAGNUSSEN,Haas F1 Team,72.216,116.33816666666667,77.73538143946352,30,77.31302438200349,291.0,5809.783208513993,1.9955515513260882,47.631736021172365,41.00816487414832,1.0,46.86202531645569,21.67468354430379,57.40506329113924,0.8240506329113924
9518,22,Yuki TSUNODA,RB,71.991,139.3661153846154,160.6536174239776,26,67.46173771045667,285.0,4913.718227377668,1.5631510783264824,39.93946731234867,31.52429753927586,0.8160369390168365,46.86202531645569,21.67468354430379,57.40506329113924,0.8240506329113924
9518,23,Alexander ALBON,Williams,72.18,121.03917391304347,94.02117478740912,23,60.01171237119207,287.0,4622.982093586351,1.492201137451433,50.84576834281209,49.877808435159636,0.9211104228841714,46.86202531645569,21.67468354430379,57.40506329113924,0.8240506329113924
9518,24,ZHOU Guanyu,Kick Sauber,73.83,118.05703703703703,95.57118392163935,27,69.84143251309196,287.0,4655.000168928431,1.8386170392477055,32.485500309702125,28.132665127540964,0.7132158342249001,46.86202531645569,21.67468354430379,57.40506329113924,0.8240506329113924
9518,27,Nico HULKENBERG,Haas F1 Team,72.192,135.20104347826086,161.19312279927053,23,60.01531617771271,292.0,4756.367757193536,1.4981136325243538,54.13474857818571,48.88090545638831,0.9676220507911482,46.86202531645569,21.67468354430379,57.40506329113924,0.8240506329113924
9518,31,Esteban OCON,Alpine,72.472,117.88345833333335,126.09214586529541,24,62.23255813953488,286.0,4680.014246297652,1.643448392364435,66.84131989413818,61.81721943803142,1.0,46.86202531645569,21.67468354430379,57.40506329113924,0.8240506329113924
9518,44,Lewis HAMILTON,Mercedes,71.71,139.84941666666666,139.42952454762366,24,62.561968579311895,288.0,4467.248212174109,3.9094543611689847,54.87623176980686,51.702460724139875,1.0,46.86202531645569,21.67468354430379,57.40506329113924,0.8240506329113924
9518,55,Carlos SAINZ,Ferrari,71.979,110.49644,53.45509067251126,25,64.69958894081874,289.0,5475.478912100906,1.5826341573286784,45.910242693845376,40.62503519342305,0.935638267920491,46.86202531645569,21.67468354430379,57.40506329113924,0.8240506329113924
9518,63,George RUSSELL,Mercedes,71.968,116.88062499999998,79.24601473132182,32,82.34084126358466,291.0,5871.8882256883835,1.9811363252435386,52.49377780280421,43.557182273776675,1.0,46.86202531645569,21.67468354430379,57.40506329113924,0.8240506329113924
9518,77,Valtteri BOTTAS,Kick Sauber,86.364,86.364,0.0,1,4.739624978883946,281.0,356.94290219043864,0.8792161720817614,70.42299679035982,70.16859057379357,0.7134410721324399,46.86202531645569,21.67468354430379,57.40506329113924,0.8240506329113924
9518,81,Oscar PIASTRI,McLaren,71.901,156.09237500000003,179.0436189291156,24,62.30266343825666,288.0,4507.552621206149,1.6176586519511233,42.577678923362804,38.61185877583197,0.8278056196857931,46.86202531645569,21.67468354430379,57.40506329113924,0.8240506329113924
9519,1,Max VERSTAPPEN,Red Bull Racing,70.567,127.2965185185185,114.28530526692117,27,72.57212458674091,289.0,4926.497534945769,1.7409663012586276,37.939968679310944,31.8074357635868,0.9823676120874659,44.72631578947369,21.242105263157892,60.85526315789474,1.142105263157895
9519,2,Logan SARGEANT,Williams,72.02,97.4940909090909,36.00139634022938,11,31.49799895597703,288.0,2507.2239429267443,0.7937474624441738,69.09796415521141,67.14877327301201,1.0,44.72631578947369,21.242105263157892,60.85526315789474,1.142105263157895
9519,3,Daniel RICCIARDO,RB,71.482,119.44895,82.14661603893067,20,54.255611623455714,286.0,4025.7594687083115,1.2206948552868162,48.493996867931095,39.77240299286584,0.9008178179919958,44.72631578947369,21.242105263157892,60.85526315789474,1.142105263157895
9519,4,Lando NORRIS,McLaren,70.542,136.83353846153847,140.3737678299866,26,69.63459196102315,287.0,4884.943158749493,1.5845948610869438,44.964851226726985,48.79600951220927,1.0,44.72631578947369,21.242105263157892,60.85526315789474,1.142105263157895
9519,10,Pierre GASLY,Alpine,70.896,122.98037931034484,99.33722679335304,29,77.29238443245751,290.0,5697.918334203352,1.8764572820602052,45.65912650078302,37.82425613363494,1.0,44.72631578947369,21.242105263157892,60.85526315789474,1.142105263157895
9519,11,Sergio PEREZ,Red Bull Racing,72.06,95.7121818181818,27.209637262685845,11,31.072327591207006,289.0,2215.8094658082478,0.7664288614349516,66.7431703497477,64.57699669392727,1.0,44.72631578947369,21.242105263157892,60.85526315789474,1.142105263157895
9519,14,Fernando ALONSO,Aston Martin,72.019,96.6879,36.22023553333137,10,28.31657096456122,291.0,2332.6519923438314,0.6686387100516211,63.077721709877615,60.73916826170176,0.8979177541905922,44.72631578947369,21.242105263157892,60.85526315789474,1.142105263157895
9519,16,Charles LECLERC,Ferrari,70.27,135.72768,135.03058095134452,25,66.9051679136941,291.0,5053.985441679717,1.6232817121976684,46.99535989791775,40.431993503857086,0.9502929064439418,44.72631578947369,21.242105263157892,60.85526315789474,1.142105263157895
9519,18,Lance STROLL,Aston Martin,71.563,143.70131249999997,137.57449859336157,16,43.74473638420045,291.0,3077.9124760744735,1.1021402470854358,56.806681746998436,52.86282698219361,0.899425787367322,44.72631578947369,21.242105263157892,60.85526315789474,1.142105263157895
9519,20,Kevin MAGNUSSEN,Haas F1 Team,71.725,130.4470588235294,110.66483845136688,17,46.430601473232414,294.0,3574.3308392784643,1.164375616263558,67.4840786497303,64.71782379212343,1.0,44.72631578947369,21.242105263157892,60.85526315789474,1.142105263157895
9519,22,Yuki TSUNODA,RB,70.858,146.39833333333334,127.79912805736284,24,64.27365002030045,289.0,4690.962241169305,1.5123832724319934,35.38014036308799,27.997215938750653,0.9026158575488661,44.72631578947369,21.242105263157892,60.85526315789474,1.142105263157895
9519,23,Alexander ALBON,Williams,70.948,117.70582142857143,103.1684099117463,28,75.3950466910272,289.0,5283.076329679253,1.8495446899831796,45.40589292964445,43.07081955803028,0.9940258685691086,44.72631578947369,21.242105263157892,60.85526315789474,1.142105263157895
9519,24,ZHOU Guanyu,Kick Sauber,73.028,103.2127,44.25765100420491,10,28.44747984455658,288.0,2082.79380546372,0.7288440345687606,67.23171509773215,66.16367960095123,0.8980337567426483,44.72631578947369,21.242105263157892,60.85526315789474,1.142105263157895
9519,27,Nico HULKENBERG,Haas F1 Team,71.44,115.86136842105263,94.98210117380317,19,51.4134330955281,292.0,4387.85163273592,1.2561916362159968,61.491328809233806,55.67078475726466,1.0,44.72631578947369,21.242105263157892,60.85526315789474,1.142105263157895
9519,31,Esteban OCON,Alpine,71.285,116.23763157894736,82.28340093156253,19,51.49567890493591,289.0,4193.679194942289,1.3455716025752567,58.36732208108578,55.14598921176266,1.0,44.72631578947369,21.242105263157892,60.85526315789474,1.142105263157895
9519,44,Lewis HAMILTON,Mercedes,70.621,130.408962962963,130.14909436872247,27,72.16762368772113,291.0,4942.357461864161,1.8768052897163738,51.96798329563251,45.830984281654196,1.0,44.72631578947369,21.242105263157892,60.85526315789474,1.142105263157895
9519,55,Carlos SAINZ,Ferrari,70.518,126.35992592592592,96.29580262146959,27,72.46598225160953,289.0,5582.017806391741,1.7547126036772809,40.949016878371324,34.18363203990488,1.0,44.72631578947369,21.242105263157892,60.85526315789474,1.142105263157895
9519,63,George RUSSELL,Mercedes,70.543,130.67766666666668,130.5616432171239,27,72.56939852676759,290.0,5195.402180847978,1.7190418189200163,51.76747288440346,44.35195174293835,1.0,44.72631578947369,21.242105263157892,60.85526315789474,1.142105263157895
9519,77,Valtteri BOTTAS,Kick Sauber,72.512,99.79209999999998,29.45506105731237,10,28.503915086131894,289.0,2070.086363900006,0.7482164607621368,70.25468360303927,68.46122614697524,0.8976857490864799,44.72631578947369,21.242105263157892,60.85526315789474,1.142105263157895
9519,81,Oscar PIASTRI,McLaren,70.424,153.2808695652174,167.13689001854124,23,62.273998027956615,287.0,4463.808131778899,1.489646772228989,43.272605997331944,37.40919900237805,0.8998897975755467,44.72631578947369,21.242105263157892,60.85526315789474,1.142105263157895
9523,1,Max VERSTAPPEN,Red Bull Racing,74.569,79.61640259740258,9.389109057299494,77,82.26352692155046,292.0,5101.955483529568,2.104312739780394,24.149578868457027,16.60298981346739,0.3044714909379548,46.318000000000005,21.596499999999995,63.99,0.9795
9523,2,Logan SARGEANT,Williams,75.525,81.16962666666666,5.612644666639387,75,80.25801472857962,293.0,5343.945958460114,2.006460290161838,29.09439079243286,23.965868501124486,0.3871102879569608,46.318000000000005,21.596499999999995,63.99,0.9795
9523,3,Daniel RICCIARDO,RB,77.172,81.22948000000001,5.975821256496886,75,79.41778012964677,288.0,5203.539952374653,1.8967235524981259,24.15328306213344,14.677867442783437,0.337169819641046,46.318000000000005,21.596499999999995,63.99,0.9795
9523,4,Lando NORRIS,McLaren,75.742,79.69041558441558,10.22865396096982,77,81.56585968161573,291.0,5429.313842218989,1.93332451382458,29.70337787185254,21.94576002116682,0.497883317899193,46.318000000000005,21.596499999999995,63.99,0.9795
9523,10,Pierre GASLY,Alpine,75.625,81.02763157894736,6.986987393573151,76,80.84669488909468,283.0,5476.955880407461,1.9374917317105438,30.179278564183974,21.941526656965205,0.34786347400449796,46.318000000000005,21.596499999999995,63.99,0.9795
9523,11,Sergio PEREZ,Red Bull Racing,,,,0,5.142743749173171,284.0,436.4601358204348,3.7399126868633417,78.84016845261719,78.64117828636945,0.8109097323279093,46.318000000000005,21.596499999999995,63.99,0.9795
9523,14,Fernando ALONSO,Aston Martin,77.939,81.14965333333333,5.338775426364697,75,78.34572474313181,286.0,5235.03805618027,1.9364333906601403,28.964303038320764,21.643162675838955,0.342924549102615,46.318000000000005,21.596499999999995,63.99,0.9795
9523,16,Charles LECLERC,Ferrari,75.162,79.73018181818182,11.380058778894687,77,81.35156766768091,288.0,5420.363540150814,1.9983904396525114,35.95484411518279,27.347973717863916,0.46046655201305287,46.318000000000005,21.596499999999995,63.99,0.9795
9523,18,Lance STROLL,Aston Martin,76.71,81.31830666666666,7.562269944883539,75,79.2552586320942,290.0,5166.289610618688,2.0289500374829124,29.17502315121048,21.543855007276093,0.3560876659170084,46.318000000000005,21.596499999999995,63.99,0.9795
9523,20,Kevin MAGNUSSEN,Haas F1 Team,,,,0,4.158883450191825,278.0,522.5451779335891,4.445517484676103,79.74291131983948,79.8276667989593,0.9726815716364599,46.318000000000005,21.596499999999995,63.99,0.9795
9523,22,Yuki TSUNODA,RB,74.72,80.8741052631579,8.051164867630135,76,80.3712572209728,281.0,5312.249305463685,1.8708603430788906,23.92148432332319,14.891740530052475,0.29721744498831415,46.318000000000005,21.596499999999995,63.99,0.9795
9523,23,Alexander ALBON,Williams,77.06,80.9840657894737,7.279484024759197,76,80.86627419852714,290.0,5318.297041054813,2.0362481809763198,28.443841778012963,24.586409137011067,0.3727124399170966,46.318000000000005,21.596499999999995,63.99,0.9795
9523,24,ZHOU Guanyu,Kick Sauber,74.718,81.66081333333332,4.674790161973999,75,80.0847775278917,289.0,5192.843299378224,2.069277241257662,38.194359924152224,32.87542443885876,0.43746968293866034,46.318000000000005,21.596499999999995,63.99,0.9795
9523,27,Nico HULKENBERG,Haas F1 Team,,,,0,4.139855360056445,278.0,470.0670944128412,2.9983242933368612,82.26044009348679,82.28575208360894,0.9705869383075363,46.318000000000005,21.596499999999995,63.99,0.9795
9523,31,Esteban OCON,Alpine,,,,0,5.856749129073511,276.0,605.2895444723729,3.315165145301407,78.56685187635048,78.55748114830004,0.830819773338625,46.318000000000005,21.596499999999995,63.99,0.9795
9523,44,Lewis HAMILTON,Mercedes,74.165,79.566987012987,8.961406737455738,77,82.48998985756494,295.0,5061.8236318737045,2.2913083741235614,31.566829827578605,23.87396921991445,0.3311064073731093,46.318000000000005,21.596499999999995,63.99,0.9795
9523,55,Carlos SAINZ,Ferrari,74.726,79.74568831168833,10.798980803592384,77,81.59070864752833,293.0,5383.980134056533,2.101600740838735,35.79234466640208,28.98117034881157,0.4699475239229175,46.318000000000005,21.596499999999995,63.99,0.9795
9523,63,George RUSSELL,Mercedes,75.228,79.67505194805194,9.688331909679118,77,82.2687965780306,291.0,5388.138973409181,2.0202187238170835,31.514794725933765,22.694359924152224,0.3306433831635578,46.318000000000005,21.596499999999995,63.99,0.9795
9523,77,Valtteri BOTTAS,Kick Sauber,76.561,81.04392000000001,4.980094881987691,75,80.58259469947524,290.0,5149.67489085858,2.1279931207831724,38.368611368346784,33.647219649865505,0.4402919257397363,46.318000000000005,21.596499999999995,63.99,0.9795
9523,81,Oscar PIASTRI,McLaren,76.281,79.7917142857143,11.161169593621818,77,81.54162808131588,288.0,5430.762093751378,1.9418132909996912,30.44227631520924,22.71438020902236,0.46659611059663975,46.318000000000005,21.596499999999995,63.99,0.9795
9524,1,Max VERSTAPPEN,Red Bull Racing,86.502,220.07066666666663,255.27926833219774,9,37.436186186186184,329.0,2344.569011319011,0.9111226611226612,28.863305613305613,26.73943173943174,0.5650843150843151,28.68205128205127,18.237179487179485,83.57692307692308,1.2474358974358977
9524,2,Logan SARGEANT,Williams,96.586,495.37275,674.5570895318554,4,20.73925848925849,320.0,1985.3843266343267,0.5447562947562947,77.40817740817741,76.51674751674751,0.9794987294987295,28.68205128205127,18.237179487179485,83.57692307692308,1.2474358974358977
9524,3,Daniel RICCIARDO,RB,88.582,170.79325,195.31840319894974,8,33.86983136983137,324.0,2121.033033033033,0.8152575652575652,20.86734811734812,16.563178563178564,0.3635943635943636,28.68205128205127,18.237179487179485,83.57692307692308,1.2474358974358977
9524,4,Lando NORRIS,McLaren,84.435,303.793,345.79276422942775,7,30.54030954030954,319.0,2131.223665973666,0.7017787017787018,42.717486717486715,40.046431046431046,0.5952875952875953,28.68205128205127,18.237179487179485,83.57692307692308,1.2474358974358977
9524,10,Pierre GASLY,Alpine,87.584,203.74128571428574,268.1698268436383,7,30.40985215985216,315.0,2099.8457495957496,0.7889812889812889,35.98925848925849,32.29660429660429,0.5091822591822592,28.68205128205127,18.237179487179485,83.57692307692308,1.2474358974358977
9524,11,Sergio PEREZ,Red Bull Racing,88.058,147.2361111111111,149.43010003896242,9,37.194271194271195,323.0,2231.7502887502887,0.9916262416262416,32.77246477246477,28.864171864171865,0.5961538461538461,28.68205128205127,18.237179487179485,83.57692307692308,1.2474358974358977
9524,14,Fernando ALONSO,Aston Martin,93.411,336.96666666666664,337.18836357574514,3,16.815604065604067,322.0,1660.9021714021715,0.42515592515592515,72.35192885192885,71.06745206745207,0.8690806190806191,28.68205128205127,18.237179487179485,83.57692307692308,1.2474358974358977
9524,16,Charles LECLERC,Ferrari,85.306,179.8441,182.63589297476548,10,40.81843381843382,327.0,2932.835296835297,1.0343612843612844,46.45697620697621,41.994686994686994,0.6998151998151998,28.68205128205127,18.237179487179485,83.57692307692308,1.2474358974358977
9524,18,Lance STROLL,Aston Martin,100.53,330.5496666666666,318.5110558963726,3,16.81860706860707,299.0,1460.6500924000925,0.44144144144144143,68.17273042273042,67.17925617925619,0.8428043428043428,28.68205128205127,18.237179487179485,83.57692307692308,1.2474358974358977
9524,20,Kevin MAGNUSSEN,Haas F1 Team,89.052,292.65500000000003,311.3796764365238,7,30.696523446523447,315.0,2164.7856317856317,0.8648648648648649,43.94952644952645,43.621852621852625,0.6483598983598984,28.68205128205127,18.237179487179485,83.57692307692308,1.2474358974358977
9524,22,Yuki TSUNODA,RB,88.723,178.58075,223.25314154270598,8,33.8033033033033,327.0,2071.5925155925156,0.8393970893970893,23.031647031647033,18.77962577962578,0.37635712635712637,28.68205128205127,18.237179487179485,83.57692307692308,1.2474358974358977
9524,23,Alexander ALBON,Williams,107.907,627.1046666666666,730.8126521484301,3,13.925791175791176,308.0,1546.0077962577961,0.37277662277662277,79.74364749364749,79.5895125895126,0.9851004851004851,28.68205128205127,18.237179487179485,83.57692307692308,1.2474358974358977
9524,24,ZHOU Guanyu,Kick Sauber,107.363,111.96166666666666,3.9721729849318304,3,11.262647262647263,275.0,714.0654885654885,0.3115038115038115,48.50109725109725,48.7036267036267,0.533957033957034,28.68205128205127,18.237179487179485,83.57692307692308,1.2474358974358977
9524,27,Nico HULKENBERG,Haas F1 Team,92.826,520.7755,726.478354106473,4,20.205359205359205,306.0,1560.1452413952413,0.5247170247170247,50.93012243012243,49.813351813351815,0.6483598983598984,28.68205128205127,18.237179487179485,83.57692307692308,1.2474358974358977
9524,44,Lewis HAMILTON,Mercedes,85.97,226.76249999999996,259.5346208578925,10,41.10787710787711,326.0,2618.0982905982905,1.1822014322014323,75.45645645645645,71.60406560406561,0.9980364980364981,28.68205128205127,18.237179487179485,83.57692307692308,1.2474358974358977
9524,55,Carlos SAINZ,Ferrari,84.763,173.3936,169.5518854216608,10,40.93150843150843,321.0,3030.406675906676,1.0454492954492955,49.08212058212058,45.111573111573115,0.7072072072072072,28.68205128205127,18.237179487179485,83.57692307692308,1.2474358974358977
9524,61,Jack DOOHAN,Alpine,126.267,983.933,857.6659999999999,2,13.49064449064449,290.0,1028.8559713559714,0.35314160314160314,40.19941094941095,39.706167706167705,0.4998844998844999,28.68205128205127,18.237179487179485,83.57692307692308,1.2474358974358977
9524,63,George RUSSELL,Mercedes,88.541,224.533,249.01559210770316,8,33.88201663201663,322.0,2214.7297297297296,0.8734118734118734,45.708131208131206,42.131670131670134,0.6334603834603835,28.68205128205127,18.237179487179485,83.57692307692308,1.2474358974358977
9524,77,Valtteri BOTTAS,Kick Sauber,87.67,220.82510000000002,237.82093756835204,10,40.53898128898129,296.0,2504.7909447909446,1.0984638484638485,35.06098406098406,31.61954261954262,0.5565373065373065,28.68205128205127,18.237179487179485,83.57692307692308,1.2474358974358977
9524,81,Oscar PIASTRI,McLaren,86.754,327.7941666666666,374.3884913688884,6,26.844421344421345,319.0,2045.713501963502,0.742954492954493,41.0484522984523,39.03395703395704,0.5877800877800878,28.68205128205127,18.237179487179485,83.57692307692308,1.2474358974358977
9525,1,Max VERSTAPPEN,Red Bull Racing,79.311,83.721,4.409999999999997,2,12.713780137137801,300.0,793.357498341075,0.3190665781906658,67.47229595222296,65.8347710683477,0.8789537712895377,25.546249999999997,18.99625,68.5,1.2925
9525,2,Logan SARGEANT,Williams,77.496,145.5612380952381,196.63700853891618,21,70.19370714443707,327.0,4234.889792081398,1.864852908648529,68.3986396814864,59.6821499668215,0.9846825923468259,25.546249999999997,18.99625,68.5,1.2925
9525,3,Daniel RICCIARDO,RB,76.731,142.92118181818185,200.95800319687697,22,73.52079186020792,337.0,4294.753096660031,1.7625525326255254,56.7649303251493,44.09599646095997,0.8292966157929662,25.546249999999997,18.99625,68.5,1.2925
9525,4,Lando NORRIS,McLaren,80.843,157.85915000000003,193.3013418386626,20,67.14886087148861,325.0,3967.88299048883,1.628677283786773,58.95985401459854,50.973899579739,0.8343286883432869,25.546249999999997,18.99625,68.5,1.2925
9525,10,Pierre GASLY,Alpine,80.789,148.19564000000003,191.988842130553,25,83.76603627516036,324.0,4796.583665118336,2.1096549435965493,53.44226940942269,39.5222295952223,0.8223291307232913,25.546249999999997,18.99625,68.5,1.2925
9525,11,Sergio PEREZ,Red Bull Racing,77.041,181.2478823529412,283.84201905676593,17,60.69636142446362,329.0,3489.2719531077196,1.5599977880999778,56.01581508515815,47.889183808891836,0.8942158814421588,25.546249999999997,18.99625,68.5,1.2925
9525,14,Fernando ALONSO,Aston Martin,75.81,156.13029166666666,176.42606710354133,24,79.61463171864632,331.0,4615.510948905109,2.0898584383985845,52.57376686573767,41.1338199513382,0.836098208360982,25.546249999999997,18.99625,68.5,1.2925
9525,16,Charles LECLERC,Ferrari,76.556,161.133,191.40466697458598,23,76.65168104401681,326.0,4903.664399469144,1.907266091572661,66.05717761557177,53.8066799380668,0.9982857774828577,25.546249999999997,18.99625,68.5,1.2925
9525,18,Lance STROLL,Aston Martin,76.464,146.4141923076923,189.98044430799456,26,86.12215217872152,331.0,4951.035390400354,2.2375580623755806,53.13957089139571,39.69409422694094,0.8351581508515815,25.546249999999997,18.99625,68.5,1.2925
9525,20,Kevin MAGNUSSEN,Haas F1 Team,76.773,224.2055,479.7984535650285,14,47.85489935854899,333.0,3228.5611590356116,1.2716766202167662,83.16207697412077,76.36629064366291,0.9982304799823049,25.546249999999997,18.99625,68.5,1.2925
9525,22,Yuki TSUNODA,RB,76.951,152.4421904761905,219.3659205601495,21,70.55684583056846,330.0,4099.769575315196,1.716710904667109,58.98075646980757,47.230701172307015,0.8295731032957311,25.546249999999997,18.99625,68.5,1.2925
9525,23,Alexander ALBON,Williams,76.977,143.27166666666668,209.97440718728268,21,70.59688122096881,329.0,4534.45498783455,1.8590466710904667,64.88592125635921,57.68834328688343,0.9930878124308781,25.546249999999997,18.99625,68.5,1.2925
9525,24,ZHOU Guanyu,Kick Sauber,79.087,204.1505625,293.55451451177873,16,55.65057509400575,329.0,3189.581232028312,1.4662685246626852,47.83051316080513,42.503649635036496,0.7076421145764211,25.546249999999997,18.99625,68.5,1.2925
9525,27,Nico HULKENBERG,Haas F1 Team,77.903,158.81999999999996,217.49560238603252,19,64.00337314753374,322.0,3713.5091240875913,1.650022119000221,41.52554744525548,32.76730811767308,0.6729705817297058,25.546249999999997,18.99625,68.5,1.2925
9525,31,Esteban OCON,Alpine,77.417,125.23250000000002,133.20929158977611,30,98.76100420261004,323.0,5563.367949568679,2.5853240433532405,49.231807122318074,32.645653616456535,0.8343839858438399,25.546249999999997,18.99625,68.5,1.2925
9525,44,Lewis HAMILTON,Mercedes,76.908,145.95515384615385,190.48165831016834,26,86.49496792744968,332.0,4719.497732802477,2.4523335545233356,51.97970581729706,39.426675514266755,0.8370382658703827,25.546249999999997,18.99625,68.5,1.2925
9525,55,Carlos SAINZ,Ferrari,77.722,146.64923076923077,194.3936381590611,26,86.47284892722848,321.0,5274.798164122982,2.2320836098208363,68.26000884760009,55.662906436629065,0.9981751824817519,25.546249999999997,18.99625,68.5,1.2925
9525,63,George RUSSELL,Mercedes,76.273,163.85708695652175,181.83727548479044,23,77.27023888520239,330.0,4775.399192656492,1.988995797389958,65.36275160362752,52.88122096881221,0.990986507409865,25.546249999999997,18.99625,68.5,1.2925
9525,77,Valtteri BOTTAS,Kick Sauber,77.817,146.86415000000002,174.68419594664968,20,67.29108604291086,327.0,3756.0751493032517,1.8279141782791417,39.469586374695865,30.044680380446803,0.6468701614687016,25.546249999999997,18.99625,68.5,1.2925
9525,81,Oscar PIASTRI,McLaren,79.008,170.29394736842104,257.3861662925704,19,63.99552090245521,326.0,4007.798827692988,1.6577637690776377,76.12690776376908,66.97920813979208,0.9981751824817519,25.546249999999997,18.99625,68.5,1.2925
9526,1,Max VERSTAPPEN,Red Bull Racing,72.923,123.76160000000002,100.424535378429,30,104.01146447665766,327.0,5857.709364493193,2.6445461059361737,39.289202447224824,21.981370225431295,0.8768671112825883,36.4,20.854320987654322,61.925925925925924,1.6790123456790123
9526,2,Logan SARGEANT,Williams,73.663,125.41843333333334,89.95207096436907,30,100.83784379650554,334.0,5652.60888496941,2.7573719891969355,43.73879733230447,29.539987874111226,0.8207573168715206,36.4,20.854320987654322,61.925925925925924,1.6790123456790123
9526,3,Daniel RICCIARDO,RB,73.279,112.56812121212123,72.00977108015,33,110.45753183045802,332.0,6491.960976685223,2.6216171526208454,43.978779694648075,21.15857355453894,0.8289147329548586,36.4,20.854320987654322,61.925925925925924,1.6790123456790123
9526,4,Lando NORRIS,McLaren,73.293,119.83206451612905,101.65037649389537,31,103.6397508681034,325.0,5927.418894339415,2.537948520090393,46.88629223391942,28.916937661908175,0.8133715482555256,36.4,20.854320987654322,61.925925925925924,1.6790123456790123
9526,10,Pierre GASLY,Alpine,73.737,131.68396428571427,138.43893741246205,28,94.15565231769828,324.0,5360.009700711018,2.377776552940528,50.13013283359974,31.59543625640743,0.8089070164801851,36.4,20.854320987654322,61.925925925925924,1.6790123456790123
9526,11,Sergio PEREZ,Red Bull Racing,73.342,135.9608148148148,189.4907809759927,27,94.45213029818663,331.0,5217.399988976465,2.4095243344540593,58.13040842198093,40.09546381524555,0.997850410626688,36.4,20.854320987654322,61.925925925925924,1.6790123456790123
9526,14,Fernando ALONSO,Aston Martin,73.34,128.1261379310345,123.75147274211746,29,97.27613955795624,331.0,5358.009866064047,2.562861709750317,52.90271730143857,36.26147825607672,0.882930055668853,36.4,20.854320987654322,61.925925925925924,1.6790123456790123
9526,16,Charles LECLERC,Ferrari,73.349,133.09559259259257,127.37970163786905,27,90.81166290029212,328.0,5504.315328225762,2.296643333517059,65.69801025188778,48.99454335005236,0.997850410626688,36.4,20.854320987654322,61.925925925925924,1.6790123456790123
9526,18,Lance STROLL,Aston Martin,73.026,142.8711153846154,147.90475998381967,26,86.86700104723585,334.0,5053.702144077606,2.2237226478531666,52.382241084715865,37.89163864851458,0.8725679325359643,36.4,20.854320987654322,61.925925925925924,1.6790123456790123
9526,20,Kevin MAGNUSSEN,Haas F1 Team,73.439,121.46103448275863,105.00811148520131,29,96.78349776773412,332.0,5695.5181061566445,2.5768064818387257,61.907347186242625,43.896599239376066,0.9759135754836576,36.4,20.854320987654322,61.925925925925924,1.6790123456790123
9526,22,Yuki TSUNODA,RB,73.716,121.64393333333332,88.73291702930142,30,100.8338202061401,333.0,6027.2503444854765,2.4259494019732126,38.974149809844015,20.18541586286722,0.8133715482555256,36.4,20.854320987654322,61.925925925925924,1.6790123456790123
9526,23,Alexander ALBON,Williams,73.88,131.4089523809524,110.35364459059024,21,71.40919362839662,331.0,4307.4865788458355,1.8806702309430634,48.20817946315383,39.79694648073637,0.8060408973157692,36.4,20.854320987654322,61.925925925925924,1.6790123456790123
9526,24,ZHOU Guanyu,Kick Sauber,78.656,88.11066666666666,12.458161082421254,3,10.185305627514744,305.0,603.6813647136637,0.2748167337265061,80.90139447720884,79.26958055448382,0.827867497106322,36.4,20.854320987654322,61.925925925925924,1.6790123456790123
9526,27,Nico HULKENBERG,Haas F1 Team,73.777,139.09419230769234,141.21054894295509,26,87.37331202116519,332.0,5295.011464476657,2.274816733726506,61.81827702144078,53.015929008433005,0.9977952929504492,36.4,20.854320987654322,61.925925925925924,1.6790123456790123
9526,31,Esteban OCON,Alpine,74.075,125.8171,120.18941880003413,30,100.3605247202778,329.0,5718.883260761726,2.5947197266163258,48.37231990299289,30.482720608499147,0.8315052637380808,36.4,20.854320987654322,61.925925925925924,1.6790123456790123
9526,44,Lewis HAMILTON,Mercedes,72.549,126.19373333333331,113.41109150664626,30,100.45571294714215,330.0,5512.298903158243,2.81541090227636,65.0891252824781,46.97282698561428,0.9977952929504492,36.4,20.854320987654322,61.925925925925924,1.6790123456790123
9526,55,Carlos SAINZ,Ferrari,73.57,113.41975,71.08034615489714,32,107.22228958827095,327.0,6611.9309926693495,2.7346635065865623,64.56131841481563,43.91996913410131,0.9980157636554043,36.4,20.854320987654322,61.925925925925924,1.6790123456790123
9526,63,George RUSSELL,Mercedes,72.957,118.92315625,89.27342520772537,32,107.43344540594168,331.0,6407.372926197431,2.7503720443146116,59.6748608278675,40.22554153116904,0.9977952929504492,36.4,20.854320987654322,61.925925925925924,1.6790123456790123
9526,77,Valtteri BOTTAS,Kick Sauber,73.642,122.3704516129032,95.98265900498389,31,103.84258391666208,332.0,5687.147219313234,2.8480956842859504,47.62150691726837,29.69211266053023,0.8265997905528303,36.4,20.854320987654322,61.925925925925924,1.6790123456790123
9526,81,Oscar PIASTRI,McLaren,73.266,121.86329032258064,93.73480987551842,31,103.83001708647963,340.0,6019.340682356832,2.59587719781734,43.838505208620404,27.744694923662017,0.8246706718844734,36.4,20.854320987654322,61.925925925925924,1.6790123456790123
9527,1,Max VERSTAPPEN,Red Bull Racing,72.0,137.31937037037036,112.48066660481179,27,92.19839157602406,330.0,5330.339446887295,2.349571858366119,36.900138856746125,24.713492247165007,0.9468872946077297,31.116666666666653,20.55384615384616,66.88461538461539,1.8564102564102563
9527,2,Logan SARGEANT,Williams,72.736,112.50019047619047,87.41630707990089,21,75.31740337884749,334.0,4415.924265216385,2.0027192779449203,60.31005554269845,48.778754917843095,0.9452672992362879,31.116666666666653,20.55384615384616,66.88461538461539,1.8564102564102563
9527,3,Daniel RICCIARDO,RB,72.178,144.40833333333333,126.4202227532139,24,85.09557972691506,333.0,5210.347894006017,1.9964128673918073,39.166338810460545,21.40037028465633,0.8384633186762324,31.116666666666653,20.55384615384616,66.88461538461539,1.8564102564102563
9527,4,Lando NORRIS,McLaren,72.021,146.22951999999998,152.11422218743914,25,85.14458458690117,329.0,4926.470782226336,2.079264059245545,49.48142791020597,34.8294376301782,0.8415297384864615,31.116666666666653,20.55384615384616,66.88461538461539,1.8564102564102563
9527,10,Pierre GASLY,Alpine,72.94,140.2703125,132.4786439750379,16,61.26718352233279,326.0,4047.1440638741033,1.543566304096274,55.78332561906966,44.445267299236285,0.8966674380930341,31.116666666666653,20.55384615384616,66.88461538461539,1.8564102564102563
9527,11,Sergio PEREZ,Red Bull Racing,73.326,101.184,28.238531930679397,10,37.45302013422819,331.0,2354.7620342513305,0.9506479981485767,67.0213492247165,61.33163619532515,0.9981485767183522,31.116666666666653,20.55384615384616,66.88461538461539,1.8564102564102563
9527,14,Fernando ALONSO,Aston Martin,72.228,159.56531818181816,147.2278818222055,22,77.88434390187457,333.0,4624.130641055312,1.9722286507752835,51.65737097894006,37.78778060634112,0.8412983105762555,31.116666666666653,20.55384615384616,66.88461538461539,1.8564102564102563
9527,16,Charles LECLERC,Ferrari,72.691,109.2269,87.65499712275393,20,71.49357787549178,331.0,4597.929935200185,1.8160726683638047,65.9008909974543,51.70238370747512,0.9868086091182596,31.116666666666653,20.55384615384616,66.88461538461539,1.8564102564102563
9527,18,Lance STROLL,Aston Martin,72.659,147.07483333333334,127.18558361166131,24,84.7074172645221,337.0,5071.895163156677,2.1658180976625783,52.09118259662115,37.693126591066886,0.8835917611663967,31.116666666666653,20.55384615384616,66.88461538461539,1.8564102564102563
9527,20,Kevin MAGNUSSEN,Haas F1 Team,72.916,148.40546666666665,124.81971971173287,15,54.372251793566306,332.0,4067.883418190234,1.4358366118953947,67.75630641055311,57.96181439481602,0.9980328627632492,31.116666666666653,20.55384615384616,66.88461538461539,1.8564102564102563
9527,22,Yuki TSUNODA,RB,72.303,153.02321739130434,141.42576702344638,23,81.67733163619532,334.0,5019.148403147419,1.9792293450590142,39.66876880351771,23.776209210830825,0.8387526035639898,31.116666666666653,20.55384615384616,66.88461538461539,1.8564102564102563
9527,23,Alexander ALBON,Williams,72.485,138.73819999999998,120.21878045995975,25,88.5945961582967,336.0,5206.989122888221,2.369995371441796,46.92495950011571,36.38231890766026,0.8847489007174265,31.116666666666653,20.55384615384616,66.88461538461539,1.8564102564102563
9527,24,ZHOU Guanyu,Kick Sauber,74.292,101.223,47.86100602787201,9,37.211062254107844,333.0,2082.163966674381,0.9743693589446887,74.07376764637816,68.45035871326083,0.885616755380699,31.116666666666653,20.55384615384616,66.88461538461539,1.8564102564102563
9527,27,Nico HULKENBERG,Haas F1 Team,73.978,98.09244444444444,31.606988285332342,9,33.8178662346679,327.0,2425.2797384864616,0.8758389261744967,70.58290904883128,64.21545938440175,0.8356861837537607,31.116666666666653,20.55384615384616,66.88461538461539,1.8564102564102563
9527,31,Esteban OCON,Alpine,73.435,106.65166666666667,58.24118182180028,9,37.24832214765101,329.0,2357.130409627401,1.0086206896551724,78.12254107845406,71.73964360101829,0.9832793334876186,31.116666666666653,20.55384615384616,66.88461538461539,1.8564102564102563
9527,44,Lewis HAMILTON,Mercedes,71.979,144.70766666666665,156.79132122816054,24,88.03054848414719,327.0,4754.596274010646,2.4401758852117563,47.618780374913214,32.941911594538304,0.8016084239759315,31.116666666666653,20.55384615384616,66.88461538461539,1.8564102564102563
9527,55,Carlos SAINZ,Ferrari,72.728,107.68366666666668,87.00768261992093,21,74.5622541078454,330.0,4899.51324924786,1.904883128905346,67.16234667900949,52.742883591761164,0.9979750057856978,31.116666666666653,20.55384615384616,66.88461538461539,1.8564102564102563
9527,63,George RUSSELL,Mercedes,71.742,143.70884,151.63828901162924,25,88.10518398518862,334.0,4988.728072205508,2.2540499884286045,49.48906503124277,32.333256190696595,0.8012612821106225,31.116666666666653,20.55384615384616,66.88461538461539,1.8564102564102563
9527,77,Valtteri BOTTAS,Kick Sauber,73.366,102.00044444444444,35.192936062388405,9,33.993462161536684,332.0,1860.3968410090256,0.9081809766257811,72.02979634343902,66.04559129831058,0.8090141171025226,31.116666666666653,20.55384615384616,66.88461538461539,1.8564102564102563
9527,81,Oscar PIASTRI,McLaren,72.103,124.1935,100.78626196046902,28,98.58296690580885,329.0,5704.904246702153,2.4557972691506595,43.88023605646841,28.6433695903726,0.8397361721823652,31.116666666666653,20.55384615384616,66.88461538461539,1.8564102564102563
9531,1,Max VERSTAPPEN,Red Bull Racing,75.569,90.69117142857145,14.936911612293532,70,166.51332726048557,311.0,9359.938690641213,4.114658006257674,50.974692067012555,25.173274189076796,0.58259733058735,24.569911504424784,17.797345132743363,73.38053097345133,1.169911504424779
9531,2,Logan SARGEANT,Williams,86.484,94.13221739130435,8.604592231737662,23,55.939561962850014,327.0,3300.103330824983,1.4671868192799715,80.86256881460652,75.71610756861658,0.27894174026694124,24.569911504424784,17.797345132743363,73.38053097345133,1.169911504424779
9531,3,Daniel RICCIARDO,RB,77.076,91.1011,12.19000702349499,70,165.66913541130342,343.0,9508.770248326666,3.98384094419581,50.02324844548299,24.254425917858132,0.661253911045982,24.569911504424784,17.797345132743363,73.38053097345133,1.169911504424779
9531,4,Lando NORRIS,McLaren,75.558,90.74654285714283,15.51106114974151,70,166.12796546397877,329.0,9497.48461325201,4.064517406629966,50.39031248762327,22.297912788625293,0.6559071646401837,24.569911504424784,17.797345132743363,73.38053097345133,1.169911504424779
9531,10,Pierre GASLY,Alpine,77.013,91.12129999999999,12.013391739875724,70,166.09944948314785,333.0,9446.533407263654,4.115370905778446,50.99659392451186,25.268485880628937,0.7415739237197513,24.569911504424784,17.797345132743363,73.38053097345133,1.169911504424779
9531,11,Sergio PEREZ,Red Bull Racing,78.819,92.37554901960785,10.352343099963495,51,122.40841221434512,337.0,6874.795358232009,3.0915679828904117,58.96748386074696,44.08428056556696,0.7919917620499822,24.569911504424784,17.797345132743363,73.38053097345133,1.169911504424779
9531,14,Fernando ALONSO,Aston Martin,76.303,90.94082857142855,12.896309460984153,70,165.17616539268883,327.0,9310.490237237118,4.234939997623668,48.686997504851675,24.6492138302507,0.5856469563151016,24.569911504424784,17.797345132743363,73.38053097345133,1.169911504424779
9531,16,Charles LECLERC,Ferrari,86.012,96.09465,12.477880001326346,40,97.64382747831597,313.0,5752.454790288724,2.421125589132243,70.39922373163293,55.43078933819161,0.5046932551784229,24.569911504424784,17.797345132743363,73.38053097345133,1.169911504424779
9531,18,Lance STROLL,Aston Martin,76.762,91.02861428571428,12.29165706170869,70,164.84617212562873,333.0,9324.901065388729,4.22012752980316,49.64727315933304,24.188363895599824,0.6043407659709296,24.569911504424784,17.797345132743363,73.38053097345133,1.169911504424779
9531,20,Kevin MAGNUSSEN,Haas F1 Team,76.499,91.13695714285713,11.83297798942275,70,165.99683155768545,349.0,8918.562636144006,4.566042219493841,49.16321438472811,26.9911679670482,0.6581646797892986,24.569911504424784,17.797345132743363,73.38053097345133,1.169911504424779
9531,22,Yuki TSUNODA,RB,77.309,91.44281428571429,11.723007238872329,70,165.99706919085904,338.0,9440.24361360846,4.047566240247138,49.136995524575234,25.343577963483703,0.6307972592973979,24.569911504424784,17.797345132743363,73.38053097345133,1.169911504424779
9531,23,Alexander ALBON,Williams,79.359,92.10428846153847,9.993033960900613,52,122.59325121787002,337.0,6903.068081904234,3.1996514713454,58.32539902570399,46.58703314982772,0.8042694760188522,24.569911504424784,17.797345132743363,73.38053097345133,1.169911504424779
9531,24,ZHOU Guanyu,Kick Sauber,77.325,92.78068115942028,12.740794775897188,69,161.488098538556,324.0,8976.146540457048,4.196839478791239,50.888589647114735,29.492019485920235,0.5778446671155293,24.569911504424784,17.797345132743363,73.38053097345133,1.169911504424779
9531,27,Nico HULKENBERG,Haas F1 Team,76.683,91.13102857142857,11.433943034380981,70,166.04103132797337,334.0,9319.721969186898,4.259812269792863,49.40163966889778,23.97718721533526,0.668382906253713,24.569911504424784,17.797345132743363,73.38053097345133,1.169911504424779
9531,31,Esteban OCON,Alpine,77.012,91.12458571428571,11.821000899721836,70,165.42401679274425,331.0,9074.86098459345,4.333795397837538,51.21874133629055,27.095251297081074,0.6742445245356252,24.569911504424784,17.797345132743363,73.38053097345133,1.169911504424779
9531,44,Lewis HAMILTON,Mercedes,74.856,90.76168571428569,14.068946307933306,70,165.94011644025505,337.0,8916.545209711276,4.558635985583588,50.30864588696582,25.8983722127609,0.6957503267456137,24.569911504424784,17.797345132743363,73.38053097345133,1.169911504424779
9531,55,Carlos SAINZ,Ferrari,78.957,92.09490384615385,10.071074523031132,52,124.56398273198938,337.0,7056.941146184007,3.2038892629411064,61.939561962850014,45.60655867559111,0.7778921937502475,24.569911504424784,17.797345132743363,73.38053097345133,1.169911504424779
9531,63,George RUSSELL,Mercedes,74.895,90.75270000000002,14.38662580350236,70,165.8249831676502,334.0,9385.093865103569,4.22377123846489,51.065309517208604,22.95393876985227,0.6680264564933265,24.569911504424784,17.797345132743363,73.38053097345133,1.169911504424779
9531,77,Valtteri BOTTAS,Kick Sauber,77.25,91.26947142857144,11.036844834749036,70,163.54140758049823,338.0,8708.344647312764,4.50053467464058,51.679987326230744,28.763594597805852,0.6018060121192919,24.569911504424784,17.797345132743363,73.38053097345133,1.169911504424779
9531,81,Oscar PIASTRI,McLaren,76.247,90.83604285714287,14.55400118615959,70,166.18642322468216,330.0,9559.611311339064,4.051289159966731,49.494197790011484,22.840508534991486,0.665214463939166,24.569911504424784,17.797345132743363,73.38053097345133,1.169911504424779
9532,1,Max VERSTAPPEN,Red Bull Racing,74.252,139.39576923076922,158.00246936904492,26,93.54910441967505,322.0,5304.0639383352745,2.3834636499750457,48.85199356734875,32.02284700271724,0.9984472910774691,47.092592592592595,28.16543209876543,33.666666666666664,2.0950617283950614
9532,2,Logan SARGEANT,Williams,75.752,162.80621739130436,150.43511884499998,23,86.99229190927744,317.0,4990.649586868519,2.456773692674541,46.45716186990517,32.63261797815117,0.8441745688460045,47.092592592592595,28.16543209876543,33.666666666666664,2.0950617283950614
9532,3,Daniel RICCIARDO,RB,75.58,130.7772857142857,123.46399484084915,28,107.14867187933234,323.0,6264.286918427328,2.598735651305939,47.63383796373316,24.19919037320468,0.8308101813342206,47.092592592592595,28.16543209876543,33.666666666666664,2.0950617283950614
9532,4,Lando NORRIS,McLaren,74.228,142.524,164.0386194474666,26,93.96755947429712,338.0,5329.786058892031,2.312704486219708,51.09854156269062,34.13808018632507,0.8482781567126934,47.092592592592595,28.16543209876543,33.666666666666664,2.0950617283950614
9532,10,Pierre GASLY,Alpine,75.484,184.79610000000002,204.0146743187607,20,73.32911883768647,318.0,4417.336161481728,1.8545999001829978,53.40653246825265,39.37825098430655,0.83641102423335,47.092592592592595,28.16543209876543,33.666666666666664,2.0950617283950614
9532,11,Sergio PEREZ,Red Bull Racing,74.692,138.86896296296297,167.04858718381828,27,97.08301447346531,324.0,5271.891254921533,2.5501025896966674,54.70021627017135,37.44401929795375,0.9983918371873787,47.092592592592595,28.16543209876543,33.666666666666664,2.0950617283950614
9532,14,Fernando ALONSO,Aston Martin,75.222,151.16756,175.43160498862915,25,89.96645039649532,332.0,5184.7594410247875,2.4018188875949646,50.555315255365166,34.40869516996617,0.8716796983308379,47.092592592592595,28.16543209876543,33.666666666666664,2.0950617283950614
9532,16,Charles LECLERC,Ferrari,75.434,152.56674999999998,175.08230507351155,24,90.45244828924749,325.0,5556.649864137969,2.3203571230521822,63.5885875894194,47.31237176287917,0.9982809294071979,47.092592592592595,28.16543209876543,33.666666666666664,2.0950617283950614
9532,18,Lance STROLL,Aston Martin,75.512,136.45559259259258,127.11439351558114,27,97.01841069151001,321.0,5616.811068596462,2.5433926689957302,48.328120667664834,30.725004159041756,0.8870958797759663,47.092592592592595,28.16543209876543,33.666666666666664,2.0950617283950614
9532,20,Kevin MAGNUSSEN,Haas F1 Team,75.644,135.64000000000001,121.9674734523805,28,104.38789996118227,332.0,5819.722675095658,2.902678422891366,46.587922142738314,28.020628847113624,0.8733433150335496,47.092592592592595,28.16543209876543,33.666666666666664,2.0950617283950614
9532,22,Yuki TSUNODA,RB,75.916,198.07847368421054,278.0282100367682,19,72.787112515943,322.0,4341.0369322908,1.7769090001663617,53.77685354627627,38.1961958631398,0.8317528974657572,47.092592592592595,28.16543209876543,33.666666666666664,2.0950617283950614
9532,23,Alexander ALBON,Williams,75.417,147.02652173913043,161.46412945884202,23,86.23129817556702,323.0,4915.805966838574,2.288249320689846,43.462984528364665,31.56590694837243,0.7723063272888593,47.092592592592595,28.16543209876543,33.666666666666664,2.0950617283950614
9532,24,ZHOU Guanyu,Kick Sauber,75.616,170.7943636363636,189.86034459990597,22,83.16514168468917,321.0,4780.212998391838,2.311650862307991,48.512782121665836,37.32778794432429,0.8438972993955526,47.092592592592595,28.16543209876543,33.666666666666664,2.0950617283950614
9532,31,Esteban OCON,Alpine,75.086,132.87664285714285,146.55792537672465,28,104.11978040259524,323.0,5847.394443520213,2.723728719569678,46.01996340043254,26.424444074751843,0.8325292519270227,47.092592592592595,28.16543209876543,33.666666666666664,2.0950617283950614
9532,44,Lewis HAMILTON,Mercedes,74.911,145.69196153846156,158.359117502321,26,96.88593134808407,325.0,5570.528364664781,2.692619087228969,62.76526368324738,45.13303388232684,0.9981700216270172,47.092592592592595,28.16543209876543,33.666666666666664,2.0950617283950614
9532,50,Oliver BEARMAN,Haas F1 Team,75.865,138.33292592592593,128.94737970336925,27,100.99900182997837,323.0,5804.829812011312,2.7059280208506626,44.47357622137193,27.869794266067764,0.8470581711307048,47.092592592592595,28.16543209876543,33.666666666666664,2.0950617283950614
9532,55,Carlos SAINZ,Ferrari,74.572,124.6503,118.82596059564032,30,107.75982920201852,327.0,6082.857261686907,2.792990628292575,69.18832141074697,47.421061387456334,0.9982254755171075,47.092592592592595,28.16543209876543,33.666666666666664,2.0950617283950614
9532,63,George RUSSELL,Mercedes,74.614,131.93593103448276,124.09090270802206,29,107.57400321632562,326.0,6398.218987411967,2.776132645705096,59.877058725669606,38.45261465091776,0.9983918371873787,47.092592592592595,28.16543209876543,33.666666666666664,2.0950617283950614
9532,77,Valtteri BOTTAS,Kick Sauber,75.472,166.6351304347826,168.62511760483332,23,83.48333610602783,317.0,4888.440525702878,2.2930183552376198,51.919591859368936,38.341041424055895,0.8696833582875839,47.092592592592595,28.16543209876543,33.666666666666664,2.0950617283950614
9532,81,Oscar PIASTRI,McLaren,74.867,138.87525925925922,122.93310895996413,27,100.81500582265846,334.0,5702.153607275551,2.5330782454389174,47.63489158764487,29.701768979093885,0.8380191870459712,47.092592592592595,28.16543209876543,33.666666666666664,2.0950617283950614
9533,1,Max VERSTAPPEN,Red Bull Racing,73.504,126.24217857142857,139.3181570560845,28,103.03464345873105,329.0,5469.755025266704,2.672206625491297,41.775856260527796,21.871982032565974,0.8895002807411566,43.05185185185185,24.86543209876543,49.901234567901234,1.8407407407407406
9533,2,Logan SARGEANT,Williams,75.07,115.91606451612905,101.04901546947735,31,116.95322852330152,319.0,6302.452161706906,3.2282425603593485,47.24272880404267,25.978888265019652,0.850870297585626,43.05185185185185,24.86543209876543,49.901234567901234,1.8407407407407406
9533,3,Daniel RICCIARDO,RB,74.257,131.2628214285714,141.5593418088717,28,102.84800673778776,329.0,5845.219595732734,2.515833801235261,51.09494665918024,28.13228523301516,0.8385176866928692,43.05185185185185,24.86543209876543,49.901234567901234,1.8407407407407406
9533,4,Lando NORRIS,McLaren,73.319,124.75046666666667,142.36443348831506,30,110.15991016282987,323.0,6098.856822010107,2.7092644581695677,52.77271195957327,31.999775407074676,0.8587871982032566,43.05185185185185,24.86543209876543,49.901234567901234,1.8407407407407406
9533,10,Pierre GASLY,Alpine,73.443,142.68292307692306,174.64697604528774,26,95.89522740033689,327.0,5468.221280179674,2.4346996069623805,53.45120718697361,34.097922515440764,0.8560920830993823,43.05185185185185,24.86543209876543,49.901234567901234,1.8407407407407406
9533,11,Sergio PEREZ,Red Bull Racing,74.081,167.11213636363635,197.45902510930657,22,81.52919708029196,324.0,4550.208085345312,2.100224592925323,57.081751824817516,40.9277933745087,0.9982032565974172,43.05185185185185,24.86543209876543,49.901234567901234,1.8407407407407406
9533,14,Fernando ALONSO,Aston Martin,74.091,137.97396296296296,175.40097099091037,27,99.30875912408759,325.0,5504.527737226277,2.6431779898933185,50.6064008983717,32.59584503088153,0.8489051094890511,43.05185185185185,24.86543209876543,49.901234567901234,1.8407407407407406
9533,16,Charles LECLERC,Ferrari,73.597,175.65557142857145,253.9539592041892,21,78.33295901179113,326.0,4968.664458169567,1.9850645704660304,67.79421673217294,52.42784952274003,0.9983155530600786,43.05185185185185,24.86543209876543,49.901234567901234,1.8407407407407406
9533,18,Lance STROLL,Aston Martin,74.402,139.074,143.12173369211624,27,99.27804604154969,326.0,5655.909096013475,2.6140370578326784,49.22038180797305,30.535878719820325,0.8558674901740595,43.05185185185185,24.86543209876543,49.901234567901234,1.8407407407407406
9533,20,Kevin MAGNUSSEN,Haas F1 Team,74.021,119.50741935483873,90.85206584182534,31,113.59017405951712,328.0,6501.330769230769,3.1405951712521056,56.119932622122406,33.69567658618754,0.9979786636720943,43.05185185185185,24.86543209876543,49.901234567901234,1.8407407407407406
9533,22,Yuki TSUNODA,RB,74.211,122.59276666666668,116.10740824819158,30,109.84110050533408,327.0,6177.609994385177,2.688433464345873,50.4528354856822,25.909713644020215,0.8419988770353733,43.05185185185185,24.86543209876543,49.901234567901234,1.8407407407407406
9533,23,Alexander ALBON,Williams,74.807,114.82624242424242,88.65720916867164,33,120.61819202695115,320.0,6639.179505895564,3.205334081976418,45.495002807411566,26.451431779898932,0.8570466030320045,43.05185185185185,24.86543209876543,49.901234567901234,1.8407407407407406
9533,24,ZHOU Guanyu,Kick Sauber,74.345,138.45125,136.14201848396218,20,75.5815272318922,327.0,4093.138910724312,2.0143177989893317,61.70387422796182,47.91106120157215,0.8557551937113981,43.05185185185185,24.86543209876543,49.901234567901234,1.8407407407407406
9533,27,Nico HULKENBERG,Haas F1 Team,74.053,132.8207857142857,154.55967237985584,28,103.20185289163392,327.0,5662.744413250983,2.764402021336328,51.22509825940483,30.234250421111735,0.8526108927568782,43.05185185185185,24.86543209876543,49.901234567901234,1.8407407407407406
9533,31,Esteban OCON,Alpine,73.766,129.2026206896552,127.17828547938838,29,106.58809657495789,328.0,6072.766591802359,2.7427849522740035,49.10381807973049,28.14957888826502,0.8555306007860752,43.05185185185185,24.86543209876543,49.901234567901234,1.8407407407407406
9533,44,Lewis HAMILTON,Mercedes,73.264,140.18125925925926,143.08773561378672,27,99.32661426165076,325.0,5470.141212801796,2.804941044357103,49.07984278495228,30.801796743402583,0.8643458731049972,43.05185185185185,24.86543209876543,49.901234567901234,1.8407407407407406
9533,55,Carlos SAINZ,Ferrari,73.286,123.98434482758618,124.62908212614434,29,106.49966311061202,330.0,6015.534643458731,2.7529477821448625,70.69079169006176,47.88074115665356,0.9982594048287479,43.05185185185185,24.86543209876543,49.901234567901234,1.8407407407407406
9533,63,George RUSSELL,Mercedes,73.722,134.80266666666665,133.64204945328424,27,99.43907916900618,329.0,5826.530320044919,2.565749578888265,47.04946659180236,27.19528354856822,0.8386299831555306,43.05185185185185,24.86543209876543,49.901234567901234,1.8407407407407406
9533,77,Valtteri BOTTAS,Kick Sauber,73.924,129.96503448275863,139.4848368888008,29,106.72650196518809,329.0,5803.594216732173,2.8640651319483434,53.1393037619315,33.31162268388546,0.8556428972487367,43.05185185185185,24.86543209876543,49.901234567901234,1.8407407407407406
9533,81,Oscar PIASTRI,McLaren,73.622,138.09822222222223,151.98080346381306,27,99.4577765300393,328.0,5501.235654126895,2.5183604716451433,53.71667602470522,34.426501965188095,0.8566535654126896,43.05185185185185,24.86543209876543,49.901234567901234,1.8407407407407406
9534,1,Max VERSTAPPEN,Red Bull Racing,73.087,153.19239130434784,177.71984888478127,23,84.57318102526588,324.0,4700.872320072028,2.1775927072196275,39.86123459568961,23.373361093917055,0.9687130718586461,43.355000000000004,26.441250000000004,57.7125,1.6612500000000001
9534,2,Logan SARGEANT,Williams,74.729,226.36736363636356,255.53705890901176,11,42.629677564571494,322.0,2837.0269540262225,1.2570479995498283,40.05947892634067,35.11608800855326,0.7006358674244556,43.355000000000004,26.441250000000004,57.7125,1.6612500000000001
9534,3,Daniel RICCIARDO,RB,74.161,178.74025,259.13288946950075,16,59.6134713859659,319.0,3479.5532609307297,1.4325023915367734,47.265826346294524,33.155590568904394,0.6663102807945529,43.355000000000004,26.441250000000004,57.7125,1.6612500000000001
9534,4,Lando NORRIS,McLaren,73.043,220.55561538461538,275.24733669096133,13,49.04338529064206,321.0,3367.310843509088,1.1856957965224242,56.03072421360644,49.69557143661021,0.818693376849924,43.355000000000004,26.441250000000004,57.7125,1.6612500000000001
9534,10,Pierre GASLY,Alpine,73.964,223.24523076923072,277.4570803391605,13,49.05801586854989,324.0,3201.172584547859,1.4221484440943108,76.37758145292892,66.98013617691745,0.9929660683135445,43.355000000000004,26.441250000000004,57.7125,1.6612500000000001
9534,11,Sergio PEREZ,Red Bull Racing,73.723,183.43877777777777,191.4688617909089,18,66.50385459456417,326.0,3976.683754431377,1.794215294581059,43.12486635529796,31.802599741151315,0.9979742276743008,43.355000000000004,26.441250000000004,57.7125,1.6612500000000001
9534,14,Fernando ALONSO,Aston Martin,73.786,167.13973684210524,158.15090182542085,19,73.62466940521074,328.0,4481.90056834168,1.96713747116088,55.68161611614428,44.47853244049294,0.9172809633672838,43.355000000000004,26.441250000000004,57.7125,1.6612500000000001
9534,16,Charles LECLERC,Ferrari,73.05,170.93541176470586,218.29324602148176,17,63.25057678239829,329.0,4193.631815879804,1.602948624162962,71.71098981486692,59.3589556018232,0.9980867705812841,43.355000000000004,26.441250000000004,57.7125,1.6612500000000001
9534,18,Lance STROLL,Aston Martin,74.254,182.429,193.43645589185095,15,56.098081143435934,324.0,3389.593495019976,1.4522536717123404,60.80850824376794,51.42805694671093,0.8595464520848574,43.355000000000004,26.441250000000004,57.7125,1.6612500000000001
9534,20,Kevin MAGNUSSEN,Haas F1 Team,74.074,134.6431153846154,153.82742714791868,26,94.92673456755388,328.0,5503.8848686061565,2.5709864385797085,70.13443250239153,50.505880366889876,0.9983118563952507,43.355000000000004,26.441250000000004,57.7125,1.6612500000000001
9534,22,Yuki TSUNODA,RB,74.42,159.5467619047619,177.99837625741603,21,77.18822801192955,317.0,4689.68459850318,1.8637668110967307,44.785155590568905,27.140622362275618,0.7464408305666536,43.355000000000004,26.441250000000004,57.7125,1.6612500000000001
9534,23,Alexander ALBON,Williams,73.753,211.54858333333334,213.14246369953997,12,49.22457937088515,326.0,3589.27139722019,1.2984075178661865,48.14771256541557,46.313431995948456,0.8421023015024478,43.355000000000004,26.441250000000004,57.7125,1.6612500000000001
9534,24,ZHOU Guanyu,Kick Sauber,74.572,170.83187500000003,238.20655869902993,16,59.63305385178099,326.0,3496.1464745934386,1.677058128411457,35.67953407236509,28.284733554667717,0.6224185470710708,43.355000000000004,26.441250000000004,57.7125,1.6612500000000001
9534,27,Nico HULKENBERG,Haas F1 Team,73.975,163.27626315789473,190.3886403715035,19,70.81368521748917,328.0,4521.12554161274,1.9735524168589276,57.694839907714815,44.77812165888245,0.9359068144730178,43.355000000000004,26.441250000000004,57.7125,1.6612500000000001
9534,31,Esteban OCON,Alpine,73.95,170.46664705882353,218.26709073112323,17,63.1878903832086,325.0,3915.4392549659556,1.815879804175342,72.22373529908278,59.59552079230207,0.965561870463114,43.355000000000004,26.441250000000004,57.7125,1.6612500000000001
9534,44,Lewis HAMILTON,Mercedes,73.359,152.95708000000002,126.5982619555008,25,91.34629452478758,325.0,5036.217714253559,2.6685611389342188,45.90062461313376,29.942265488717574,0.8408643295256316,43.355000000000004,26.441250000000004,57.7125,1.6612500000000001
9534,55,Carlos SAINZ,Ferrari,73.013,176.29322222222223,177.64765433250028,18,67.10308930279669,329.0,4359.908221259355,1.72612683585617,62.317877440774296,49.11012323448315,0.92262675144899,43.355000000000004,26.441250000000004,57.7125,1.6612500000000001
9534,63,George RUSSELL,Mercedes,73.164,171.50284210526317,166.94336540914995,19,70.59625232119745,328.0,4050.596927578639,1.8535816780147432,47.019019751280176,32.86748072702718,0.7284339654493276,43.355000000000004,26.441250000000004,57.7125,1.6612500000000001
9534,77,Valtteri BOTTAS,Kick Sauber,74.024,151.0336111111111,217.52895629730125,18,66.93742614371729,328.0,3704.124978898205,1.8292161386528614,38.593495019976366,26.730966180856452,0.6215182038152045,43.355000000000004,26.441250000000004,57.7125,1.6612500000000001
9534,81,Oscar PIASTRI,McLaren,73.907,216.38169230769233,277.65599019799373,13,49.19453041472061,318.0,2997.1405098193686,1.2254797141410163,42.18834055483653,35.0093973327331,0.6477969725958022,43.355000000000004,26.441250000000004,57.7125,1.6612500000000001
9535,1,Max VERSTAPPEN,Red Bull Racing,71.403,323.93819999999994,435.7069481965601,10,44.207413063909776,330.0,2585.4962993421054,1.1281132518796992,36.81138392857143,29.168937969924812,0.9318021616541353,36.535526315789475,24.089473684210525,68.35526315789474,1.3618421052631582
9535,2,Logan SARGEANT,Williams,73.509,141.490375,91.00696987585277,8,33.97550516917293,326.0,2113.480615601504,0.947250939849624,70.29910714285714,65.41964285714286,0.8898613721804511,36.535526315789475,24.089473684210525,68.35526315789474,1.3618421052631582
9535,3,Daniel RICCIARDO,RB,73.075,127.314,65.99068852307876,8,33.543056860902254,329.0,2018.7559915413533,0.7915296052631579,69.62558740601504,62.01762218045113,0.8424577067669173,36.535526315789475,24.089473684210525,68.35526315789474,1.3618421052631582
9535,4,Lando NORRIS,McLaren,71.383,303.47636363636366,412.8058221319675,11,44.2124647556391,326.0,2757.9669290413535,1.0595042293233083,55.86266447368421,49.68961466165413,0.7825422932330827,36.535526315789475,24.089473684210525,68.35526315789474,1.3618421052631582
9535,10,Pierre GASLY,Alpine,71.857,196.95124999999996,186.354789868848,16,66.38762922932331,324.0,4260.648026315789,1.6746945488721805,43.66083176691729,31.639567669172934,0.7767857142857143,36.535526315789475,24.089473684210525,68.35526315789474,1.3618421052631582
9535,11,Sergio PEREZ,Red Bull Racing,72.054,200.0711875,185.44359787318714,16,66.4093045112782,326.0,3839.0259046052633,1.6964873120300752,35.40718984962406,23.34281015037594,0.9802631578947368,36.535526315789475,24.089473684210525,68.35526315789474,1.3618421052631582
9535,14,Fernando ALONSO,Aston Martin,72.128,190.83945454545454,184.1760983769035,11,44.2844219924812,327.0,2748.9662828947367,1.1703477443609023,51.64268092105263,44.77044172932331,0.7803688909774437,36.535526315789475,24.089473684210525,68.35526315789474,1.3618421052631582
9535,16,Charles LECLERC,Ferrari,71.731,313.68289999999996,427.2164221013631,10,44.14127114661654,329.0,3101.686795112782,1.1409187030075187,68.50370065789474,60.65718984962406,0.998296522556391,36.535526315789475,24.089473684210525,68.35526315789474,1.3618421052631582
9535,18,Lance STROLL,Aston Martin,72.372,156.084,117.78445657095119,14,55.82747885338346,328.0,3355.8504464285716,1.443843984962406,59.12082941729323,49.68632518796993,0.8442786654135338,36.535526315789475,24.089473684210525,68.35526315789474,1.3618421052631582
9535,20,Kevin MAGNUSSEN,Haas F1 Team,72.937,144.6612,112.16063924104571,5,22.289708646616543,331.0,1331.4415531015038,0.5958059210526315,69.68479793233082,65.89191729323308,0.7789591165413534,36.535526315789475,24.089473684210525,68.35526315789474,1.3618421052631582
9535,22,Yuki TSUNODA,RB,72.985,137.51575,87.37452908277962,8,33.52690319548872,329.0,2030.0089285714287,0.8156132518796992,67.64003759398496,60.32354323308271,0.8417528195488722,36.535526315789475,24.089473684210525,68.35526315789474,1.3618421052631582
9535,23,Alexander ALBON,Williams,73.153,122.44359999999999,71.79781163406025,5,22.2249765037594,324.0,1517.022145206767,0.5857025375939849,67.43562030075188,65.04910714285714,0.8049224624060151,36.535526315789475,24.089473684210525,68.35526315789474,1.3618421052631582
9535,24,ZHOU Guanyu,Kick Sauber,72.738,167.8705,177.26481888799273,14,55.69807330827068,329.0,3183.5457589285716,1.4837288533834587,62.95077537593985,53.89614661654135,0.8426339285714286,36.535526315789475,24.089473684210525,68.35526315789474,1.3618421052631582
9535,27,Nico HULKENBERG,Haas F1 Team,72.31,185.55827272727274,176.9473837378018,11,44.561912593984964,331.0,2776.8379934210525,1.2166353383458646,53.51057330827068,45.60103383458647,0.7782542293233082,36.535526315789475,24.089473684210525,68.35526315789474,1.3618421052631582
9535,31,Esteban OCON,Alpine,72.109,195.6111875,188.63844026643227,16,66.43879229323308,324.0,3894.0261983082705,1.7126997180451127,50.072544642857146,37.526315789473685,0.7786066729323309,36.535526315789475,24.089473684210525,68.35526315789474,1.3618421052631582
9535,44,Lewis HAMILTON,Mercedes,71.701,203.23793750000002,222.70903751460918,16,66.36771616541354,329.0,3814.7524083646617,1.855968045112782,71.72932330827068,59.68632518796993,0.998061560150376,36.535526315789475,24.089473684210525,68.35526315789474,1.3618421052631582
9535,55,Carlos SAINZ,Ferrari,71.736,312.46799999999996,415.5080436006023,10,44.25599154135338,330.0,3127.3576715225563,1.1355733082706767,58.33294172932331,50.08999060150376,0.9979440789473685,36.535526315789475,24.089473684210525,68.35526315789474,1.3618421052631582
9535,63,George RUSSELL,Mercedes,71.703,226.08707142857142,234.60216895004686,14,59.411889097744364,330.0,3917.482260338346,1.535361842105263,66.46516682330827,55.794642857142854,0.9981790413533834,36.535526315789475,24.089473684210525,68.35526315789474,1.3618421052631582
9535,77,Valtteri BOTTAS,Kick Sauber,72.227,182.7908181818182,196.52837634518846,11,44.49424342105263,328.0,2569.6984257518798,1.2449483082706767,57.6578947368421,50.41776315789474,0.7773143796992481,36.535526315789475,24.089473684210525,68.35526315789474,1.3618421052631582
9535,81,Oscar PIASTRI,McLaren,72.011,220.98421428571427,208.3094348121078,14,59.11295817669173,323.0,3847.1584821428573,1.486548402255639,45.816964285714285,37.12453007518797,0.7874765037593985,36.535526315789475,24.089473684210525,68.35526315789474,1.3618421052631582
9539,1,Max VERSTAPPEN,Red Bull Racing,77.776,80.31325757575758,3.3119116987506465,66,131.99706976880475,326.0,6719.004395346793,3.38494447211885,43.615495062560434,14.907844228909662,0.14853341928678174,41.096103896103905,24.132467532467533,63.44155844155844,2.1233766233766236
9539,2,Logan SARGEANT,Williams,80.172,82.897671875,3.5383073727714756,64,126.2118850177279,332.0,6628.079760893134,3.364520760688018,40.55170392944003,16.02039440911888,0.1383948193512468,41.096103896103905,24.132467532467533,63.44155844155844,2.1233766233766236
9539,3,Daniel RICCIARDO,RB,79.45,82.22693846153847,3.755849128111524,65,128.10563483458844,337.0,6717.464529551382,3.16673015500923,42.18483898379582,13.879333079379963,0.12819761479180708,41.096103896103905,24.132467532467533,63.44155844155844,2.1233766233766236
9539,4,Lando NORRIS,McLaren,77.115,80.34709090909091,3.3919989624751525,66,130.08409763530344,335.0,6830.207313857063,3.231986403727254,43.158642716910364,16.257508717437805,0.17332317519852317,41.096103896103905,24.132467532467533,63.44155844155844,2.1233766233766236
9539,10,Pierre GASLY,Alpine,79.045,81.2535,3.675750025504999,66,130.0667506666276,330.0,6707.108828786591,3.3649895976792568,43.62557505787207,13.085592053212999,0.15489202098045535,41.096103896103905,24.132467532467533,63.44155844155844,2.1233766233766236
9539,11,Sergio PEREZ,Red Bull Racing,77.785,81.21631818181817,4.026215303667652,66,131.71954757230344,335.0,6743.918598177396,3.3593635537843936,42.49553139742726,14.11621296920327,0.15667946200955254,41.096103896103905,24.132467532467533,63.44155844155844,2.1233766233766236
9539,14,Fernando ALONSO,Aston Martin,78.334,81.69535384615385,3.4724917430516853,65,128.19893339584493,333.0,6627.342719840595,3.3795821490315587,43.036364169132945,15.601722975942803,0.11706273624989012,41.096103896103905,24.132467532467533,63.44155844155844,2.1233766233766236
9539,16,Charles LECLERC,Ferrari,77.897,80.65712121212121,3.439369681131914,66,129.89043865560993,340.0,6914.828581475078,3.355847276350104,54.17771852199139,26.08937205145486,0.39971283734286633,41.096103896103905,24.132467532467533,63.44155844155844,2.1233766233766236
9539,18,Lance STROLL,Aston Martin,79.318,81.93555384615384,3.6436313882244513,65,128.07240601283442,337.0,6654.289125912034,3.3891933073519502,42.30269288246843,15.557652298766373,0.15023295338002168,41.096103896103905,24.132467532467533,63.44155844155844,2.1233766233766236
9539,20,Kevin MAGNUSSEN,Haas F1 Team,79.805,82.39020000000001,4.213111162513078,65,127.81513171389223,347.0,6724.029185102705,3.3811351715650364,41.89202098045536,17.096844141002727,0.3479063498110001,41.096103896103905,24.132467532467533,63.44155844155844,2.1233766233766236
9539,22,Yuki TSUNODA,RB,79.447,82.52863076923077,4.283742941254244,65,128.0693292700794,332.0,6732.55155741788,3.1827878219591526,42.558443461189086,14.853927974917221,0.1819380549125326,41.096103896103905,24.132467532467533,63.44155844155844,2.1233766233766236
9539,23,Alexander ALBON,Williams,79.132,82.257125,3.4476218229926263,64,126.0000586046239,339.0,6518.509743018724,3.3595686699680605,60.240044539514166,37.07480880241451,0.09385530518357899,41.096103896103905,24.132467532467533,63.44155844155844,2.1233766233766236
9539,24,ZHOU Guanyu,Kick Sauber,78.771,81.78684615384614,3.781170548228802,65,128.02294371025874,339.0,6589.504204881765,3.3977495824420547,46.88323028686963,20.76080522753245,0.30377706801066606,41.096103896103905,24.132467532467533,63.44155844155844,2.1233766233766236
9539,27,Nico HULKENBERG,Haas F1 Team,78.609,81.43736363636363,3.664184855550738,66,130.04826090778562,336.0,6840.629501567673,3.3567263457086765,43.73551733231752,16.29325753801975,0.30849474023500456,41.096103896103905,24.132467532467533,63.44155844155844,2.1233766233766236
9539,31,Esteban OCON,Alpine,78.982,81.40154545454544,3.3545751082700157,66,130.04767486154657,327.0,6645.59882204706,3.3999472558384856,44.509479297916606,15.545462536994169,0.13736923843291235,41.096103896103905,24.132467532467533,63.44155844155844,2.1233766233766236
9539,44,Lewis HAMILTON,Mercedes,77.809,80.58289393939394,3.2791240660070016,66,131.86980982799543,339.0,6654.1805022416265,3.6206522694640606,44.56014299528233,16.520995106513904,0.16661294576142058,41.096103896103905,24.132467532467533,63.44155844155844,2.1233766233766236
9539,55,Carlos SAINZ,Ferrari,78.539,80.7835,3.40239029280085,66,130.1633017845108,337.0,6876.325314267296,3.3998007442787235,54.66592434143054,26.260145925513523,0.37673982477217455,41.096103896103905,24.132467532467533,63.44155844155844,2.1233766233766236
9539,63,George RUSSELL,Mercedes,78.29,80.65183333333334,3.628406752712726,66,131.87690098748791,330.0,7045.038591144841,3.4391537492308144,49.753040114865065,21.222492454654674,0.21736455006299998,41.096103896103905,24.132467532467533,63.44155844155844,2.1233766233766236
9539,77,Valtteri BOTTAS,Kick Sauber,79.608,82.3675076923077,3.4227703539815044,65,128.05403346324024,336.0,6562.425850499604,3.432472822105664,49.443754212207345,23.04650276906848,0.29999706976880475,41.096103896103905,24.132467532467533,63.44155844155844,2.1233766233766236
9539,81,Oscar PIASTRI,McLaren,77.874,80.82548484848483,3.6133131201593756,66,129.97919535851378,333.0,6763.356814252645,3.3089928795381955,42.651566208573854,14.47006768834061,0.14633574589035075,41.096103896103905,24.132467532467533,63.44155844155844,2.1233766233766236
9540,1,Max VERSTAPPEN,Red Bull Racing,65.685,146.71080769230772,148.4971549460743,26,90.02364807111516,323.0,4993.079206792409,2.282295287480768,36.64185993503904,23.974243546640835,0.9015898341785856,36.88354430379747,23.24430379746836,59.54430379746835,2.6
9540,2,Logan SARGEANT,Williams,67.259,124.2363333333333,105.29786237744459,27,96.61080403441791,324.0,5402.188101886148,2.6588409595988374,62.07276767907003,46.50840503732407,0.9984614507949171,36.88354430379747,23.24430379746836,59.54430379746835,2.6
9540,3,Daniel RICCIARDO,RB,66.962,125.11986206896555,121.5174013878257,29,102.75292039432446,320.0,5877.276027124052,2.4608809618781695,49.285714285714285,27.17510969285999,0.8381104336429426,36.88354430379747,23.24430379746836,59.54430379746835,2.6
9540,4,Lando NORRIS,McLaren,66.88,132.91428571428574,149.21214664072312,28,99.85856743974016,321.0,5650.105533078808,2.461507778220981,49.650578380534505,32.41096358766881,0.8619294546697818,36.88354430379747,23.24430379746836,59.54430379746835,2.6
9540,10,Pierre GASLY,Alpine,66.734,136.27229629629628,207.09296956570458,27,93.29260926548521,319.0,5263.628069975497,2.3485098866032255,54.08735540486637,34.8398199327597,0.8600490056413471,36.88354430379747,23.24430379746836,59.54430379746835,2.6
9540,11,Sergio PEREZ,Red Bull Racing,66.783,160.22182608695653,259.54708210745014,23,79.7590745911448,323.0,4373.073109578893,2.048207875092598,37.11368169126446,24.082511824035556,0.8786825460140179,36.88354430379747,23.24430379746836,59.54430379746835,2.6
9540,14,Fernando ALONSO,Aston Martin,66.603,134.6537777777778,137.414624865724,27,99.32497578209585,328.0,5481.101430280928,2.625505726822041,55.159439284289704,38.99481451934583,0.9520770414268619,36.88354430379747,23.24430379746836,59.54430379746835,2.6
9540,16,Charles LECLERC,Ferrari,66.055,128.11558620689655,130.98947421717077,29,106.31055900621118,322.0,5939.060231352214,2.7467661975041313,48.08376545672118,28.811898113852642,0.854521625163827,36.88354430379747,23.24430379746836,59.54430379746835,2.6
9540,18,Lance STROLL,Aston Martin,66.384,153.02124999999998,162.40377392352727,24,89.27807852299276,325.0,5075.168841529432,2.3458886546241953,61.920223374551256,47.648071115163255,0.9937888198757764,36.88354430379747,23.24430379746836,59.54430379746835,2.6
9540,20,Kevin MAGNUSSEN,Haas F1 Team,67.145,126.66331034482756,130.77626936531942,29,103.42549433016126,322.0,5600.0365832810985,2.827625505726822,48.718559462077614,31.820388626132544,0.8586814063479401,36.88354430379747,23.24430379746836,59.54430379746835,2.6
9540,22,Yuki TSUNODA,RB,66.579,132.71010714285714,112.64872991115196,28,99.67673371702091,319.0,5858.008889395407,2.395635078921876,47.59040401162459,27.955325089748705,0.8462020627956008,36.88354430379747,23.24430379746836,59.54430379746835,2.6
9540,23,Alexander ALBON,Williams,66.995,127.51196153846155,103.45005427424711,26,92.91589264345546,324.0,5596.985697190723,2.4903413299903128,56.04649837597584,45.142857142857146,0.992934070317397,36.88354430379747,23.24430379746836,59.54430379746835,2.6
9540,24,ZHOU Guanyu,Kick Sauber,66.919,143.27934615384615,160.78626982472542,26,92.82625790643341,320.0,4936.882728360591,2.5717134879480312,53.0368681976181,37.948601059889455,0.8585674397401561,36.88354430379747,23.24430379746836,59.54430379746835,2.6
9540,27,Nico HULKENBERG,Haas F1 Team,66.966,128.59837931034482,124.73904591542538,29,103.3345489771497,324.0,5744.33557467662,2.7667673371702093,45.18388512165935,29.095902900450167,0.8636389537865405,36.88354430379747,23.24430379746836,59.54430379746835,2.6
9540,31,Esteban OCON,Alpine,66.297,131.69885714285712,123.90258119348508,28,99.53022964271469,319.0,5624.038235796911,2.5979258077383327,46.29323608182803,28.018234657245426,0.8612456550230783,36.88354430379747,23.24430379746836,59.54430379746835,2.6
9540,44,Lewis HAMILTON,Mercedes,66.254,101.06335135135133,87.16005105155105,37,135.5055053314789,321.0,6905.194309225776,3.7450162262401485,49.74797171998146,22.337273991655078,0.8803314789058878,36.88354430379747,23.24430379746836,59.54430379746835,2.6
9540,55,Carlos SAINZ,Ferrari,66.128,129.81655172413792,130.79258716118542,29,104.7763096893834,323.0,5816.332637923041,2.727515067222995,51.499014835419565,31.51135836810385,0.875927213722763,36.88354430379747,23.24430379746836,59.54430379746835,2.6
9540,63,George RUSSELL,Mercedes,66.386,126.43056666666666,119.42192950059699,30,111.48383171070932,322.0,6100.853732035234,2.9267501159017155,51.0176170607325,28.933704218822438,0.8776077885952712,36.88354430379747,23.24430379746836,59.54430379746835,2.6
9540,77,Valtteri BOTTAS,Kick Sauber,66.925,136.1571851851852,153.03032979047168,27,97.2648354195642,325.0,5282.264429763561,2.6619726471951783,50.792477978674086,34.39847009735744,0.8619610570236439,36.88354430379747,23.24430379746836,59.54430379746835,2.6
9540,81,Oscar PIASTRI,McLaren,65.961,121.89256666666665,128.8946319217583,30,108.33089939731109,321.0,5918.330203987019,2.746059341678257,49.826263328697266,32.96152063050533,0.8736091794158554,36.88354430379747,23.24430379746836,59.54430379746835,2.6
9545,1,Max VERSTAPPEN,Red Bull Racing,64.686,240.02990000000005,351.91058165404746,10,49.627380859830524,325.0,2809.192801057296,1.253517841872036,36.88618518230584,31.13830366166524,0.8670605612998523,42.93793103448275,27.66379310344828,41.206896551724135,0.9758620689655173
9545,2,Logan SARGEANT,Williams,66.013,170.839,243.32781928193089,8,40.476949389722456,325.0,2350.069423929099,1.1520640597061338,59.74236181295188,54.24924201197232,0.7901733654668429,42.93793103448275,27.66379310344828,41.206896551724135,0.9758620689655173
9545,3,Daniel RICCIARDO,RB,66.581,108.239,57.502141177524855,5,26.80953121355827,324.0,1585.773458757677,0.6496151753090259,67.61774080696571,62.64510611832387,0.7958485578791884,42.93793103448275,27.66379310344828,41.206896551724135,0.9758620689655173
9545,4,Lando NORRIS,McLaren,64.779,202.26700000000002,234.97515202676217,12,58.250563632123146,322.0,3486.5784031718886,1.4285936406748037,50.23571484101687,43.58205706289357,0.7925056363212314,42.93793103448275,27.66379310344828,41.206896551724135,0.9758620689655173
9545,10,Pierre GASLY,Alpine,65.757,234.33219999999997,289.1877262363671,10,54.01166135427194,324.0,3473.0146933063825,1.4262613698204152,49.960895592008086,40.324652102930884,0.7951488766228718,42.93793103448275,27.66379310344828,41.206896551724135,0.9758620689655173
9545,11,Sergio PEREZ,Red Bull Racing,65.612,192.36883333333333,233.3051813829665,12,63.16403638342533,328.0,3683.574827023245,1.607245588120967,32.21596828111638,22.503615019824302,0.9975899867837985,42.93793103448275,27.66379310344828,41.206896551724135,0.9758620689655173
9545,14,Fernando ALONSO,Aston Martin,65.878,184.89242857142858,256.7889215872819,7,40.27917282127031,324.0,2291.2237425172975,1.052009640052865,57.41934229961906,51.60911140480448,0.7633522506413745,42.93793103448275,27.66379310344828,41.206896551724135,0.9758620689655173
9545,16,Charles LECLERC,Ferrari,65.526,229.0652,253.16941969037256,10,53.76070901033973,324.0,3254.33320376273,1.3921324729845292,34.54668428826868,26.811474772603592,0.7907953043613465,42.93793103448275,27.66379310344828,41.206896551724135,0.9758620689655173
9545,18,Lance STROLL,Aston Martin,65.847,191.41185714285714,254.64454374757017,7,35.86472829044546,327.0,2066.2815828344865,0.940293866127653,61.09010339734121,55.66384202752079,0.7624970846614321,42.93793103448275,27.66379310344828,41.206896551724135,0.9758620689655173
9545,20,Kevin MAGNUSSEN,Haas F1 Team,65.806,211.89885714285717,264.7613604914156,7,36.21052631578947,326.0,2176.297209049211,0.993469641607712,60.399129285547694,55.58205706289357,0.7938272564720517,42.93793103448275,27.66379310344828,41.206896551724135,0.9758620689655173
9545,22,Yuki TSUNODA,RB,65.96,187.028125,226.39212310029555,8,40.519785431081395,323.0,2365.8254683977298,0.9916038249242012,61.525227396408305,54.05488610743994,0.7954598460701237,42.93793103448275,27.66379310344828,41.206896551724135,0.9758620689655173
9545,23,Alexander ALBON,Williams,66.754,82.6426,13.045478367618413,5,27.02557723703646,324.0,1624.983829588743,0.726968825312913,66.17383192101376,63.9909818860297,0.7782787841094613,42.93793103448275,27.66379310344828,41.206896551724135,0.9758620689655173
9545,24,ZHOU Guanyu,Kick Sauber,67.197,99.631,40.32721415124035,5,26.93469641607712,322.0,1530.268133405893,0.7583767394853456,69.61805177641297,65.83689652491643,0.7941382259193034,42.93793103448275,27.66379310344828,41.206896551724135,0.9758620689655173
9545,27,Nico HULKENBERG,Haas F1 Team,66.583,100.128,47.47474589716094,5,27.17328772448107,324.0,1592.9940915805023,0.7261136593329706,67.97488921713442,64.11008318432714,0.7939049988338646,42.93793103448275,27.66379310344828,41.206896551724135,0.9758620689655173
9545,31,Esteban OCON,Alpine,65.686,232.8902,290.0680339074956,10,54.233460312524294,322.0,3509.2078830754876,1.4620228562543731,50.66376428515898,40.98328539221021,0.7953043613464977,42.93793103448275,27.66379310344828,41.206896551724135,0.9758620689655173
9545,44,Lewis HAMILTON,Mercedes,65.27,216.34263636363633,233.62417420770353,11,58.43434657544896,324.0,3121.102619917593,1.6918292777734587,53.3457202829822,45.19754334136671,0.7944491953665552,42.93793103448275,27.66379310344828,41.206896551724135,0.9758620689655173
9545,55,Carlos SAINZ,Ferrari,65.126,236.47920000000005,339.7425752724554,10,54.14016947834875,323.0,3124.9643162559278,1.4075254606234937,42.12205550804634,32.88377516908964,0.8068102308948146,42.93793103448275,27.66379310344828,41.206896551724135,0.9758620689655173
9545,63,George RUSSELL,Mercedes,65.054,336.7834285714286,416.0643513701961,7,40.677757910285315,323.0,2352.2679779211694,1.0908030785975278,83.98569540542641,76.67666951721993,0.9975899867837985,42.93793103448275,27.66379310344828,41.206896551724135,0.9758620689655173
9545,77,Valtteri BOTTAS,Kick Sauber,66.709,92.02780000000001,22.489845614410076,5,27.138614631112493,323.0,1433.7767239368732,0.7428282671227552,71.60996657078442,67.18836974267278,0.7937495141102386,42.93793103448275,27.66379310344828,41.206896551724135,0.9758620689655173
9545,81,Oscar PIASTRI,McLaren,64.987,188.52446153846157,293.0942384525746,13,63.40822514187981,324.0,3635.138770115836,1.6036694394775712,54.43007074554925,44.37751690896369,0.7942159682811164,42.93793103448275,27.66379310344828,41.206896551724135,0.9758620689655173
9549,1,Max VERSTAPPEN,Red Bull Racing,69.013,69.64491304347825,0.7036030818482736,23,88.85944726452341,317.0,4695.9712351945855,2.219627749576988,38.86232374506486,23.43395375070502,0.4087422447828539,42.68846153846154,28.164102564102567,47.37179487179487,1.0435897435897437
9549,2,Logan SARGEANT,Williams,70.488,71.55795652173913,1.821151510500046,23,88.57580372250423,332.0,4574.700676818951,2.4055273547659333,25.92673434856176,10.271855611957134,0.31562323745064863,42.68846153846154,28.164102564102567,47.37179487179487,1.0435897435897437
9549,3,Daniel RICCIARDO,RB,70.48,71.35660869565218,1.8981703716801563,23,88.53508178228991,333.0,4628.586350817823,2.2047377326565143,26.330513254371123,10.365482233502538,0.3707275803722504,42.68846153846154,28.164102564102567,47.37179487179487,1.0435897435897437
9549,4,Lando NORRIS,McLaren,68.935,69.87756521739131,0.8796515034295248,23,88.94218838127468,325.0,4683.069599548788,2.2263959390862946,28.20721940214326,12.39864636209814,0.5936830231246475,42.68846153846154,28.164102564102567,47.37179487179487,1.0435897435897437
9549,10,Pierre GASLY,Alpine,70.168,71.00660869565216,1.5874443157404154,23,88.72036097010717,323.0,4643.8970107163,2.28809926677947,29.008629441624365,10.254709531866892,0.4143824027072758,42.68846153846154,28.164102564102567,47.37179487179487,1.0435897435897437
9549,11,Sergio PEREZ,Red Bull Racing,69.42,70.39752173913044,1.3225965854289352,23,88.62137619853355,322.0,4634.668415115623,2.2450648618161306,35.98364354201917,20.743147208121826,0.3877044557247603,42.68846153846154,28.164102564102567,47.37179487179487,1.0435897435897437
9549,14,Fernando ALONSO,Aston Martin,70.393,71.5233043478261,1.8202525967755294,23,88.59351381838691,325.0,4628.209024252679,2.345628877608573,27.078172588832487,10.507163000564017,0.3772701635645798,42.68846153846154,28.164102564102567,47.37179487179487,1.0435897435897437
9549,16,Charles LECLERC,Ferrari,69.352,70.22613043478262,1.2689777229122816,23,88.8179921037789,324.0,4845.7472081218275,2.334743372814439,47.16074450084602,32.93062605752961,0.6956006768189509,42.68846153846154,28.164102564102567,47.37179487179487,1.0435897435897437
9549,18,Lance STROLL,Aston Martin,70.26,70.95847826086958,1.5117276574823182,23,88.96395939086294,334.0,4636.748900169205,2.365989847715736,27.534686971235196,10.406091370558375,0.32047377326565146,42.68846153846154,28.164102564102567,47.37179487179487,1.0435897435897437
9549,20,Kevin MAGNUSSEN,Haas F1 Team,69.942,70.6834347826087,1.3550395414120473,23,89.07631133671742,324.0,4558.640609137055,2.400225606316977,29.18623801466441,13.321150592216583,0.46711787930062043,42.68846153846154,28.164102564102567,47.37179487179487,1.0435897435897437
9549,22,Yuki TSUNODA,RB,70.363,71.17808695652174,1.5745488770919778,23,88.35245346869712,328.0,4631.601804850536,2.2298364354201916,27.20214326001128,11.123293852227862,0.3187253243090806,42.68846153846154,28.164102564102567,47.37179487179487,1.0435897435897437
9549,24,ZHOU Guanyu,Kick Sauber,70.613,71.95391304347827,1.9821392464805712,23,88.50699379582629,328.0,4541.221263395375,2.393062605752961,35.582797518330516,19.514269599548786,0.5258319232938522,42.68846153846154,28.164102564102567,47.37179487179487,1.0435897435897437
9549,27,Nico HULKENBERG,Haas F1 Team,70.512,71.31717391304346,1.7775523878337263,23,88.69385222786238,331.0,4642.143711223915,2.327016356457981,30.021827411167514,14.205301748448957,0.6007896221094191,42.68846153846154,28.164102564102567,47.37179487179487,1.0435897435897437
9549,31,Esteban OCON,Alpine,70.254,70.98269565217392,1.4099868773605375,23,88.91703327693176,323.0,4646.719514946419,2.3363790186125213,28.257304004512125,10.203496897913142,0.5357586012408347,42.68846153846154,28.164102564102567,47.37179487179487,1.0435897435897437
9549,44,Lewis HAMILTON,Mercedes,69.265,70.13108695652173,1.2254149576880156,23,88.66818950930626,329.0,4498.811505922165,2.4708403835307386,41.67783417935702,24.75239706711788,0.49345741680767063,42.68846153846154,28.164102564102567,47.37179487179487,1.0435897435897437
9549,55,Carlos SAINZ,Ferrari,69.121,70.0766956521739,1.0592327590323036,23,88.65589396503103,323.0,4845.285561195714,2.3640157924421885,48.62600112803158,31.383192329385224,0.7207557811618726,42.68846153846154,28.164102564102567,47.37179487179487,1.0435897435897437
9549,63,George RUSSELL,Mercedes,69.194,70.00713043478261,1.161078146055482,23,89.11765369430344,327.0,4779.227749576989,2.4359842075578118,43.994585448392556,26.399097574732092,0.4465313028764805,42.68846153846154,28.164102564102567,47.37179487179487,1.0435897435897437
9549,77,Valtteri BOTTAS,Kick Sauber,70.59,71.66630434782607,1.9424835612260059,23,88.65499153976312,325.0,4522.023011844331,2.4385786802030456,36.007557811618724,20.403158488437676,0.5284827975183305,42.68846153846154,28.164102564102567,47.37179487179487,1.0435897435897437
9549,81,Oscar PIASTRI,McLaren,68.98,69.85178260869564,1.0654437310554556,23,88.81793570219966,320.0,4932.382177100959,2.27941342357586,42.7238578680203,25.565031020868584,0.6870840383530739,42.68846153846154,28.164102564102567,47.37179487179487,1.0435897435897437
9549,23,Alexander ALBON,Williams,70.562,71.5833043478261,2.2999770402404605,23,85.28228990411732,328.0,4310.403214890017,2.3218838127467567,58.77354765933446,46.68336153412296,0.4876480541455161,42.68846153846154,28.164102564102567,47.37179487179487,1.0435897435897437
9541,1,Max VERSTAPPEN,Red Bull Racing,64.314,210.57976470588235,280.44459898997974,17,61.40186970493719,324.0,3336.975810692375,1.5678060181127667,36.457785568215016,28.245398773006134,0.8808647385334502,46.107894736842105,31.32894736842105,37.69736842105263,1.335526315789474
9541,2,Logan SARGEANT,Williams,65.856,126.663375,90.78190870699059,8,30.531463628396143,324.0,2020.881565877885,0.8792871749926965,80.49716622845457,76.32976920829681,0.9978965819456617,46.107894736842105,31.32894736842105,37.69736842105263,1.335526315789474
9541,3,Daniel RICCIARDO,RB,65.289,170.56115384615384,175.51196379946742,13,51.49144025708443,325.0,3071.5486415425066,1.2639789658194567,52.60514168857727,42.65872042068361,0.8323692667250949,46.107894736842105,31.32894736842105,37.69736842105263,1.335526315789474
9541,4,Lando NORRIS,McLaren,64.718,186.2176842105263,202.00911863578224,19,68.00782938942449,323.0,4059.3197779725388,1.6725679228746713,49.80035056967572,41.06339468302659,0.8375109553023663,46.107894736842105,31.32894736842105,37.69736842105263,1.335526315789474
9541,10,Pierre GASLY,Alpine,65.335,144.8706875,119.13122695200381,16,61.25801928133217,320.0,3657.738767163307,1.5560035056967572,69.27227578147823,58.0405492258253,0.9623721881390593,46.107894736842105,31.32894736842105,37.69736842105263,1.335526315789474
9541,11,Sergio PEREZ,Red Bull Racing,65.144,185.93084210526314,191.9596758100001,19,71.58977505112475,324.0,4126.598889862694,1.7917031843412212,40.28676599474146,29.622202746129126,0.9979550102249489,46.107894736842105,31.32894736842105,37.69736842105263,1.335526315789474
9541,14,Fernando ALONSO,Aston Martin,65.639,169.69714285714284,166.93393072061994,14,51.16862401402279,322.0,2991.9765118317264,1.383990651475314,53.10762489044698,44.748115687992986,0.8430616418346479,46.107894736842105,31.32894736842105,37.69736842105263,1.335526315789474
9541,16,Charles LECLERC,Ferrari,65.044,174.23205,164.76812153704827,20,74.33152205667542,323.0,4797.492375109553,1.9394098743791994,54.38737949167397,42.40607654104586,0.9980718667835232,46.107894736842105,31.32894736842105,37.69736842105263,1.335526315789474
9541,18,Lance STROLL,Aston Martin,65.819,135.55875,94.41728601367177,8,30.528133216476775,325.0,2127.106397896582,0.8067776803973123,64.90452819164476,60.376278118609406,0.8438796377446685,46.107894736842105,31.32894736842105,37.69736842105263,1.335526315789474
9541,20,Kevin MAGNUSSEN,Haas F1 Team,65.347,160.60878571428572,185.2110074467878,14,51.125270230791706,325.0,3030.9287174992696,1.4345895413380076,57.541513292433535,49.31557113643003,0.828045574057844,46.107894736842105,31.32894736842105,37.69736842105263,1.335526315789474
9541,22,Yuki TSUNODA,RB,65.412,161.0505714285714,157.80022566465593,14,51.19053461875548,325.0,3031.5627227578148,1.2717499269646508,55.439439088518846,46.08542214431785,0.8392638036809816,46.107894736842105,31.32894736842105,37.69736842105263,1.335526315789474
9541,23,Alexander ALBON,Williams,65.736,132.18975,89.60645047337553,8,30.514052001168565,324.0,2254.550686532282,0.8362839614373356,65.88349401110138,63.52906806894537,0.8462167689161554,46.107894736842105,31.32894736842105,37.69736842105263,1.335526315789474
9541,24,ZHOU Guanyu,Kick Sauber,66.061,114.526,65.8684847100645,8,30.607186678352324,324.0,1645.3638328951213,0.8325445515629565,71.1065731814198,66.09874379199533,0.8060765410458662,46.107894736842105,31.32894736842105,37.69736842105263,1.335526315789474
9541,27,Nico HULKENBERG,Haas F1 Team,65.262,177.02142105263158,189.0797662865612,19,71.83488168273445,325.0,4186.13853345019,1.9159217061057552,48.265264387963775,36.391002044989776,0.8289804265264388,46.107894736842105,31.32894736842105,37.69736842105263,1.335526315789474
9541,31,Esteban OCON,Alpine,65.274,155.43468181818182,139.84488919526203,22,81.57592754893368,322.0,4750.404791118902,2.133917616126205,61.16032719836401,46.97142857142857,0.9935144609991235,46.107894736842105,31.32894736842105,37.69736842105263,1.335526315789474
9541,44,Lewis HAMILTON,Mercedes,64.903,204.363875,213.06608220833596,16,60.971720712825004,322.0,3312.2945369558865,1.7728892784107508,73.26906222611744,63.94928425357873,0.9977212971078002,46.107894736842105,31.32894736842105,37.69736842105263,1.335526315789474
9541,55,Carlos SAINZ,Ferrari,64.851,215.5785,285.01223728596284,16,61.03984808647385,324.0,3771.2812737364884,1.5653520303827053,57.563131755769795,46.99129418638621,0.9979550102249489,46.107894736842105,31.32894736842105,37.69736842105263,1.335526315789474
9541,63,George RUSSELL,Mercedes,64.84,204.76743750000003,212.24940888285437,16,61.33812445223488,323.0,3643.7302950628105,1.6244230207420391,72.0314344142565,61.05521472392638,0.9981302950628104,46.107894736842105,31.32894736842105,37.69736842105263,1.335526315789474
9541,77,Valtteri BOTTAS,Kick Sauber,65.847,124.68437499999999,79.2000609799915,8,30.50417762196903,326.0,1695.6215016067777,0.8406076541045866,68.44446392053754,63.611101373064564,0.8062518258837277,46.107894736842105,31.32894736842105,37.69736842105263,1.335526315789474
9541,81,Oscar PIASTRI,McLaren,64.786,227.61419999999998,273.8075654472681,15,57.7758691206544,322.0,4037.7953841659364,1.4615834063686823,68.57657026000584,59.997429155711366,0.9979550102249489,46.107894736842105,31.32894736842105,37.69736842105263,1.335526315789474
9550,1,Max VERSTAPPEN,Red Bull Racing,67.719,71.6963661971831,5.552312045355359,71,137.89527151828594,316.0,6830.572435660633,3.460780692033001,42.87643147395641,13.836965890900135,0.09469277182612978,46.420979020979026,29.42587412587413,35.00699300699301,1.667832167832168
9550,2,Logan SARGEANT,Williams,70.406,73.4714492753623,5.007671145891873,69,135.6054980253133,321.0,6716.316540722082,3.6903007121311067,42.04465590695649,14.226824641602139,0.28248903815654447,46.420979020979026,29.42587412587413,35.00699300699301,1.667832167832168
9550,3,Daniel RICCIARDO,RB,70.426,72.17318309859156,3.4273689671375394,71,137.4637248499549,330.0,6900.064744845601,3.4025562086015486,42.5568305501135,13.395776969244643,0.16298162141990857,46.420979020979026,29.42587412587413,35.00699300699301,1.667832167832168
9550,4,Lando NORRIS,McLaren,68.016,71.73996875,6.859833666826292,64,123.1258201946699,322.0,6281.131635413752,3.055166837702522,51.812855676835525,25.49976676928818,0.34123208010697514,46.420979020979026,29.42587412587413,35.00699300699301,1.667832167832168
9550,10,Pierre GASLY,Alpine,69.609,72.18045070422534,3.437674938088867,71,137.5458220605156,329.0,6889.244954442268,3.4950088627670493,43.722610940075256,13.77827533662966,0.23204900954691046,46.420979020979026,29.42587412587413,35.00699300699301,1.667832167832168
9550,11,Sergio PEREZ,Red Bull Racing,69.694,72.0826338028169,3.819689395378534,71,138.99346954006904,326.0,7013.210343004634,3.4258170849270764,43.39677208694841,15.084367322822402,0.16864135336007713,46.420979020979026,29.42587412587413,35.00699300699301,1.667832167832168
9550,14,Fernando ALONSO,Aston Martin,67.694,73.01118571428572,5.077520205468295,70,135.6244363591131,328.0,6788.789936872221,3.559069564946979,42.191684547687906,15.137481730260907,0.22044966881238923,46.420979020979026,29.42587412587413,35.00699300699301,1.667832167832168
9550,16,Charles LECLERC,Ferrari,69.584,72.25746478873239,5.248422539217723,71,137.47809186180302,327.0,6853.252137948191,3.576795099045309,46.31374195354044,17.47812295923127,0.3454924277762229,46.420979020979026,29.42587412587413,35.00699300699301,1.667832167832168
9550,18,Lance STROLL,Aston Martin,70.143,72.47692857142856,3.5710621442023522,70,135.34092110582455,330.0,6702.493174114501,3.627732686506826,41.52570202444258,14.789314923655814,0.16879684050129054,46.420979020979026,29.42587412587413,35.00699300699301,1.667832167832168
9550,20,Kevin MAGNUSSEN,Haas F1 Team,70.125,72.16277464788733,3.351054781169583,71,137.69045619927232,327.0,6778.041328482134,3.641819821500762,44.67512516714868,17.198868053611967,0.3249681251360512,46.420979020979026,29.42587412587413,35.00699300699301,1.667832167832168
9550,22,Yuki TSUNODA,RB,70.318,72.51941428571428,3.809522030359703,70,135.5628012563361,325.0,6787.486488167428,3.3761544920235096,43.337780265572036,13.963118450104176,0.12924091177659608,46.420979020979026,29.42587412587413,35.00699300699301,1.667832167832168
9550,23,Alexander ALBON,Williams,70.364,72.48561428571428,3.643462667349199,70,137.2835463507168,329.0,6793.18969431228,3.680536119662904,40.554031781571666,16.822713561588458,0.1718443884690736,46.420979020979026,29.42587412587413,35.00699300699301,1.667832167832168
9550,24,ZHOU Guanyu,Kick Sauber,70.47,72.80611594202898,3.4174625917875954,69,134.93550671099618,317.0,6457.132926979436,3.5975865041251076,66.91592784139884,38.061322497229405,0.057874645979559165,46.420979020979026,29.42587412587413,35.00699300699301,1.667832167832168
9550,27,Nico HULKENBERG,Haas F1 Team,70.215,72.07390140845071,3.426043059656101,71,137.68100258108655,330.0,6856.768728426159,3.5805889852909165,44.08993376247784,15.454302329197375,0.31563889666324596,46.420979020979026,29.42587412587413,35.00699300699301,1.667832167832168
9550,31,Esteban OCON,Alpine,69.649,72.27542253521126,3.498663381245303,71,137.49413813477625,324.0,6768.9089467301055,3.5887365114904997,44.58062008271916,14.484311347451566,0.17221755760798582,46.420979020979026,29.42587412587413,35.00699300699301,1.667832167832168
9550,44,Lewis HAMILTON,Mercedes,69.562,71.63850704225352,3.5736459855772083,71,139.01343408900084,322.0,6727.482849768324,3.813726404826321,44.22110271480548,14.43791398451348,0.10803246571508536,46.420979020979026,29.42587412587413,35.00699300699301,1.667832167832168
9550,55,Carlos SAINZ,Ferrari,69.282,71.37708450704227,3.4467652226255296,71,137.4726809092888,315.0,6794.852815872127,3.59719501197251,46.93544173896819,17.1693876916379,0.2779799110613552,46.420979020979026,29.42587412587413,35.00699300699301,1.667832167832168
9550,63,George RUSSELL,Mercedes,69.164,71.31226760563382,3.413352088150738,71,139.20875703579313,323.0,6929.171191342476,3.6699629940603913,52.77827533662966,22.077308206611313,0.16497185682744037,46.420979020979026,29.42587412587413,35.00699300699301,1.667832167832168
9550,77,Valtteri BOTTAS,Kick Sauber,70.449,72.60799999999999,3.6659867274329145,70,137.60748826072083,323.0,6763.20757533352,3.660136206735703,49.84451285878658,20.99200796094163,0.2947414248841621,46.420979020979026,29.42587412587413,35.00699300699301,1.667832167832168
9550,81,Oscar PIASTRI,McLaren,68.697,71.34391549295773,3.439656364864304,71,137.45004198152813,323.0,6903.43726093852,3.475355288117673,42.52256118419007,13.60077121622042,0.30749137046366265,46.420979020979026,29.42587412587413,35.00699300699301,1.667832167832168
9551,1,Max VERSTAPPEN,Red Bull Racing,87.729,163.2074347826087,164.51740893075487,23,108.2172925667442,325.0,5623.924947380082,2.7520771020272514,52.02553450758835,29.54957350171707,0.998227539603412,24.554320987654318,16.386419753086418,75.61728395061728,1.3691358024691358
9551,3,Daniel RICCIARDO,RB,88.477,155.96090909090907,169.75456710549366,22,104.32890218234186,326.0,5487.08308408109,2.5540600420959345,56.47922897972749,31.106679960119642,0.8346626786307744,24.554320987654318,16.386419753086418,75.61728395061728,1.3691358024691358
9551,4,Lando NORRIS,McLaren,87.42,159.67716666666666,169.1851810806891,24,113.21147668106791,327.0,6159.980392156863,2.7777777777777777,50.75108009305417,28.288246371995125,0.838595325135704,24.554320987654318,16.386419753086418,75.61728395061728,1.3691358024691358
9551,14,Fernando ALONSO,Aston Martin,87.794,149.01832000000002,125.29495977020623,25,117.760773235848,326.0,6043.420350060928,3.140578265204387,53.95956574720284,30.90040988146671,0.8873379860418744,24.554320987654318,16.386419753086418,75.61728395061728,1.3691358024691358
9551,16,Charles LECLERC,Ferrari,87.903,158.83320833333332,155.26297550660598,24,113.52536833942617,323.0,6060.938296222444,2.926664451091171,73.62396144898638,45.86440677966102,0.9981721502160186,24.554320987654318,16.386419753086418,75.61728395061728,1.3691358024691358
9551,18,Lance STROLL,Aston Martin,87.554,187.87435,234.16173650989077,20,95.57848676193642,325.0,5077.856929212363,2.5376647834274952,54.139027362357375,35.500609283261326,0.8744876481666113,24.554320987654318,16.386419753086418,75.61728395061728,1.3691358024691358
9551,22,Yuki TSUNODA,RB,89.864,100.49366666666667,13.830799936695236,3,18.80586019718622,325.0,995.9346959122632,0.5403788634097707,81.09471585244268,76.73313393153872,0.8353827406668882,24.554320987654318,16.386419753086418,75.61728395061728,1.3691358024691358
9551,23,Alexander ALBON,Williams,88.649,156.39820833333334,177.21687418244989,24,108.4724714744655,326.0,5528.650049850448,2.8935415974299326,51.97291458956464,33.056386396366456,0.8316162623241387,24.554320987654318,16.386419753086418,75.61728395061728,1.3691358024691358
9551,24,ZHOU Guanyu,Kick Sauber,88.59,164.17618181818182,153.16804627913402,22,104.30065359477125,324.0,5216.474742439349,2.8709981167608287,51.362246593552676,31.602082640965993,0.8154979505926665,24.554320987654318,16.386419753086418,75.61728395061728,1.3691358024691358
9551,27,Nico HULKENBERG,Haas F1 Team,88.082,183.90630000000002,195.2277275230391,20,100.5326243491747,327.0,5198.1784646061815,2.6331560872936746,52.74293785310734,31.507920682397252,0.826354270521768,24.554320987654318,16.386419753086418,75.61728395061728,1.3691358024691358
9551,31,Esteban OCON,Alpine,87.974,168.58900000000003,155.42310355314265,22,104.01927550681289,322.0,5368.787747867508,2.7133045308518886,53.30259222333001,31.700675750526198,0.839038440234851,24.554320987654318,16.386419753086418,75.61728395061728,1.3691358024691358
9551,37,Isack HADJAR,Red Bull Racing,89.27,256.84215384615385,290.39560360940146,13,65.23130608175474,325.0,3806.4403456297773,1.6441785753849563,52.66395258668439,41.39027362357373,0.9980059820538385,24.554320987654318,16.386419753086418,75.61728395061728,1.3691358024691358
9551,44,Lewis HAMILTON,Mercedes,87.858,158.40233333333333,155.17434464435658,24,117.41436800708985,325.0,5878.414700343415,3.1884346959122634,53.35050404342528,27.541818987482,0.8427495291902072,24.554320987654318,16.386419753086418,75.61728395061728,1.3691358024691358
9551,45,Franco COLAPINTO,Williams,89.078,160.1988695652174,180.341405682161,23,103.91193087404453,327.0,5173.460451977401,2.9211255123518334,61.38024814445552,37.86263431926443,0.8279051733687826,24.554320987654318,16.386419753086418,75.61728395061728,1.3691358024691358
9551,50,Oliver BEARMAN,Haas F1 Team,88.536,164.09721739130435,202.00587066242198,23,109.55472471474465,327.0,5429.697961670544,2.9303201506591336,58.07948377090949,35.05151213027584,0.8460728924338097,24.554320987654318,16.386419753086418,75.61728395061728,1.3691358024691358
9551,55,Carlos SAINZ,Ferrari,87.925,146.38592,127.66338564206104,25,117.737398914368,325.0,6482.485432591116,3.027473136147114,65.91148775894538,38.56076215797053,0.9980059820538385,24.554320987654318,16.386419753086418,75.61728395061728,1.3691358024691358
9551,61,Jack DOOHAN,Alpine,88.735,184.2612,192.4171727919834,20,95.71579705328459,316.0,5242.377312506924,2.4231749196853882,51.015010523983605,31.139692035006092,0.8281821203057494,24.554320987654318,16.386419753086418,75.61728395061728,1.3691358024691358
9551,63,George RUSSELL,Mercedes,87.738,160.50129166666667,134.91995379961384,24,112.97590561648389,326.0,6049.845795945497,2.9709759610058715,50.25811454525313,24.78076880469702,0.847457627118644,24.554320987654318,16.386419753086418,75.61728395061728,1.3691358024691358
9551,77,Valtteri BOTTAS,Kick Sauber,88.254,154.82750000000001,146.47098931500622,24,117.7910712307522,328.0,5792.247036667774,3.1559765148997454,55.175307411100036,29.301207488645176,0.8357150769912485,24.554320987654318,16.386419753086418,75.61728395061728,1.3691358024691358
9551,81,Oscar PIASTRI,McLaren,87.631,168.14146666666667,161.9316238498487,15,77.80059820538385,329.0,4039.3043092943394,1.9673202614379084,48.14534175252022,33.572615486872714,0.8240833056386396,24.554320987654318,16.386419753086418,75.61728395061728,1.3691358024691358
9552,1,Max VERSTAPPEN,Red Bull Racing,87.233,152.79665,137.91739872919408,20,93.92482707368661,326.0,4553.137998056365,2.3908420511061568,53.89795918367347,32.705882352941174,0.8931572629051621,29.296296296296298,18.319753086419755,67.5679012345679,1.7185185185185183
9552,2,Logan SARGEANT,Williams,87.809,134.30556521739132,105.22863502034866,23,106.92562739381466,326.0,5085.165837763677,3.086548905276396,58.90984965414737,37.98410792888584,0.8678900131481164,29.296296296296298,18.319753086419755,67.5679012345679,1.7185185185185183
9552,3,Daniel RICCIARDO,RB,87.916,157.32108333333335,144.12171877702212,24,111.78762933744926,329.0,5945.31195335277,2.756702681072429,53.581661235922944,28.598182129994854,0.8639455782312925,29.296296296296298,18.319753086419755,67.5679012345679,1.7185185185185183
9552,4,Lando NORRIS,McLaren,86.549,126.38464,95.8294520159142,25,116.37826559195106,324.0,5844.735551363403,2.9073915280397875,57.27862573600869,32.94254844795061,0.8459955410735723,29.296296296296298,18.319753086419755,67.5679012345679,1.7185185185185183
9552,10,Pierre GASLY,Alpine,87.732,132.71178260869567,81.97592028413588,23,107.49888526839307,325.0,6090.90373292174,3.164008460527068,58.256159606699825,35.4457211456011,0.9980563654033042,29.296296296296298,18.319753086419755,67.5679012345679,1.7185185185185183
9552,11,Sergio PEREZ,Red Bull Racing,86.983,152.02366666666668,115.72753952411483,24,111.44726462013377,326.0,5843.711084433773,2.845195220945521,48.07019950837478,26.75012862287772,0.9508374778482822,29.296296296296298,18.319753086419755,67.5679012345679,1.7185185185185183
9552,14,Fernando ALONSO,Aston Martin,87.372,129.97633333333334,97.41776940436597,24,112.03538558280455,326.0,5565.618876121877,2.9557537300634538,44.05322128851541,21.116560910078316,0.8605728005487909,29.296296296296298,18.319753086419755,67.5679012345679,1.7185185185185183
9552,16,Charles LECLERC,Ferrari,87.15,146.7183846153846,119.33424218783298,26,124.7374949979992,325.0,6472.087577888298,3.1748699479791918,68.59515234665295,53.19407763105242,0.8592008231864174,29.296296296296298,18.319753086419755,67.5679012345679,1.7185185185185183
9552,18,Lance STROLL,Aston Martin,87.274,152.02710000000002,134.75711578202467,20,94.01652089407192,329.0,4881.781798433659,2.4695592522723375,46.56348253587149,28.11204481792717,0.9041330818041502,29.296296296296298,18.319753086419755,67.5679012345679,1.7185185185185183
9552,20,Kevin MAGNUSSEN,Haas F1 Team,88.122,185.21363157894737,186.48738796644795,19,89.37597896301378,327.0,4633.073800948951,2.4586405990967815,50.13502543874693,34.72611901903618,0.804436060138341,29.296296296296298,18.319753086419755,67.5679012345679,1.7185185185185183
9552,22,Yuki TSUNODA,RB,87.745,153.78544,129.21753082583803,25,116.52575315840622,328.0,6224.216886754702,2.8570285256959926,53.2986909049334,27.06042416966787,0.8625164351454868,29.296296296296298,18.319753086419755,67.5679012345679,1.7185185185185183
9552,23,Alexander ALBON,Williams,87.645,127.00808,90.97208776055213,25,115.86897616189333,325.0,5773.850854627565,3.057337220602527,58.16023552278054,35.83170411021551,0.8672040244669297,29.296296296296298,18.319753086419755,67.5679012345679,1.7185185185185183
9552,24,ZHOU Guanyu,Kick Sauber,87.813,172.21277777777777,191.85646932235437,18,85.06305379294575,329.0,4262.795403875836,2.320528211284514,62.585662836563195,46.635339850225805,0.8589149945692562,29.296296296296298,18.319753086419755,67.5679012345679,1.7185185185185183
9552,27,Nico HULKENBERG,Haas F1 Team,86.99,150.451,120.6935614743388,25,116.87646487166295,329.0,6018.515577659636,3.0799748470816897,49.873435088321045,26.755616532327217,0.8530840907791688,29.296296296296298,18.319753086419755,67.5679012345679,1.7185185185185183
9552,31,Esteban OCON,Alpine,87.743,172.352,217.6142819304632,18,85.05459326587778,323.0,4582.669639284285,2.2344366317955755,59.612988052363804,41.4769336305951,0.8612016235065455,29.296296296296298,18.319753086419755,67.5679012345679,1.7185185185185183
9552,44,Lewis HAMILTON,Mercedes,87.202,151.03368,107.36557912095292,25,116.26702109415194,324.0,6034.892757102841,3.2225461613216715,48.7011375978963,24.820213799805636,0.8566283656319671,29.296296296296298,18.319753086419755,67.5679012345679,1.7185185185185183
9552,55,Carlos SAINZ,Ferrari,87.249,126.85383333333333,66.65643844775153,30,138.46853026925055,327.0,7503.466300806037,3.5671411421711543,64.9379180243526,33.887383524838505,0.9979991996798719,29.296296296296298,18.319753086419755,67.5679012345679,1.7185185185185183
9552,63,George RUSSELL,Mercedes,87.294,148.21811999999997,107.98840122876902,25,115.8760075458755,322.0,6297.842165437603,2.9643285885782884,61.36683244726462,36.405647973475105,0.9606128165551935,29.296296296296298,18.319753086419755,67.5679012345679,1.7185185185185183
9552,77,Valtteri BOTTAS,Kick Sauber,87.381,204.8944666666667,284.6892911824789,15,71.47087406391128,330.0,3614.1314239981707,1.8986451723546562,68.3628880123478,54.43228720059452,0.8596581489738753,29.296296296296298,18.319753086419755,67.5679012345679,1.7185185185185183
9552,81,Oscar PIASTRI,McLaren,86.88,136.18517391304346,118.88051569488921,23,107.50174355456468,325.0,5674.582518721774,2.738752643914709,68.8206711255931,45.98730920939804,0.9981706968501687,29.296296296296298,18.319753086419755,67.5679012345679,1.7185185185185183
9553,1,Max VERSTAPPEN,Red Bull Racing,98.393,190.81494444444445,211.629371907974,18,90.41605548922622,302.0,4746.5318665074765,2.2818807209051113,55.043436238558186,36.66245949172779,0.9769173915515379,16.291463414634144,11.173170731707318,89.42682926829268,2.296341463414634
9553,2,Logan SARGEANT,Williams,99.702,190.31040000000002,264.17921506174554,20,98.78986866791745,306.0,5440.666211836943,2.6330092671556087,54.50275740519643,40.27539939735062,0.9007902666439251,16.291463414634144,11.173170731707318,89.42682926829268,2.296341463414634
9553,3,Daniel RICCIARDO,RB,100.823,141.82015384615383,92.23822235915179,26,126.46034453351527,302.0,6761.139348456421,3.0865313548240376,49.825800216044115,23.624992893285576,0.8503610210927284,16.291463414634144,11.173170731707318,89.42682926829268,2.296341463414634
9553,4,Lando NORRIS,McLaren,97.714,195.1646111111111,268.57519558426566,18,90.35721189379726,302.0,5176.0164875774635,2.2919438285291944,70.48211950650975,52.797089089772015,0.9971573142304849,16.291463414634144,11.173170731707318,89.42682926829268,2.296341463414634
9553,10,Pierre GASLY,Alpine,,,,0,8.565694468133492,294.0,818.9621922792654,0.25271476490988687,94.90323497640571,93.38427426232305,0.9926658707146512,16.291463414634144,11.173170731707318,89.42682926829268,2.296341463414634
9553,11,Sergio PEREZ,Red Bull Racing,99.284,221.421875,234.20647756410233,16,85.17744044573313,307.0,4496.044971288874,2.1818750355335723,47.161464551708455,31.386889533230995,0.9370629370629371,16.291463414634144,11.173170731707318,89.42682926829268,2.296341463414634
9553,14,Fernando ALONSO,Aston Martin,98.94,192.89163157894737,200.41679563959508,19,99.13195747342088,303.0,5177.442947296606,2.625277161862528,64.65808175564273,45.80339985218034,0.9428051623173574,16.291463414634144,11.173170731707318,89.42682926829268,2.296341463414634
9553,16,Charles LECLERC,Ferrari,98.454,151.16095833333335,117.2375766668119,24,117.64739325714936,306.0,6629.47052134857,2.956734322587981,63.46551822161578,38.09972141679459,0.9980101199613395,16.291463414634144,11.173170731707318,89.42682926829268,2.296341463414634
9553,18,Lance STROLL,Aston Martin,99.7,171.3730476190476,199.6849057787165,21,103.27005514810394,301.0,5410.230200693615,2.72784126442663,56.54892262209335,37.63647734379442,0.8730456535334584,16.291463414634144,11.173170731707318,89.42682926829268,2.296341463414634
9553,20,Kevin MAGNUSSEN,Haas F1 Team,100.539,197.9953684210526,228.0801130896105,19,94.93928023196315,303.0,5015.4200352493035,2.5426118596850302,54.707487634316905,38.61299675933822,0.8647450110864745,16.291463414634144,11.173170731707318,89.42682926829268,2.296341463414634
9553,22,Yuki TSUNODA,RB,99.82,154.745,125.13280379927026,24,117.21342884757519,301.0,6277.633009267156,2.8691227471715277,52.551424185570525,28.394109955085565,0.855591562908636,16.291463414634144,11.173170731707318,89.42682926829268,2.296341463414634
9553,23,Alexander ALBON,Williams,99.603,168.7755,194.08990350133902,22,112.66990732844391,305.0,5950.889305816135,2.9379157427937916,52.250554323725055,36.00636761612371,0.8584911023935414,16.291463414634144,11.173170731707318,89.42682926829268,2.296341463414634
9553,24,ZHOU Guanyu,Kick Sauber,101.785,174.95299999999997,172.98825250260424,21,103.78799249530957,304.0,5476.245949172779,2.717948717948718,51.78338734436296,33.18323952470294,0.8435385752458923,16.291463414634144,11.173170731707318,89.42682926829268,2.296341463414634
9553,27,Nico HULKENBERG,Haas F1 Team,99.34,265.286,424.2188937570186,14,71.97856614929786,305.0,4377.781681732901,1.8743532889874353,66.5363579509921,53.23531752800046,0.970322360566263,16.291463414634144,11.173170731707318,89.42682926829268,2.296341463414634
9553,31,Esteban OCON,Alpine,100.43,158.4417826086957,139.04923705650535,23,112.46767866280061,299.0,5874.260390016488,2.941270112001819,49.833191199044855,27.291375291375292,0.8375120814145205,16.291463414634144,11.173170731707318,89.42682926829268,2.296341463414634
9553,44,Lewis HAMILTON,Mercedes,97.564,137.52507692307694,93.98046462836473,26,125.86269827733243,307.0,6399.559667974302,3.3935414179316616,49.151628858945934,22.44470976178293,0.8177269884586957,16.291463414634144,11.173170731707318,89.42682926829268,2.296341463414634
9553,55,Carlos SAINZ,Ferrari,98.139,172.1092857142857,192.91869658859446,21,103.86366479049406,307.0,5746.266530217749,2.6480755017340383,66.10574791062596,45.22258229575303,0.9980669736767298,16.291463414634144,11.173170731707318,89.42682926829268,2.296341463414634
9553,63,George RUSSELL,Mercedes,97.529,167.75228571428573,146.18346566595295,21,103.62885894593212,305.0,5600.650804480073,2.640513957587128,51.87560407072602,30.65233953038831,0.824776849167093,16.291463414634144,11.173170731707318,89.42682926829268,2.296341463414634
9553,77,Valtteri BOTTAS,Kick Sauber,100.242,184.352,182.39536404908978,20,103.80988117573483,303.0,5458.052134857013,2.7995337995337994,50.89140940360453,33.71402581158679,0.8474046278924328,16.291463414634144,11.173170731707318,89.42682926829268,2.296341463414634
9553,81,Oscar PIASTRI,McLaren,96.654,143.51396,127.87439524298209,25,122.1413383364603,306.0,6433.98248905566,3.0008528057308546,49.220251293422024,25.724486895218604,0.8401273523224743,16.291463414634144,11.173170731707318,89.42682926829268,2.296341463414634
9554,1,Max VERSTAPPEN,Red Bull Racing,86.203,183.2633181818182,173.74858465960793,22,97.58192852326366,325.0,5126.741895326521,2.4895482130815916,33.27070906167332,14.171481923336273,0.8894133513149022,21.21529411764706,13.69764705882353,74.38823529411765,1.7694117647058825
9554,2,Logan SARGEANT,Williams,87.175,166.26538888888888,180.58995809234025,18,81.44286529384304,325.0,4478.988899839203,2.2498573577467713,70.54146999325691,56.84734685408994,1.0,21.21529411764706,13.69764705882353,74.38823529411765,1.7694117647058825
9554,3,Daniel RICCIARDO,RB,87.949,183.646375,196.54735024030307,16,73.45604025105037,326.0,4041.9941905700503,1.8013382436848384,49.759323616370146,34.500129674775664,0.8405518958452202,21.21529411764706,13.69764705882353,74.38823529411765,1.7694117647058825
9554,4,Lando NORRIS,McLaren,86.03,204.98805263157894,206.20499869112717,19,89.02370454899113,320.0,4934.234503864308,2.1825820841329944,48.36780953368951,33.47020073655273,0.8367653923958711,21.21529411764706,13.69764705882353,74.38823529411765,1.7694117647058825
9554,10,Pierre GASLY,Alpine,99.804,216.278,236.54057671148092,6,28.452150007780485,298.0,2183.331708076145,1.1550910316925151,77.76731158255096,72.37118107785673,1.0,21.21529411764706,13.69764705882353,74.38823529411765,1.7694117647058825
9554,11,Sergio PEREZ,Red Bull Racing,98.348,108.35533333333335,12.633583928913007,3,18.298200114113804,306.0,1161.9451216349396,0.6366512785932881,77.23460760412884,74.38684579075678,0.9899891073188444,21.21529411764706,13.69764705882353,74.38823529411765,1.7694117647058825
9554,14,Fernando ALONSO,Aston Martin,86.73,189.1667142857143,169.36954158462208,21,96.9936200010374,327.0,5257.329270190363,2.531718450127081,50.200217853623116,32.090668603143314,0.8442865293843042,21.21529411764706,13.69764705882353,74.38823529411765,1.7694117647058825
9554,16,Charles LECLERC,Ferrari,87.097,179.69693750000002,190.81787072214593,16,77.48244203537529,323.0,4763.867887338555,2.0144717049639502,62.742725245085325,48.40562269827273,1.0,21.21529411764706,13.69764705882353,74.38823529411765,1.7694117647058825
9554,18,Lance STROLL,Aston Martin,86.585,181.92640909090912,164.98678728245844,22,101.20265573940557,327.0,5506.010892681155,2.6453654235178172,48.320711655168836,29.607759738575652,0.8436640904611235,21.21529411764706,13.69764705882353,74.38823529411765,1.7694117647058825
9554,20,Kevin MAGNUSSEN,Haas F1 Team,92.905,252.97175000000001,258.0155281580694,4,24.39239587115514,312.0,1665.4493490326263,0.659110949738057,90.87405985787645,87.12153119975102,1.0,21.21529411764706,13.69764705882353,74.38823529411765,1.7694117647058825
9554,22,Yuki TSUNODA,RB,87.269,191.57319999999999,205.3955759128224,15,69.02904714974844,325.0,3682.423725296955,1.7385756522641216,48.654390787903935,35.653508999429434,0.8402925462938949,21.21529411764706,13.69764705882353,74.38823529411765,1.7694117647058825
9554,23,Alexander ALBON,Williams,86.64,196.69689999999997,193.70565216918686,20,93.44198350536854,326.0,5139.050002593495,2.4662067534623167,65.27003475283988,54.3658903470097,1.0,21.21529411764706,13.69764705882353,74.38823529411765,1.7694117647058825
9554,24,ZHOU Guanyu,Kick Sauber,87.867,150.5702,139.1587553040052,20,89.90865708802323,323.0,4728.79257222885,2.3666683956636754,56.40162871518232,40.062866331241246,0.8537268530525443,21.21529411764706,13.69764705882353,74.38823529411765,1.7694117647058825
9554,27,Nico HULKENBERG,Haas F1 Team,86.338,194.56640000000002,193.36800302145815,15,69.28585507547072,328.0,3992.518854712381,1.8030499507235853,72.93116862907827,59.054722755329635,1.0,21.21529411764706,13.69764705882353,74.38823529411765,1.7694117647058825
9554,31,Esteban OCON,Alpine,94.557,173.61333333333334,198.71449818381257,9,44.75392914570258,303.0,3010.5085326002386,1.3185331189377043,78.49831422791638,69.77789304424503,1.0,21.21529411764706,13.69764705882353,74.38823529411765,1.7694117647058825
9554,44,Lewis HAMILTON,Mercedes,85.99,184.3555909090909,188.35265206006503,22,101.21972093988278,324.0,5269.9212096063075,2.7693863789615643,67.66995176098345,47.14124176565174,1.0,21.21529411764706,13.69764705882353,74.38823529411765,1.7694117647058825
9554,55,Carlos SAINZ,Ferrari,86.509,191.6090476190476,195.35345588067167,21,97.21085118522745,326.0,5454.464858135795,2.5468125940142126,45.91114684371596,26.838321489703823,0.9627574044296904,21.21529411764706,13.69764705882353,74.38823529411765,1.7694117647058825
9554,63,George RUSSELL,Mercedes,85.819,176.60991304347826,177.64108064147408,23,105.58395144976399,325.0,5700.510192437367,2.7496239431505782,49.99610975673012,27.851444577000883,0.845012708128015,21.21529411764706,13.69764705882353,74.38823529411765,1.7694117647058825
9554,77,Valtteri BOTTAS,Kick Sauber,92.431,169.6758888888889,168.46069842906945,9,44.81025986825043,306.0,2376.9842834171895,1.1779137922091394,71.00238601587219,63.01675398101561,0.8538305928730743,21.21529411764706,13.69764705882353,74.38823529411765,1.7694117647058825
9554,81,Oscar PIASTRI,McLaren,86.237,190.48290476190476,195.16104847362413,21,96.96820374500751,335.0,5225.28777426215,2.4764251257845324,47.19025883085222,29.649255666787695,0.8395663675501841,21.21529411764706,13.69764705882353,74.38823529411765,1.7694117647058825
9558,1,Max VERSTAPPEN,Red Bull Racing,88.952,95.17353846153847,6.640491196097153,52,138.40890871281758,327.0,6758.477592598174,3.449956300292336,44.120731744070405,12.897742684066182,0.4061360417106175,27.670068027210885,15.77074829931973,67.33333333333333,1.3482993197278912
9558,2,Logan SARGEANT,Williams,89.972,96.85459615384615,7.3779287177250055,52,135.90783882342305,330.0,6660.68686899129,3.603869684457973,52.110906844278354,24.317169464452547,0.48856273168379494,27.670068027210885,15.77074829931973,67.33333333333333,1.3482993197278912
9558,3,Daniel RICCIARDO,RB,90.735,97.20370588235295,7.149919863239707,51,133.74448462929476,327.0,6610.394605183846,3.296534056660639,42.06760096443641,12.030741410488245,0.35313441832429177,27.670068027210885,15.77074829931973,67.33333333333333,1.3482993197278912
9558,4,Lando NORRIS,McLaren,89.262,95.28807692307691,6.482951345485249,52,136.27184231939967,327.0,6741.318314698171,3.427533829601278,53.23926343389289,22.786413911575902,0.6077875892830235,27.670068027210885,15.77074829931973,67.33333333333333,1.3482993197278912
9558,10,Pierre GASLY,Alpine,,,,0,9.369639251378802,291.0,613.127753835026,0.23227148066664657,74.59302010186552,73.06470570507219,0.19092251589765227,27.670068027210885,15.77074829931973,67.33333333333333,1.3482993197278912
9558,11,Sergio PEREZ,Red Bull Racing,89.707,99.094,9.259364180137219,49,130.98809559687774,336.0,6377.578885506766,3.331936951870046,53.35200867966607,25.447695970585578,0.5147825562822097,27.670068027210885,15.77074829931973,67.33333333333333,1.3482993197278912
9558,14,Fernando ALONSO,Aston Martin,89.71,96.36817307692307,7.34450220788195,52,136.22093969440343,332.0,6574.139326723125,3.6077875892830233,41.903951056327415,11.958892137066393,0.35375666797263494,27.670068027210885,15.77074829931973,67.33333333333333,1.3482993197278912
9558,16,Charles LECLERC,Ferrari,89.748,97.80101960784316,8.344254095566617,51,133.7671257647449,329.0,6853.181609957506,3.4802447183629184,54.56342485157168,23.01208522949881,0.6115246677315331,27.670068027210885,15.77074829931973,67.33333333333333,1.3482993197278912
9558,18,Lance STROLL,Aston Martin,89.897,96.23053846153844,6.809037827265766,52,136.1153370905036,328.0,6598.01356197824,3.5783128899068744,42.60739579880052,12.321147644736445,0.33886862963744313,27.670068027210885,15.77074829931973,67.33333333333333,1.3482993197278912
9558,20,Kevin MAGNUSSEN,Haas F1 Team,90.093,96.87786538461538,7.764840525453492,52,136.33681926403665,337.0,6897.80606371116,3.5505259033784395,53.44163828697146,24.527410264910642,0.6171604231337211,27.670068027210885,15.77074829931973,67.33333333333333,1.3482993197278912
9558,22,Yuki TSUNODA,RB,90.229,96.66713461538463,7.033464853631054,52,136.26075163497183,333.0,6635.8126940116335,3.414454055031494,42.86341581025285,13.093276272565625,0.36849401766070944,27.670068027210885,15.77074829931973,67.33333333333333,1.3482993197278912
9558,23,Alexander ALBON,Williams,89.718,96.45536538461539,7.5354969236092755,52,136.37859015701758,332.0,6778.7861728097405,3.5608932823001114,52.08917754136403,26.078538922877552,0.485458545553178,27.670068027210885,15.77074829931973,67.33333333333333,1.3482993197278912
9558,24,ZHOU Guanyu,Kick Sauber,91.014,100.03772,9.122573652297909,50,131.41122931798319,330.0,6428.580995147826,3.480576233386577,49.943341068683885,20.700400831801332,0.5032398059130225,27.670068027210885,15.77074829931973,67.33333333333333,1.3482993197278912
9558,27,Nico HULKENBERG,Haas F1 Team,89.836,96.21438461538462,6.73567439417752,52,136.6352129230584,325.0,6988.483740694976,3.511497543775052,54.170519273077964,24.288598896959105,0.6312046050450559,27.670068027210885,15.77074829931973,67.33333333333333,1.3482993197278912
9558,31,Esteban OCON,Alpine,90.875,99.16498000000001,8.242540352318573,50,131.33232874235256,333.0,6429.703926946144,3.432416141767879,54.51704288598897,25.756065218046473,0.44944395889213706,27.670068027210885,15.77074829931973,67.33333333333333,1.3482993197278912
9558,44,Lewis HAMILTON,Mercedes,89.438,95.14282692307694,6.773053985977629,52,136.6218619089238,320.0,6861.609415026672,3.5421174768692927,51.39227268617582,18.783159036798168,0.41538832464362135,27.670068027210885,15.77074829931973,67.33333333333333,1.3482993197278912
9558,55,Carlos SAINZ,Ferrari,88.293,96.05296153846156,7.096764148760766,52,136.06554956149603,323.0,6685.713390193183,3.5831952020734756,56.02685271691631,24.506554956149603,0.580814321449022,27.670068027210885,15.77074829931973,67.33333333333333,1.3482993197278912
9558,63,George RUSSELL,Mercedes,91.298,96.122,7.041460501912938,33,88.41568970193785,310.0,4734.699165184895,2.2360085591151564,57.86998583526717,37.16898224887737,0.5576685452518008,27.670068027210885,15.77074829931973,67.33333333333333,1.3482993197278912
9558,77,Valtteri BOTTAS,Kick Sauber,91.277,97.83007843137254,7.530559898573637,51,134.16066423555648,323.0,6520.7519966245745,3.5215032699436426,48.92824206624273,19.548536813236492,0.5291582532172027,27.670068027210885,15.77074829931973,67.33333333333333,1.3482993197278912
9558,81,Oscar PIASTRI,McLaren,88.748,95.38151923076923,7.2662599852129635,52,136.2519815557096,329.0,6820.806485639372,3.3684940176607094,53.80172387812302,22.94710828486182,0.6007353605979325,27.670068027210885,15.77074829931973,67.33333333333333,1.3482993197278912
9559,1,Max VERSTAPPEN,Red Bull Racing,78.989,194.57715789473684,183.94389992267898,19,66.89254835039819,315.0,4467.479237770193,1.7997155858930602,34.259783845278726,27.318998862343573,0.9981797497155859,58.49878048780489,31.00487804878049,38.0,1.2621951219512195
9559,2,Logan SARGEANT,Williams,79.885,150.61932000000002,119.78264005229472,25,87.19357224118316,316.0,5417.687372013652,2.4244596131968144,41.04960182025028,33.29510807736064,0.8879977246871444,58.49878048780489,31.00487804878049,38.0,1.2621951219512195
9559,3,Daniel RICCIARDO,RB,79.578,141.87465384615385,100.7573285057268,26,90.34271899886234,313.0,5884.794937428896,2.1323663253697385,42.63879408418658,25.169738339021617,0.84613196814562,58.49878048780489,31.00487804878049,38.0,1.2621951219512195
9559,4,Lando NORRIS,McLaren,79.211,147.58831999999998,166.3062326773642,25,87.0928896473265,311.0,5439.809670079636,2.1426052332195678,45.634129692832765,34.62184300341297,0.8451080773606371,58.49878048780489,31.00487804878049,38.0,1.2621951219512195
9559,10,Pierre GASLY,Alpine,79.976,147.9962,172.3737072948192,25,87.29658703071672,314.0,5570.34055745165,2.169795221843003,46.40972696245734,32.070079635949945,0.854778156996587,58.49878048780489,31.00487804878049,38.0,1.2621951219512195
9559,11,Sergio PEREZ,Red Bull Racing,79.44,178.22657142857142,188.38107287207856,21,73.13043230944255,317.0,4664.030546075085,1.927872582480091,37.274744027303754,31.0,0.9492036405005688,58.49878048780489,31.00487804878049,38.0,1.2621951219512195
9559,14,Fernando ALONSO,Aston Martin,79.686,158.92608695652171,154.5641684929126,23,80.55676905574516,317.0,5069.007337883959,2.109613196814562,53.92195676905575,42.783617747440275,0.9494880546075085,58.49878048780489,31.00487804878049,38.0,1.2621951219512195
9559,16,Charles LECLERC,Ferrari,79.011,129.49974999999998,94.01067262688278,28,97.2042662116041,316.0,6149.899317406143,2.446302616609784,41.8259385665529,27.10580204778157,0.8453924914675768,58.49878048780489,31.00487804878049,38.0,1.2621951219512195
9559,18,Lance STROLL,Aston Martin,79.265,153.2519166666667,143.40631495855772,24,83.41734926052332,318.0,5248.146245733788,2.173947667804323,48.556825938566554,38.82957906712173,0.9105233219567691,58.49878048780489,31.00487804878049,38.0,1.2621951219512195
9559,20,Kevin MAGNUSSEN,Haas F1 Team,80.295,143.06115384615387,113.0965457673876,26,90.65813424345848,315.0,5707.76149032992,2.483560864618885,39.20904436860068,26.155403868031854,0.8513083048919227,58.49878048780489,31.00487804878049,38.0,1.2621951219512195
9559,22,Yuki TSUNODA,RB,79.26,149.24952,136.82545927015778,25,86.91075085324232,313.0,5760.351080773607,2.083788395904437,41.2028441410694,25.77428896473265,0.8452787258248009,58.49878048780489,31.00487804878049,38.0,1.2621951219512195
9559,23,Alexander ALBON,Williams,79.794,166.6552380952381,166.90577180607448,21,73.4537542662116,313.0,4546.129237770193,1.92320819112628,44.86513083048919,38.21683731513083,0.7994880546075085,58.49878048780489,31.00487804878049,38.0,1.2621951219512195
9559,24,ZHOU Guanyu,Kick Sauber,79.18,162.7430434782609,154.5391114683687,23,80.85927189988624,316.0,4875.076052332196,2.2773606370875994,46.99726962457338,37.17519908987486,0.8521615472127417,58.49878048780489,31.00487804878049,38.0,1.2621951219512195
9559,31,Esteban OCON,Alpine,80.023,148.42028,137.71066173380186,25,90.58481228668941,315.0,5700.842946530148,2.3343003412969283,44.49419795221843,30.78452787258248,0.8579067121729238,58.49878048780489,31.00487804878049,38.0,1.2621951219512195
9559,44,Lewis HAMILTON,Mercedes,79.287,133.7605,124.58013642875473,28,96.97906712172924,317.0,5743.679237770193,2.762514220705347,42.563196814562005,29.087144482366327,0.8544368600682594,58.49878048780489,31.00487804878049,38.0,1.2621951219512195
9559,50,Oliver BEARMAN,Haas F1 Team,80.371,141.77450000000002,115.88388929648836,26,90.96666666666667,315.0,5755.121274175199,2.457792946530148,39.33896473265074,29.55745164960182,0.8597269624573379,58.49878048780489,31.00487804878049,38.0,1.2621951219512195
9559,55,Carlos SAINZ,Ferrari,78.713,146.1515,145.04511441623686,26,90.73242320819112,314.0,5772.431854379977,2.321217292377702,62.485893060295794,48.995221843003414,0.99806598407281,58.49878048780489,31.00487804878049,38.0,1.2621951219512195
9559,63,George RUSSELL,Mercedes,79.137,139.8992962962963,133.9025037762246,27,94.12434584755404,316.0,5995.453754266212,2.411717861205916,44.12116040955632,30.141296928327645,0.865358361774744,58.49878048780489,31.00487804878049,38.0,1.2621951219512195
9559,77,Valtteri BOTTAS,Kick Sauber,79.804,140.26351851851848,135.5102592946435,27,93.90062571103526,314.0,5686.602161547213,2.5612059158134244,45.050625711035266,32.74175199089875,0.854721274175199,58.49878048780489,31.00487804878049,38.0,1.2621951219512195
9559,81,Oscar PIASTRI,McLaren,79.249,119.10516,91.53486942435872,25,87.3613196814562,314.0,5677.302957906712,2.246359499431172,44.98390216154721,33.37542662116041,0.8761092150170648,58.49878048780489,31.00487804878049,38.0,1.2621951219512195
9560,1,Max VERSTAPPEN,Red Bull Racing,78.031,186.63215789473688,304.5451865456635,19,66.3553111465694,315.0,3893.4925917483474,1.7064622749031229,39.31815591520401,29.829952131297013,0.9014132664691132,45.81975308641975,31.196296296296293,37.17283950617284,1.008641975308642
9560,2,Logan SARGEANT,Williams,78.611,185.51760000000002,305.0607217542763,20,69.75222247549578,318.0,4403.992192842489,1.9402780943697286,47.48917255527695,39.8992477775245,0.8412354684294506,45.81975308641975,31.196296296296293,37.17283950617284,1.008641975308642
9560,3,Daniel RICCIARDO,RB,78.371,196.15789473684214,299.14439647626165,19,66.18036243446547,315.0,4155.220082060634,1.578413494415318,55.59818782767267,42.56986551173923,0.83280145885571,45.81975308641975,31.196296296296293,37.17283950617284,1.008641975308642
9560,4,Lando NORRIS,McLaren,77.788,153.16826086956522,218.0457601007915,23,79.67717118759973,311.0,5031.576817870982,1.9292227034419878,44.6746067927969,34.30111693640301,0.8085251880556189,45.81975308641975,31.196296296296293,37.17283950617284,1.008641975308642
9560,10,Pierre GASLY,Alpine,78.888,168.96527272727272,238.21372877335895,22,80.26624116708457,314.0,5526.693241395031,2.140300888990198,61.798780487804876,44.628219740141326,0.9983473900159562,45.81975308641975,31.196296296296293,37.17283950617284,1.008641975308642
9560,11,Sergio PEREZ,Red Bull Racing,78.255,176.31490476190478,253.21237149944292,21,76.31792796899931,318.0,4899.2645315705495,1.9275700934579438,43.178766811032595,34.618190107134716,0.9760656485069523,45.81975308641975,31.196296296296293,37.17283950617284,1.008641975308642
9560,14,Fernando ALONSO,Aston Martin,78.519,164.98414285714284,249.61472160555286,21,76.33342831091862,319.0,4640.344597674949,2.0381240027353544,52.808753134260314,42.74925917483474,0.9002735354456348,45.81975308641975,31.196296296296293,37.17283950617284,1.008641975308642
9560,16,Charles LECLERC,Ferrari,79.286,115.38033333333334,25.831112930383437,6,24.6905630271256,321.0,1940.3984499658081,3.178139958969683,87.8356507864144,84.8620925461591,0.9980624572600866,45.81975308641975,31.196296296296293,37.17283950617284,1.008641975308642
9560,18,Lance STROLL,Aston Martin,79.179,162.12904347826088,221.40062533482214,23,82.90027353544563,319.0,5206.809607932528,2.17170047868703,48.58428310918623,39.92249829040347,0.9129815363574196,45.81975308641975,31.196296296296293,37.17283950617284,1.008641975308642
9560,20,Kevin MAGNUSSEN,Haas F1 Team,78.315,169.8120909090909,257.4269052601338,22,80.4071119215865,322.0,5411.775416001824,2.185035331661728,52.78812400273535,41.60018235696376,0.9771483929792569,45.81975308641975,31.196296296296293,37.17283950617284,1.008641975308642
9560,22,Yuki TSUNODA,RB,79.606,305.41474999999997,619.1790387405629,12,43.01766583086392,313.0,2948.462046956918,1.0536243446546616,59.51282197401413,52.739001595623435,0.834283109186232,45.81975308641975,31.196296296296293,37.17283950617284,1.008641975308642
9560,23,Alexander ALBON,Williams,78.514,176.28595238095235,289.5911576048248,21,73.19523592432186,317.0,4612.332459539549,1.90238203783907,49.54416457715979,43.635058126282196,0.8488716662867564,45.81975308641975,31.196296296296293,37.17283950617284,1.008641975308642
9560,24,ZHOU Guanyu,Kick Sauber,80.067,165.8090434782609,228.68203185370126,23,84.06724413038523,317.0,4997.231023478459,2.312742192842489,48.53493275586961,38.144289947572375,0.8494415317984956,45.81975308641975,31.196296296296293,37.17283950617284,1.008641975308642
9560,27,Nico HULKENBERG,Haas F1 Team,78.791,166.4493043478261,230.07988862499477,23,83.38881923865968,318.0,5652.048153635742,2.226293594711648,53.16577387736494,41.69705949395942,0.9983473900159562,45.81975308641975,31.196296296296293,37.17283950617284,1.008641975308642
9560,31,Esteban OCON,Alpine,78.754,164.23899999999998,233.61628198859327,23,83.1669705949396,312.0,5245.42426487349,2.156314109870071,44.45070663323456,32.91452017323912,0.8478459083656257,45.81975308641975,31.196296296296293,37.17283950617284,1.008641975308642
9560,44,Lewis HAMILTON,Mercedes,78.363,194.87426315789472,292.8881682767498,19,66.47367221335764,319.0,4070.762764987463,1.8955436516981992,64.48620925461591,56.65534533850011,0.9980054707089127,45.81975308641975,31.196296296296293,37.17283950617284,1.008641975308642
9560,55,Carlos SAINZ,Ferrari,78.185,161.73331818181816,238.0831982146704,22,76.59795988146797,318.0,5133.128447686346,1.9697401413266469,69.01823569637565,57.897424207886935,0.9981764303624344,45.81975308641975,31.196296296296293,37.17283950617284,1.008641975308642
9560,63,George RUSSELL,Mercedes,78.294,188.97152631578948,280.0571764000999,19,66.77370640528835,320.0,4322.923125142466,1.730852518805562,66.85115112833371,56.834055162981535,0.9980624572600866,45.81975308641975,31.196296296296293,37.17283950617284,1.008641975308642
9560,77,Valtteri BOTTAS,Kick Sauber,78.586,157.10037499999999,212.58619895092212,24,83.48974242078869,317.0,5036.458342831092,2.2852176886254845,48.1483929792569,36.777068611807614,0.8482448142238431,45.81975308641975,31.196296296296293,37.17283950617284,1.008641975308642
9560,81,Oscar PIASTRI,McLaren,78.618,183.37295,260.1253483527653,20,69.83855710052427,312.0,4435.260713471621,1.737348985639389,48.91748347390016,41.725096877137,0.834283109186232,45.81975308641975,31.196296296296293,37.17283950617284,1.008641975308642
9561,1,Max VERSTAPPEN,Red Bull Racing,76.379,140.67515384615388,129.58179994733717,26,88.82207792207792,317.0,5277.542687747035,2.294805194805195,39.330604178430264,24.816713721061546,0.9231507622811971,39.0575,26.839999999999996,42.9375,0.92875
9561,2,Logan SARGEANT,Williams,77.168,195.45599999999996,189.53464794596263,14,49.80863918690006,315.0,3653.875098814229,1.3876341050254093,51.37075098814229,46.972557876905704,0.8793337097684923,39.0575,26.839999999999996,42.9375,0.92875
9561,3,Daniel RICCIARDO,RB,76.652,180.2113571428571,157.00657408875188,14,49.53975155279503,315.0,3279.3494071146247,1.1759457933370976,32.189666854884244,22.511349520045172,0.5802371541501976,39.0575,26.839999999999996,42.9375,0.92875
9561,4,Lando NORRIS,McLaren,76.098,220.2154375,214.79759196682372,16,55.71784302653868,316.0,4034.6810276679844,1.4128740824392998,60.972557876905704,56.05736871823829,0.9701298701298702,39.0575,26.839999999999996,42.9375,0.92875
9561,10,Pierre GASLY,Alpine,77.499,198.90785714285718,296.45594143405367,14,49.52292490118577,315.0,3376.1359683794467,1.2118577075098815,37.230265386787124,29.36849237718803,0.6378881987577639,39.0575,26.839999999999996,42.9375,0.92875
9561,11,Sergio PEREZ,Red Bull Racing,76.954,163.04817391304348,195.778537540375,23,81.80683229813664,319.0,4901.149858836815,2.101637492941841,40.88932806324111,29.838057594579332,0.9294184076792772,39.0575,26.839999999999996,42.9375,0.92875
9561,14,Fernando ALONSO,Aston Martin,77.001,185.364,190.1191733867554,19,69.05974025974027,319.0,4213.930660643704,1.8872953133822699,55.45358554488989,47.64901185770751,0.9169960474308301,39.0575,26.839999999999996,42.9375,0.92875
9561,16,Charles LECLERC,Ferrari,76.803,165.4511875,141.73952138880443,16,56.04240542066629,317.0,4137.169960474308,1.4418407679277245,66.0832298136646,58.3442123094297,0.9832862789384529,39.0575,26.839999999999996,42.9375,0.92875
9561,18,Lance STROLL,Aston Martin,77.085,180.51465,180.9444290165561,20,72.62185206098249,321.0,4577.096725014117,1.8696216826651608,50.743195934500285,42.64144551101073,0.8748164878599661,39.0575,26.839999999999996,42.9375,0.92875
9561,20,Kevin MAGNUSSEN,Haas F1 Team,77.507,167.7735,168.89717092435265,16,56.46199887069452,323.0,4091.1823263692827,1.5634105025409373,40.331281761716546,33.91801242236025,0.7761151891586674,39.0575,26.839999999999996,42.9375,0.92875
9561,22,Yuki TSUNODA,RB,76.744,170.69326666666666,149.57032104953916,15,52.82625635234331,314.0,3603.813043478261,1.2575381140598532,32.45985319028797,23.247656691134953,0.5962168266516092,39.0575,26.839999999999996,42.9375,0.92875
9561,23,Alexander ALBON,Williams,76.661,192.10628571428575,177.33128403093806,14,52.82394127611519,317.0,3874.6882552230377,1.3782044042913608,56.2781479390175,56.54138904573687,0.9471485036702428,39.0575,26.839999999999996,42.9375,0.92875
9561,24,ZHOU Guanyu,Kick Sauber,77.291,239.4231428571429,307.85568659910797,14,49.17306606437041,319.0,3089.2155279503104,1.3717108977978543,56.357368718238284,52.1802371541502,0.8350649350649351,39.0575,26.839999999999996,42.9375,0.92875
9561,27,Nico HULKENBERG,Haas F1 Team,76.696,187.7824285714286,210.28765286140597,14,49.77600225861095,321.0,3821.672953133823,1.320214568040655,52.789384528514965,46.41242236024845,0.879785431959345,39.0575,26.839999999999996,42.9375,0.92875
9561,31,Esteban OCON,Alpine,77.575,193.1354666666667,315.8684530070215,15,52.785940146809715,318.0,3349.3772444946358,1.3688876341050253,71.29864483342745,63.953924336533035,0.9603049124788255,39.0575,26.839999999999996,42.9375,0.92875
9561,44,Lewis HAMILTON,Mercedes,76.786,210.79323076923077,148.10424354911117,13,46.03184641445511,317.0,3055.1119141727836,1.3529644268774703,54.87611518915867,50.39232072275551,0.8601919819311123,39.0575,26.839999999999996,42.9375,0.92875
9561,55,Carlos SAINZ,Ferrari,76.639,181.6416,156.85197743299253,15,52.72021456804065,318.0,4014.196555618295,1.3306041784302653,51.64404291360813,44.83681535855449,0.8490683229813665,39.0575,26.839999999999996,42.9375,0.92875
9561,63,George RUSSELL,Mercedes,76.564,198.9607857142857,163.84644873616907,14,49.35821569734613,318.0,3300.3053642010163,1.3181253529079615,71.84912478825522,65.02382834556748,0.9983060417843026,39.0575,26.839999999999996,42.9375,0.92875
9561,77,Valtteri BOTTAS,Kick Sauber,76.804,193.52015789473685,252.684505340108,19,65.91022021456804,315.0,3986.9860530773576,1.824618859401468,52.985262563523435,44.39006211180124,0.8261434217955957,39.0575,26.839999999999996,42.9375,0.92875
9561,81,Oscar PIASTRI,McLaren,76.142,222.46975,213.59552258108667,16,56.02394127611519,313.0,4042.821626199887,1.452230378317335,58.372501411631845,53.812761151891586,0.9567476002258611,39.0575,26.839999999999996,42.9375,0.92875
9562,1,Max VERSTAPPEN,Red Bull Racing,75.273,215.71955555555556,253.26044905069173,18,54.93331843575419,321.0,3351.719374301676,1.4091620111731844,43.1435530726257,36.26046927374302,0.9915530726256984,30.31333333333333,24.375238095238096,61.80952380952381,0.9419047619047618
9562,2,Logan SARGEANT,Williams,76.543,249.05425,327.43613034252564,12,33.843620111731845,319.0,2423.772782122905,0.9826145251396649,75.62020111731843,73.86029050279329,0.9985251396648045,30.31333333333333,24.375238095238096,61.80952380952381,0.9419047619047618
9562,3,Daniel RICCIARDO,RB,76.202,289.65917647058825,363.2474495309411,17,52.22753072625699,314.0,3450.969653631285,1.2241787709497207,51.353564245810055,41.19830167597765,0.8939441340782123,30.31333333333333,24.375238095238096,61.80952380952381,0.9419047619047618
9562,4,Lando NORRIS,McLaren,75.227,255.2073157894737,297.36144107927373,19,57.68388826815642,318.0,3812.5690726256985,1.3513743016759776,47.42753072625698,41.01953072625698,0.8744581005586592,30.31333333333333,24.375238095238096,61.80952380952381,0.9419047619047618
9562,10,Pierre GASLY,Alpine,78.166,101.241,24.18462313123775,5,15.995307262569833,314.0,1435.744,0.4303463687150838,89.86194413407821,87.5044469273743,0.9952178770949721,30.31333333333333,24.375238095238096,61.80952380952381,0.9419047619047618
9562,11,Sergio PEREZ,Red Bull Racing,77.886,95.22899999999998,17.07432213881418,4,14.838033519553072,320.0,905.2293184357542,0.3863240223463687,84.36357541899442,82.49814525139665,0.9535642458100558,30.31333333333333,24.375238095238096,61.80952380952381,0.9419047619047618
9562,14,Fernando ALONSO,Aston Martin,76.043,242.42943750000003,281.79581909136107,16,47.07401117318436,326.0,3187.8132290502795,1.2141675977653632,61.66940782122905,56.13658100558659,0.8833519553072625,30.31333333333333,24.375238095238096,61.80952380952381,0.9419047619047618
9562,16,Charles LECLERC,Ferrari,75.891,255.8586842105263,322.6187213633313,19,57.72120670391062,319.0,4075.7573631284918,1.4742793296089385,46.547754189944136,39.46440223463687,0.9832402234636871,30.31333333333333,24.375238095238096,61.80952380952381,0.9419047619047618
9562,18,Lance STROLL,Aston Martin,76.075,268.0784444444444,316.3516723834449,18,57.38654748603352,323.0,3795.7812737430168,1.449832402234637,48.388513966480446,42.89698324022346,0.8786145251396648,30.31333333333333,24.375238095238096,61.80952380952381,0.9419047619047618
9562,20,Kevin MAGNUSSEN,Haas F1 Team,76.548,240.546,326.6929186310782,13,39.26596648044693,326.0,2570.60625698324,1.0753519553072626,67.98122905027932,64.11727374301675,0.8936312849162011,30.31333333333333,24.375238095238096,61.80952380952381,0.9419047619047618
9562,22,Yuki TSUNODA,RB,76.121,219.28266666666667,263.8905346357336,18,50.81707262569832,314.0,3331.036245810056,1.9692513966480447,58.984759776536315,50.150256983240226,0.8937653631284916,30.31333333333333,24.375238095238096,61.80952380952381,0.9419047619047618
9562,23,Alexander ALBON,Williams,76.429,199.6676666666667,253.9162073258727,15,41.58055865921788,320.0,2864.5032402234638,1.1036424581005586,63.51736312849162,62.004379888268154,0.8953296089385475,30.31333333333333,24.375238095238096,61.80952380952381,0.9419047619047618
9562,24,ZHOU Guanyu,Kick Sauber,78.037,160.04054545454545,212.67732615241061,11,31.616581005586593,316.0,1925.2380782122905,0.8320893854748603,77.57224581005586,73.47253631284916,0.8924245810055866,30.31333333333333,24.375238095238096,61.80952380952381,0.9419047619047618
9562,27,Nico HULKENBERG,Haas F1 Team,76.317,223.4467857142857,269.9406027801509,14,41.93434636871508,324.0,2744.7085139664805,1.1131173184357541,67.43369832402234,62.38158659217877,0.8939441340782123,30.31333333333333,24.375238095238096,61.80952380952381,0.9419047619047618
9562,31,Esteban OCON,Alpine,78.049,98.181,18.253128137390583,5,15.982614525139665,318.0,1587.4286033519554,0.47226815642458103,82.01430167597765,80.0026815642458,0.9334078212290503,30.31333333333333,24.375238095238096,61.80952380952381,0.9419047619047618
9562,44,Lewis HAMILTON,Mercedes,75.854,228.0065238095238,269.6953792952371,21,62.96612290502793,320.0,3814.8202905027933,1.8114413407821228,59.26149720670391,50.27539664804469,0.9986145251396648,30.31333333333333,24.375238095238096,61.80952380952381,0.9419047619047618
9562,55,Carlos SAINZ,Ferrari,75.696,176.3533181818182,198.48158614852693,22,67.9334972067039,319.0,4597.12366480447,1.7267039106145252,43.8635530726257,35.64084916201117,0.998391061452514,30.31333333333333,24.375238095238096,61.80952380952381,0.9419047619047618
9562,63,George RUSSELL,Mercedes,77.968,182.385875,246.3725346692674,8,24.107977653631284,320.0,1681.2438882681565,0.6034860335195531,87.77827932960894,83.98051396648044,0.9983463687150838,30.31333333333333,24.375238095238096,61.80952380952381,0.9419047619047618
9562,77,Valtteri BOTTAS,Kick Sauber,76.384,183.64582352941176,192.20110618682568,17,49.88344134078212,318.0,3106.4556424581006,1.344849162011173,66.4069720670391,60.4376312849162,0.8926480446927374,30.31333333333333,24.375238095238096,61.80952380952381,0.9419047619047618
9562,81,Oscar PIASTRI,McLaren,75.249,270.6117222222222,311.20407647033835,18,55.116245810055865,317.0,3607.1944134078212,1.3470837988826816,49.07208938547486,43.03302793296089,0.8801787709497206,30.31333333333333,24.375238095238096,61.80952380952381,0.9419047619047618
9566,1,Max VERSTAPPEN,Red Bull Racing,80.908,84.34051428571429,3.115883514890656,70,128.18667820069203,324.0,7025.9422722029985,3.257814302191465,39.35666089965398,18.77047289504037,0.18538062283737025,44.91612903225806,28.82387096774194,46.92258064516129,1.2496774193548386
9566,2,Logan SARGEANT,Williams,80.561,86.013,3.905170077388862,69,124.1659169550173,324.0,7116.281170703575,3.1978662053056515,37.04420415224914,18.73125720876586,0.1833044982698962,44.91612903225806,28.82387096774194,46.92258064516129,1.2496774193548386
9566,3,Daniel RICCIARDO,RB,82.64,85.51156521739131,3.242447704329541,69,124.5689446366782,322.0,7075.141724336793,3.03739907727797,39.71854094579008,16.098615916955016,0.18737024221453288,44.91612903225806,28.82387096774194,46.92258064516129,1.2496774193548386
9566,4,Lando NORRIS,McLaren,81.712,84.06504285714286,3.109108257250963,70,126.1673875432526,318.0,7200.883044982699,3.086130334486736,38.549019607843135,17.74659746251442,0.13685121107266435,44.91612903225806,28.82387096774194,46.92258064516129,1.2496774193548386
9566,10,Pierre GASLY,Alpine,83.34,86.27053125,2.9530605097124987,32,60.53065167243368,321.0,3619.3545847750866,1.5329584775086504,75.7590830449827,65.53921568627452,0.2223760092272203,44.91612903225806,28.82387096774194,46.92258064516129,1.2496774193548386
9566,11,Sergio PEREZ,Red Bull Racing,81.096,84.60325714285715,3.6641688228640588,70,120.95553633217993,325.0,6659.262226066898,3.019059976931949,36.490513264129184,16.796424452133795,0.229959630911188,44.91612903225806,28.82387096774194,46.92258064516129,1.2496774193548386
9566,14,Fernando ALONSO,Aston Martin,83.063,85.2125,3.192372972078473,70,125.79870242214533,325.0,7042.995761245675,3.2789504036908883,37.620991926182235,16.868512110726645,0.14010957324106113,44.91612903225806,28.82387096774194,46.92258064516129,1.2496774193548386
9566,16,Charles LECLERC,Ferrari,82.182,84.31524285714286,3.2377402412163705,70,126.17820069204153,319.0,7210.737745098039,3.1864475201845446,43.1113321799308,21.32572087658593,0.27419261822376007,44.91612903225806,28.82387096774194,46.92258064516129,1.2496774193548386
9566,18,Lance STROLL,Aston Martin,82.338,85.14937142857143,3.522199520475922,70,125.83667820069203,325.0,7020.613350634371,3.3085351787773933,37.21585928489043,16.505190311418684,0.12782583621683968,44.91612903225806,28.82387096774194,46.92258064516129,1.2496774193548386
9566,20,Kevin MAGNUSSEN,Haas F1 Team,83.553,85.90702898550725,3.339398075463035,69,124.50965974625144,323.0,6919.433852364476,3.3300749711649367,37.59103229527105,17.73933102652826,0.31081314878892735,44.91612903225806,28.82387096774194,46.92258064516129,1.2496774193548386
9566,22,Yuki TSUNODA,RB,83.533,85.13774285714287,2.532986338498574,70,124.00308535178777,315.0,6980.945011534025,3.0029411764705882,39.65271049596309,16.715801614763553,0.12200115340253749,44.91612903225806,28.82387096774194,46.92258064516129,1.2496774193548386
9566,23,Alexander ALBON,Williams,83.93,85.78463768115941,3.313136615209807,69,124.37987312572088,326.0,6979.193886966551,3.291147635524798,35.32886389850058,18.685121107266436,0.15565167243367936,44.91612903225806,28.82387096774194,46.92258064516129,1.2496774193548386
9566,24,ZHOU Guanyu,Kick Sauber,83.487,86.17340579710145,3.5222594951636856,69,126.04728950403691,322.0,7022.604728950404,3.3379181084198386,43.101960784313725,22.55513264129181,0.28961937716262975,44.91612903225806,28.82387096774194,46.92258064516129,1.2496774193548386
9566,27,Nico HULKENBERG,Haas F1 Team,83.461,85.73394202898551,3.3621651792099,69,124.77768166089966,324.0,7016.052739331027,3.2445501730103805,38.253258362168395,18.948673587081892,0.2964244521337947,44.91612903225806,28.82387096774194,46.92258064516129,1.2496774193548386
9566,31,Esteban OCON,Alpine,81.61,86.1352028985507,3.8735374634268487,69,123.9044982698962,324.0,6871.065167243368,3.2523356401384085,39.17272202998846,19.801384083044983,0.14333910034602076,44.91612903225806,28.82387096774194,46.92258064516129,1.2496774193548386
9566,44,Lewis HAMILTON,Mercedes,82.153,84.24631428571428,3.098572411117542,70,127.73010380622837,315.0,7041.076874279123,3.454382929642445,39.47168396770473,17.84636678200692,0.12756632064590542,44.91612903225806,28.82387096774194,46.92258064516129,1.2496774193548386
9566,55,Carlos SAINZ,Ferrari,81.441,84.36424285714287,3.300796096336737,70,125.9794982698962,325.0,7029.686476355248,3.2986735870818915,42.78494809688581,22.38166089965398,0.2847750865051903,44.91612903225806,28.82387096774194,46.92258064516129,1.2496774193548386
9566,63,George RUSSELL,Mercedes,80.305,84.63871428571429,3.386446017974162,70,127.89812572087659,328.0,7156.93783160323,3.3391291810841985,39.23638985005767,16.88465974625144,0.11623414071510957,44.91612903225806,28.82387096774194,46.92258064516129,1.2496774193548386
9566,77,Valtteri BOTTAS,Kick Sauber,82.792,85.91011594202897,3.346128312275191,69,125.65536332179931,323.0,7005.062773933103,3.365974625144175,43.78292964244521,23.70311418685121,0.3407439446366782,44.91612903225806,28.82387096774194,46.92258064516129,1.2496774193548386
9566,81,Oscar PIASTRI,McLaren,81.716,84.03381428571427,3.2603431339698723,70,126.43434256055363,317.0,7172.704844290657,3.1237312572087657,37.549221453287196,16.34948096885813,0.08973471741637831,44.91612903225806,28.82387096774194,46.92258064516129,1.2496774193548386
9567,1,Max VERSTAPPEN,Red Bull Racing,103.372,165.67540909090906,136.2086417197926,22,114.78591624433182,337.0,5804.856441717791,2.9194451853827688,58.50674846625767,35.347666044278476,0.9983995732195252,38.3867469879518,22.012048192771083,60.855421686746986,1.5518072289156624
9567,2,Logan SARGEANT,Williams,105.311,189.41847368421054,190.660922890921,19,100.02421979194452,338.0,5128.050413443585,2.7628167511336357,65.98468925046679,47.87794078420912,0.9985596158975727,38.3867469879518,22.012048192771083,60.855421686746986,1.5518072289156624
9567,3,Daniel RICCIARDO,RB,104.95,171.65004545454542,136.8786814022075,22,114.67084555881569,341.0,6165.122539343825,2.7707121899173113,49.453667644705256,25.016164310482797,0.8142437983462256,38.3867469879518,22.012048192771083,60.855421686746986,1.5518072289156624
9567,4,Lando NORRIS,McLaren,104.415,164.53273913043478,128.37287025191324,23,119.83664977327287,338.0,6176.607948786343,2.985222726060283,46.77556681781809,24.3239263803681,0.8149373166177647,38.3867469879518,22.012048192771083,60.855421686746986,1.5518072289156624
9567,10,Pierre GASLY,Alpine,104.833,179.55142857142857,176.770613577131,21,109.5013603627634,334.0,5773.831688450254,2.7658575620165378,50.9650573486263,26.377380634835955,0.8206455054681249,38.3867469879518,22.012048192771083,60.855421686746986,1.5518072289156624
9567,11,Sergio PEREZ,Red Bull Racing,104.329,181.00352380952384,162.87761188334284,21,110.32520672179248,337.0,5629.957855428114,2.8375566817818085,59.810456121632434,37.38490264070419,0.9985596158975727,38.3867469879518,22.012048192771083,60.855421686746986,1.5518072289156624
9567,14,Fernando ALONSO,Aston Martin,104.921,198.38311111111113,237.6467713287678,18,94.5753534275807,332.0,4843.154441184316,2.5347559349159776,61.35310749533209,42.694905308082156,0.899813283542278,38.3867469879518,22.012048192771083,60.855421686746986,1.5518072289156624
9567,16,Charles LECLERC,Ferrari,104.306,159.04016666666666,105.86866612367209,24,125.10397439317151,334.0,6729.445985596159,3.234035742864764,67.2059749266471,38.53080821552414,0.9985062683382235,38.3867469879518,22.012048192771083,60.855421686746986,1.5518072289156624
9567,18,Lance STROLL,Aston Martin,104.699,187.28515789473684,180.4937798663676,19,99.70258735662843,332.0,5181.438997065884,2.600266737796746,56.09879967991464,36.13656975193385,0.861082955454788,38.3867469879518,22.012048192771083,60.855421686746986,1.5518072289156624
9567,20,Kevin MAGNUSSEN,Haas F1 Team,105.812,197.5266111111111,166.12935758757354,18,94.94238463590291,337.0,5023.69591891171,2.592904774606562,44.08338223526274,24.852280608162175,0.7656975193384903,38.3867469879518,22.012048192771083,60.855421686746986,1.5518072289156624
9567,22,Yuki TSUNODA,RB,105.564,176.58340909090907,144.9014094478346,22,114.9905574819952,341.0,6150.528941050947,2.8058682315284074,50.4315817551347,25.896399039743933,0.8402240597492665,38.3867469879518,22.012048192771083,60.855421686746986,1.5518072289156624
9567,23,Alexander ALBON,Williams,104.099,184.5324,184.47619365826037,20,104.9875166711123,340.0,5471.702907441984,2.7707121899173113,67.22566017604694,49.95102694051747,0.998666311016271,38.3867469879518,22.012048192771083,60.855421686746986,1.5518072289156624
9567,24,ZHOU Guanyu,Kick Sauber,105.995,174.1404090909091,128.7558441126104,22,115.73160842891437,337.0,5788.931501733796,3.163937049879968,48.40464123766338,26.680394771939184,0.8213923712990131,38.3867469879518,22.012048192771083,60.855421686746986,1.5518072289156624
9567,27,Nico HULKENBERG,Haas F1 Team,105.645,203.927,219.05255315664422,18,95.42763403574287,335.0,4849.474366497733,2.540517471325687,52.27063216857829,32.70952253934382,0.8055481461723126,38.3867469879518,22.012048192771083,60.855421686746986,1.5518072289156624
9567,31,Esteban OCON,Alpine,,,,0,4.994345158708989,276.0,607.221232328621,1.4346225660176046,92.52376633769005,92.34739930648173,0.9687916777807415,38.3867469879518,22.012048192771083,60.855421686746986,1.5518072289156624
9567,44,Lewis HAMILTON,Mercedes,104.279,191.51405,190.22593910675673,20,105.34243798346226,340.0,5460.764577220592,2.9117097892771406,67.20666844491865,46.19365164043745,0.9985062683382235,38.3867469879518,22.012048192771083,60.855421686746986,1.5518072289156624
9567,55,Carlos SAINZ,Ferrari,104.574,166.45847826086955,131.62127360128164,23,119.86636436383036,340.0,6590.019045078688,3.091864497199253,65.76617764737263,39.75460122699386,0.9985596158975727,38.3867469879518,22.012048192771083,60.855421686746986,1.5518072289156624
9567,63,George RUSSELL,Mercedes,104.225,174.3453181818182,129.5039329270759,22,114.95001333688984,334.0,6449.83771672446,2.9428114163777006,61.8159509202454,36.20762870098693,0.9974926647105895,38.3867469879518,22.012048192771083,60.855421686746986,1.5518072289156624
9567,77,Valtteri BOTTAS,Kick Sauber,105.155,190.14724999999999,173.20156594207654,20,105.14995998933048,336.0,5376.0792744731925,2.810936249666578,51.40288076820485,31.572579354494533,0.810349426513737,38.3867469879518,22.012048192771083,60.855421686746986,1.5518072289156624
9567,81,Oscar PIASTRI,McLaren,103.903,164.40321739130437,139.17804412708097,23,120.11432381968525,335.0,6126.137423312884,3.023366230994932,49.32232595358762,26.147772739397173,0.8177113897039211,38.3867469879518,22.012048192771083,60.855421686746986,1.5518072289156624
9568,1,Max VERSTAPPEN,Red Bull Racing,102.477,152.15084,109.1681412675621,25,135.5526812479183,338.0,6520.529032974353,3.5456866881314535,46.03952481403353,18.13722660153214,0.9176751415565672,35.19024390243902,21.78170731707317,64.3048780487805,1.2378048780487805
9568,2,Logan SARGEANT,Williams,104.226,153.66834782608697,105.970855861661,23,125.15454646386144,341.0,6073.226379482625,3.4293882535805484,49.24047962695681,24.99700233151993,0.8141445542355945,35.19024390243902,21.78170731707317,64.3048780487805,1.2378048780487805
9568,3,Daniel RICCIARDO,RB,103.823,189.20295000000002,157.55561603334712,20,109.43599422671255,340.0,5775.134617519707,2.67086710336405,56.39008548906406,31.664039080715,0.8631619851226824,35.19024390243902,21.78170731707317,64.3048780487805,1.2378048780487805
9568,4,Lando NORRIS,McLaren,102.26,203.92405555555555,166.6794956270774,18,99.56073054291107,338.0,5315.495336960142,2.44210058843122,51.214444321083604,35.33984678583324,0.8530032197179971,35.19024390243902,21.78170731707317,64.3048780487805,1.2378048780487805
9568,10,Pierre GASLY,Alpine,103.829,166.1486956521739,100.04018454402723,23,124.84129010769402,350.0,6618.253913622738,3.148551126901299,49.643110913733764,23.02142777839458,0.8641056955701122,35.19024390243902,21.78170731707317,64.3048780487805,1.2378048780487805
9568,11,Sergio PEREZ,Red Bull Racing,103.504,165.23782608695655,119.43097042539831,23,125.39680248695458,338.0,6409.783668258022,3.16698123681581,47.982846674808485,22.50405240368602,0.9752414788497835,35.19024390243902,21.78170731707317,64.3048780487805,1.2378048780487805
9568,14,Fernando ALONSO,Aston Martin,103.538,160.02026086956522,100.48999459224456,23,125.8278005995337,338.0,6434.952481403353,3.3120350838236927,46.45575663372932,23.44576440546242,0.8554457644054624,35.19024390243902,21.78170731707317,64.3048780487805,1.2378048780487805
9568,16,Charles LECLERC,Ferrari,102.837,157.6788181818182,111.78318770062158,22,120.32419229488175,341.0,6358.1294548684355,3.091206839125125,72.32075052736761,45.361385588986344,0.9980570667258799,35.19024390243902,21.78170731707317,64.3048780487805,1.2378048780487805
9568,18,Lance STROLL,Aston Martin,103.532,184.0428,178.19245172021178,20,109.60558454535361,338.0,5754.183745975352,2.8289108471189075,60.788331297879424,38.61108027090041,0.9272787831686466,35.19024390243902,21.78170731707317,64.3048780487805,1.2378048780487805
9568,20,Kevin MAGNUSSEN,Haas F1 Team,103.485,173.39589999999998,135.20417277543618,20,109.97002331519928,339.0,5962.656489397135,2.994004663039858,63.81564338847563,40.13722660153214,0.9923948040413012,35.19024390243902,21.78170731707317,64.3048780487805,1.2378048780487805
9568,22,Yuki TSUNODA,RB,104.348,162.12760869565219,112.64512774609399,23,125.41401132452538,340.0,6498.354280004441,3.0836571555456866,54.57988231375597,27.130898190296435,0.8629954479849007,35.19024390243902,21.78170731707317,64.3048780487805,1.2378048780487805
9568,23,Alexander ALBON,Williams,103.892,169.56895454545455,155.0684561175475,22,119.59403797046741,342.0,6193.824192294882,3.123959142888864,64.00044409903408,44.412790052181634,0.9980570667258799,35.19024390243902,21.78170731707317,64.3048780487805,1.2378048780487805
9568,24,ZHOU Guanyu,Kick Sauber,104.302,168.17749999999998,145.16273987204528,22,120.31270123237482,341.0,5907.7409792383705,3.245975352503608,56.7852781170201,32.53291884090152,0.863606084156767,35.19024390243902,21.78170731707317,64.3048780487805,1.2378048780487805
9568,27,Nico HULKENBERG,Haas F1 Team,103.846,185.49625000000003,190.74521182217785,20,109.648273565005,343.0,5483.750416342845,2.867547463084268,56.89413789275008,33.2488064838459,0.846230709448207,35.19024390243902,21.78170731707317,64.3048780487805,1.2378048780487805
9568,31,Esteban OCON,Alpine,103.401,169.86309090909091,159.69899696044916,22,120.18391251249028,337.0,6052.242422560231,3.110136560452981,55.337570778283556,29.459309426001997,0.8611080270900411,35.19024390243902,21.78170731707317,64.3048780487805,1.2378048780487805
9568,44,Lewis HAMILTON,Mercedes,103.519,157.57420833333333,91.53032200131786,24,130.4428222493616,336.0,6596.02853336294,3.619573664927279,47.379038525591206,21.181081381147997,0.8576107471966249,35.19024390243902,21.78170731707317,64.3048780487805,1.2378048780487805
9568,55,Carlos SAINZ,Ferrari,103.098,157.67925,109.86868409160469,24,130.48712112801155,340.0,6877.179693571667,3.3501165759964473,66.54679693571667,38.500277561896304,0.9980570667258799,35.19024390243902,21.78170731707317,64.3048780487805,1.2378048780487805
9568,63,George RUSSELL,Mercedes,103.29,162.3087391304348,118.4076118275956,23,125.32435883201954,339.0,6712.171422227157,3.2058399022982127,63.450205395803266,37.2272676806928,0.9978905295880981,35.19024390243902,21.78170731707317,64.3048780487805,1.2378048780487805
9568,77,Valtteri BOTTAS,Kick Sauber,103.675,164.105347826087,132.49356359218842,23,125.2654046852448,341.0,6289.676640390807,3.3468413456200734,52.641778616631505,28.037970467414233,0.8604418785389142,35.19024390243902,21.78170731707317,64.3048780487805,1.2378048780487805
9568,81,Oscar PIASTRI,McLaren,102.475,166.88949999999997,165.31761474582797,22,119.62295992006217,335.0,5892.608637726213,3.031364494282225,63.19729099589208,39.34450982569113,0.9036305096036417,35.19024390243902,21.78170731707317,64.3048780487805,1.2378048780487805
9569,1,Max VERSTAPPEN,Red Bull Racing,121.565,128.19066666666666,8.219582565772766,3,21.516134501271544,308.0,1182.3031929923707,0.5419044927945748,88.8565131393049,84.99282283130827,0.997965526985024,21.782926829268295,18.108536585365854,92.91463414634147,1.423170731707317
9569,2,Logan SARGEANT,Williams,131.22,133.9265,2.7065000000000055,2,16.4948290477536,305.0,1192.7480079118395,0.4424413676179712,73.93387962701328,71.7122350946595,0.8423283413393614,21.782926829268295,18.108536585365854,92.91463414634147,1.423170731707317
9569,3,Daniel RICCIARDO,RB,128.41,873.9185,1269.7307538743205,4,26.709635490251483,303.0,1578.4378638033343,0.6310257134783838,76.97140435151172,72.21610624470189,0.8584910991805594,21.782926829268295,18.108536585365854,92.91463414634147,1.423170731707317
9569,4,Lando NORRIS,McLaren,123.372,129.87766666666667,6.2140349925703635,3,0.0,0.0,0.0,0.0,0.0,0.0,0.0,21.782926829268295,18.108536585365854,92.91463414634147,1.423170731707317
9569,10,Pierre GASLY,Alpine,123.175,132.1675,8.817490189957685,4,26.927098050296696,315.0,1916.2601864933597,0.7601582367900537,70.17208250918338,65.06651596496185,0.856230573608364,21.782926829268295,18.108536585365854,92.91463414634147,1.423170731707317
9569,11,Sergio PEREZ,Red Bull Racing,127.103,135.099,7.996000000000002,2,16.201695394179147,304.0,1155.5007629273807,0.44029386832438544,79.62836959593105,77.2518790618819,0.9979090138457192,21.782926829268295,18.108536585365854,92.91463414634147,1.423170731707317
9569,14,Fernando ALONSO,Aston Martin,128.071,130.5985,2.5275000000000034,2,21.61339361401526,305.0,1532.2982763492512,0.576716586606386,77.05176603560328,74.18638033342752,0.8777055665442215,21.782926829268295,18.108536585365854,92.91463414634147,1.423170731707317
9569,16,Charles LECLERC,Ferrari,126.033,126.511,0.47800000000000153,2,21.602034473014974,307.0,2098.012715456344,0.5617971178298955,86.77988132240746,82.94546482057078,0.9760949420740322,21.782926829268295,18.108536585365854,92.91463414634147,1.423170731707317
9569,18,Lance STROLL,Aston Martin,126.037,127.005,0.9679999999999964,2,17.141452387680136,307.0,901.1988132240746,0.44927945747386266,80.64487143260808,77.6601299802204,0.8402938683243855,21.782926829268295,18.108536585365854,92.91463414634147,1.423170731707317
9569,20,Kevin MAGNUSSEN,Haas F1 Team,135.163,135.163,0.0,1,15.977620796835264,301.0,2063.3692568522183,0.44538005086182536,79.54060469059056,77.91918621079401,0.9307714043515117,21.782926829268295,18.108536585365854,92.91463414634147,1.423170731707317
9569,22,Yuki TSUNODA,RB,129.444,869.3245000000001,1274.5339447063582,4,42.966092116417066,308.0,2434.9560327776207,1.0634642554393896,71.51257417349534,64.75569369878497,0.8534614297824245,21.782926829268295,18.108536585365854,92.91463414634147,1.423170731707317
9569,23,Alexander ALBON,Williams,127.443,132.595,5.152000000000008,2,16.139926532918903,312.0,1357.192935857587,0.4157671658660639,91.89092964114157,90.21961005933879,0.9981350664029387,21.782926829268295,18.108536585365854,92.91463414634147,1.423170731707317
9569,24,ZHOU Guanyu,Kick Sauber,131.109,867.80125,1254.847532148901,4,42.98106809833286,309.0,2357.4240180842044,1.1688612602430064,70.52692851087878,65.62034473014975,0.8557784684939248,21.782926829268295,18.108536585365854,92.91463414634147,1.423170731707317
9569,27,Nico HULKENBERG,Haas F1 Team,128.04,1563.6185,1435.5785,2,32.00508618253744,308.0,2646.484374116982,0.8527832721107658,60.16354902514835,55.96903079966092,0.8045210511443911,21.782926829268295,18.108536585365854,92.91463414634147,1.423170731707317
9569,31,Esteban OCON,Alpine,125.25,870.81775,1287.9983483340293,4,42.73212771969483,313.0,3116.7216727889236,1.1734388245267025,65.78558914947725,59.167900536874825,0.8554959027974004,21.782926829268295,18.108536585365854,92.91463414634147,1.423170731707317
9569,44,Lewis HAMILTON,Mercedes,126.751,126.751,0.0,1,16.467646227747952,309.0,1154.0239615710652,0.48154846001695395,90.57055665442215,88.31398700197796,0.9979090138457192,21.782926829268295,18.108536585365854,92.91463414634147,1.423170731707317
9569,55,Carlos SAINZ,Ferrari,,,,0,15.776716586606385,300.0,1027.702853913535,0.40892907601017237,31.70104549307714,29.90449279457474,0.454704718847132,21.782926829268295,18.108536585365854,92.91463414634147,1.423170731707317
9569,63,George RUSSELL,Mercedes,133.645,133.645,0.0,1,10.892116417066967,307.0,857.9040406894603,0.28250918338513703,73.09115569369878,71.30127154563436,0.7945182254874258,21.782926829268295,18.108536585365854,92.91463414634147,1.423170731707317
9569,77,Valtteri BOTTAS,Kick Sauber,126.492,871.5947500000001,1259.043592593675,4,42.97909013845719,308.0,2346.553998304606,1.14936422718282,72.24532353772253,65.77654704718847,0.8560610341904493,21.782926829268295,18.108536585365854,92.91463414634147,1.423170731707317
9569,81,Oscar PIASTRI,McLaren,122.998,126.54566666666669,3.7255832951215737,3,21.697654704718847,311.0,1388.1187341056796,0.5347838372421588,77.24481491946878,73.19966092116417,0.856682678722803,21.782926829268295,18.108536585365854,92.91463414634147,1.423170731707317
9570,1,Max VERSTAPPEN,Red Bull Racing,113.159,178.5627,118.94481662943535,20,112.29715983770501,320.0,5986.475684324819,2.778387336419224,32.88656494656838,13.043259614835133,0.8978227327275844,22.02278481012658,18.001265822784816,92.70886075949367,1.1481012658227847
9570,2,Logan SARGEANT,Williams,117.23,142.9512857142857,37.487194715431194,7,43.2748157037545,326.0,2436.577061546374,1.1390365163723641,67.92633864792273,61.66683810503457,0.8669066803817361,22.02278481012658,18.001265822784816,92.70886075949367,1.1481012658227847
9570,3,Daniel RICCIARDO,RB,114.682,168.22838461538458,77.543305469652,13,75.11303503057317,317.0,4208.77993028173,1.7914737985027716,56.4028230184582,41.02703011600663,0.8204468826790102,22.02278481012658,18.001265822784816,92.70886075949367,1.1481012658227847
9570,4,Lando NORRIS,McLaren,113.981,156.9827272727273,82.12995573489935,22,128.39790845191155,320.0,6927.5977484427685,3.12875021429796,44.16966683810504,25.818389622264128,0.8755928910223442,22.02278481012658,18.001265822784816,92.70886075949367,1.1481012658227847
9570,10,Pierre GASLY,Alpine,114.635,146.46375,61.2866558105229,16,91.29955997485571,318.0,5415.039316532373,2.355906051774387,67.92828161609235,48.59249099948568,0.9907994742556717,22.02278481012658,18.001265822784816,92.70886075949367,1.1481012658227847
9570,11,Sergio PEREZ,Red Bull Racing,113.765,173.89204999999998,109.3405199011213,20,112.41333790502314,318.0,6080.18972512715,2.800502885879193,39.029258814789415,18.72724155666038,0.9540545174009943,22.02278481012658,18.001265822784816,92.70886075949367,1.1481012658227847
9570,14,Fernando ALONSO,Aston Martin,114.258,166.29219047619048,83.11545738401608,21,122.93742499571404,316.0,6640.572604148809,3.2156694668266756,41.234070518315335,21.57951882964741,0.8729641693811075,22.02278481012658,18.001265822784816,92.70886075949367,1.1481012658227847
9570,16,Charles LECLERC,Ferrari,113.754,168.15380952380954,97.92791366618272,21,117.41659523401337,320.0,6370.866106634665,2.962112120692611,43.60820618321047,21.01422938453626,0.8389050802903023,22.02278481012658,18.001265822784816,92.70886075949367,1.1481012658227847
9570,18,Lance STROLL,Aston Martin,115.716,153.7070625,69.21313834315414,16,91.02365849477113,316.0,4951.974912852163,2.342591005200297,54.27110120578319,38.48288473627064,0.871135493456769,22.02278481012658,18.001265822784816,92.70886075949367,1.1481012658227847
9570,20,Kevin MAGNUSSEN,Haas F1 Team,116.5,145.00225,35.58843652350437,8,48.80347448425624,320.0,2793.620835476313,1.3152180124578547,78.75347162695012,72.71478370192582,0.9935424881421796,22.02278481012658,18.001265822784816,92.70886075949367,1.1481012658227847
9570,22,Yuki TSUNODA,RB,116.593,157.3192857142857,60.61004668891662,7,43.347276987256414,316.0,2483.80507457569,1.0506886107777587,67.67260986342076,59.34487685010572,0.8203897365563747,22.02278481012658,18.001265822784816,92.70886075949367,1.1481012658227847
9570,23,Alexander ALBON,Williams,114.473,162.48399999999998,73.34466865910764,14,86.05657466140923,321.0,4708.414823704212,2.2852734441968114,63.648608491913826,55.790616606663235,0.9981713240756614,22.02278481012658,18.001265822784816,92.70886075949367,1.1481012658227847
9570,24,ZHOU Guanyu,Kick Sauber,117.775,146.162,48.46673118748571,8,49.04794559689125,318.0,2690.4342533859076,1.2960169152523002,69.31573232756158,60.86747814160809,0.8722784159094805,22.02278481012658,18.001265822784816,92.70886075949367,1.1481012658227847
9570,27,Nico HULKENBERG,Haas F1 Team,116.308,145.61975,39.02956183378824,8,49.38882221841248,322.0,2616.681238927939,1.2660723469912567,69.35402022972741,61.23138465055146,0.8729070232584719,22.02278481012658,18.001265822784816,92.70886075949367,1.1481012658227847
9570,31,Esteban OCON,Alpine,114.46,160.87490476190473,91.00782371595717,21,122.94999714269387,324.0,6419.672209840563,3.1982398994228243,44.97685582033259,21.681010343448197,0.8342190982341848,22.02278481012658,18.001265822784816,92.70886075949367,1.1481012658227847
9570,44,Lewis HAMILTON,Mercedes,113.835,164.04825,97.10098779666198,20,117.21829818846791,322.0,5876.85799188525,3.28813075032859,65.23029887422139,43.765929481684665,0.9980570318303903,22.02278481012658,18.001265822784816,92.70886075949367,1.1481012658227847
9570,55,Carlos SAINZ,Ferrari,114.112,159.77090476190477,80.89023304801611,21,122.76924395679752,320.0,6602.1337790730895,3.1228641636664953,39.89193668209612,17.918738213612205,0.8552488713640779,22.02278481012658,18.001265822784816,92.70886075949367,1.1481012658227847
9570,63,George RUSSELL,Mercedes,114.095,164.1565,92.06176416216452,20,117.51871535516315,320.0,6311.007943311046,2.9834847705583174,45.161380650322876,21.05400308589062,0.7994742556717527,22.02278481012658,18.001265822784816,92.70886075949367,1.1481012658227847
9570,77,Valtteri BOTTAS,Kick Sauber,114.764,154.28887500000002,68.64513505328965,16,91.21944111092063,319.0,4770.541173781359,2.453054460254872,56.70689753700211,41.441225212869305,0.872621292645294,22.02278481012658,18.001265822784816,92.70886075949367,1.1481012658227847
9570,81,Oscar PIASTRI,McLaren,114.027,167.87238095238095,108.28898675280931,21,123.14812274987142,320.0,6659.881764672267,3.014229384536259,43.87204983141894,24.204811703525916,0.8749642836733528,22.02278481012658,18.001265822784816,92.70886075949367,1.1481012658227847
9574,1,Max VERSTAPPEN,Red Bull Racing,106.128,109.24018181818184,3.4377860361835366,44,147.9988799578337,346.0,6856.258795625247,3.7922321781525894,45.02628804849124,12.30689155356437,0.20496771643167744,42.26715328467153,21.32846715328467,49.583941605839414,1.6832116788321165
9574,2,Logan SARGEANT,Williams,107.49,110.9875909090909,3.815031956962434,44,150.74515746475163,351.0,7105.761958097246,3.9992752668335747,45.188727105020426,12.389642904203452,0.1614178416128607,42.26715328467153,21.32846715328467,49.583941605839414,1.6832116788321165
9574,3,Daniel RICCIARDO,RB,107.435,110.28200000000001,3.6998444131906667,44,147.8935630517855,345.0,7083.606371063382,3.660330741863223,46.63259322703914,11.04559230465147,0.20925023059691658,42.26715328467153,21.32846715328467,49.583941605839414,1.6832116788321165
9574,4,Lando NORRIS,McLaren,105.563,109.25843181818182,3.258965315429027,44,147.78314007115563,355.0,7153.647977335618,3.6546975886151007,43.695150876268286,13.234681776255107,0.26288048491237315,42.26715328467153,21.32846715328467,49.583941605839414,1.6832116788321165
9574,10,Pierre GASLY,Alpine,107.418,110.49575,3.5720354149534717,44,148.07978653314007,348.0,7117.835057319805,3.742423244169192,47.42706548952431,11.817367242060877,0.21333509026222164,42.26715328467153,21.32846715328467,49.583941605839414,1.6832116788321165
9574,11,Sergio PEREZ,Red Bull Racing,104.701,110.01509090909093,4.004885748104669,44,150.9504875477665,340.0,7156.443273158519,3.805178547898274,46.532876531822374,11.694557912768481,0.18118329160627222,42.26715328467153,21.32846715328467,49.583941605839414,1.6832116788321165
9574,14,Fernando ALONSO,Aston Martin,108.051,110.16843181818182,2.667422882907832,44,148.16958756094348,342.0,7087.6881670839375,3.792495717485835,45.24578337066807,11.517459480827513,0.31628014231123996,42.26715328467153,21.32846715328467,49.583941605839414,1.6832116788321165
9574,16,Charles LECLERC,Ferrari,107.013,109.22684090909091,3.2656664497547383,44,148.14936091711687,327.0,7077.823955725392,3.795164053234945,51.77882461457372,15.954671234681776,0.32260508630913165,42.26715328467153,21.32846715328467,49.583941605839414,1.6832116788321165
9574,18,Lance STROLL,Aston Martin,108.105,110.46259090909089,2.8827997543280257,44,147.86295954671235,356.0,7103.397417314534,3.806298590064567,44.91467914086177,11.036236658321254,0.14227829753590723,42.26715328467153,21.32846715328467,49.583941605839414,1.6832116788321165
9574,20,Kevin MAGNUSSEN,Haas F1 Team,107.848,110.54609090909092,3.0088869719411795,44,148.08466201080512,344.0,7010.748254051918,3.8761365133746213,47.04410989590196,14.30834101989722,0.3599288443800237,42.26715328467153,21.32846715328467,49.583941605839414,1.6832116788321165
9574,22,Yuki TSUNODA,RB,107.969,110.77836363636362,3.1698861256497493,44,148.16075899327976,347.0,7054.769139544077,3.6997957570167346,46.613651337462116,11.271577282909474,0.14451838186849386,42.26715328467153,21.32846715328467,49.583941605839414,1.6832116788321165
9574,23,Alexander ALBON,Williams,107.996,110.48,3.340549322001889,44,147.70842667018053,348.0,7072.840986954803,3.816708393727764,43.038312030570566,12.79206746606931,0.21000790617999737,42.26715328467153,21.32846715328467,49.583941605839414,1.6832116788321165
9574,24,ZHOU Guanyu,Kick Sauber,112.099,132.16940000000002,25.707788536550556,5,28.686256423771248,344.0,1613.7177823165107,0.7200882856766372,66.48109105283963,62.31677427856108,0.34451179338516275,42.26715328467153,21.32846715328467,49.583941605839414,1.6832116788321165
9574,27,Nico HULKENBERG,Haas F1 Team,108.954,111.05154545454546,3.5326823150182887,44,148.12794834629068,353.0,7050.388028725787,3.83070892080643,47.34635656871788,13.560943470813019,0.3599288443800237,42.26715328467153,21.32846715328467,49.583941605839414,1.6832116788321165
9574,31,Esteban OCON,Alpine,106.957,110.22845454545454,3.514705893906511,44,147.9237383054421,352.0,7042.815456581895,3.7869943339043353,47.72832388984056,16.234154697588615,0.2511859269996047,42.26715328467153,21.32846715328467,49.583941605839414,1.6832116788321165
9574,44,Lewis HAMILTON,Mercedes,106.653,109.04561363636365,3.4786149687372903,44,148.48748188167085,340.0,6901.879200158123,3.960040848596653,47.55827513506391,10.493213862168929,0.1842798787719067,42.26715328467153,21.32846715328467,49.583941605839414,1.6832116788321165
9574,55,Carlos SAINZ,Ferrari,106.364,109.4835227272727,3.346167743503796,44,148.04117802081961,349.0,7039.885854526288,3.810152852813282,50.35096850704968,16.136645144287783,0.3473448412175517,42.26715328467153,21.32846715328467,49.583941605839414,1.6832116788321165
9574,63,George RUSSELL,Mercedes,107.113,109.03556818181819,2.6479628910964683,44,148.4794768744235,346.0,7013.605283963631,3.8664514428778496,46.85001317696666,10.89669258136777,0.208261958097246,42.26715328467153,21.32846715328467,49.583941605839414,1.6832116788321165
9574,77,Valtteri BOTTAS,Kick Sauber,107.019,110.63811363636364,3.306026097185047,44,148.0733627618922,348.0,6880.543978126236,3.94020951376993,52.822440374225856,19.467387007510872,0.38763341678745555,42.26715328467153,21.32846715328467,49.583941605839414,1.6832116788321165
9574,81,Oscar PIASTRI,McLaren,105.84,109.06211363636363,3.459794122986281,44,148.1303202002899,349.0,7065.9503887205165,3.722526024509158,44.69561207010146,12.75266833574911,0.14313480036895507,42.26715328467153,21.32846715328467,49.583941605839414,1.6832116788321165
9575,1,Max VERSTAPPEN,Red Bull Racing,72.523,174.7175,257.40437371818297,12,40.79317650893682,330.0,2569.646764817732,1.0174933449231272,70.48590210246103,65.2840767099473,1.0,21.725925925925925,20.233333333333334,83.87654320987654,7.109876543209876
9575,2,Logan SARGEANT,Williams,75.605,277.4460909090909,383.4810594617429,11,37.49388819470853,323.0,2548.3432933123268,1.0,76.35714673765415,73.62155701635247,1.0,21.725925925925925,20.233333333333334,83.87654320987654,7.109876543209876
9575,3,Daniel RICCIARDO,RB,76.231,136.8629285714286,101.16269568900546,14,47.27563335870393,322.0,2938.298249429162,1.1226486897901489,23.89463955637708,15.770577362183321,0.4541154724366641,21.725925925925925,20.233333333333334,83.87654320987654,7.109876543209876
9575,4,Lando NORRIS,McLaren,72.322,160.5519375,165.03126048588067,16,53.40549790840441,326.0,3368.2803824631933,1.2708208833595915,32.81409246482316,26.20003259629489,0.5732601727603629,21.725925925925925,20.233333333333334,83.87654320987654,7.109876543209876
9575,10,Pierre GASLY,Alpine,82.036,486.3489999999999,653.1156728149856,7,25.301787363503013,328.0,2244.2625088281634,0.7077198891725974,84.30830662248057,80.6532297495518,1.0,21.725925925925925,20.233333333333334,83.87654320987654,7.109876543209876
9575,11,Sergio PEREZ,Red Bull Racing,74.279,214.03463636363634,252.99725304734855,11,37.83403053186288,329.0,2279.119465420764,1.0011408703210736,73.4719400228174,68.82034008801,1.0,21.725925925925925,20.233333333333334,83.87654320987654,7.109876543209876
9575,14,Fernando ALONSO,Aston Martin,74.467,156.63714285714286,152.27852153437095,14,47.215733144999184,326.0,3193.848590210246,1.2137230401477699,75.20307491715108,69.79170967566687,1.0,21.725925925925925,20.233333333333334,83.87654320987654,7.109876543209876
9575,16,Charles LECLERC,Ferrari,74.306,221.72264285714283,329.7682859993421,14,46.822024229912536,336.0,3562.6389960341176,1.1719454555332212,69.99652306187863,64.00630195034498,0.9587656869669148,21.725925925925925,20.233333333333334,83.87654320987654,7.109876543209876
9575,18,Lance STROLL,Aston Martin,74.151,174.34946153846155,179.1502926864289,13,44.04063671429348,327.0,2850.4908458738523,1.148530450372141,62.12332264899223,56.534579236160155,0.8642907589503993,21.725925925925925,20.233333333333334,83.87654320987654,7.109876543209876
9575,20,Kevin MAGNUSSEN,Haas F1 Team,73.597,264.17978571428574,378.7912659392804,14,47.367414570543815,330.0,3057.6886510566633,1.3432933123268322,53.89362742434943,49.70500353126528,0.8119193784973108,21.725925925925925,20.233333333333334,83.87654320987654,7.109876543209876
9575,22,Yuki TSUNODA,RB,74.418,154.25175,121.52804171131659,12,40.64714510783941,322.0,2625.554951920465,1.0108654316292716,21.475253979464334,15.464551529309501,0.44575433259086217,21.725925925925925,20.233333333333334,83.87654320987654,7.109876543209876
9575,23,Alexander ALBON,Williams,73.159,233.7574615384615,331.3558530719169,13,44.16493725213234,324.0,3056.498017058728,1.1481501602651165,73.95909164991579,71.16879448036073,1.0,21.725925925925925,20.233333333333334,83.87654320987654,7.109876543209876
9575,24,ZHOU Guanyu,Kick Sauber,73.965,252.6769285714286,347.9654156606996,14,47.10115716846852,331.0,2767.7868202314335,1.325311022980388,54.501819959797906,49.06024881838431,0.7743249850600316,21.725925925925925,20.233333333333334,83.87654320987654,7.109876543209876
9575,27,Nico HULKENBERG,Haas F1 Team,73.563,212.6404117647059,248.52601605703856,17,56.6286195469115,326.0,3966.3708915086654,1.467322214374966,72.80425924919868,65.59091649915793,1.0,21.725925925925925,20.233333333333334,83.87654320987654,7.109876543209876
9575,31,Esteban OCON,Alpine,75.796,142.52128571428574,169.94890474762806,14,47.17553104797088,329.0,2826.485902102461,1.2549030260227088,43.68571739012332,36.83446514912805,0.640625848861846,21.725925925925925,20.233333333333334,83.87654320987654,7.109876543209876
9575,44,Lewis HAMILTON,Mercedes,73.006,169.10291666666666,237.7658313581027,12,41.09605041560276,328.0,2884.5591894388003,1.1526593143912642,76.17248872711468,70.49166078122454,0.962459933720867,21.725925925925925,20.233333333333334,83.87654320987654,7.109876543209876
9575,55,Carlos SAINZ,Ferrari,73.074,253.88450000000006,452.8045809710773,14,47.215298527734014,329.0,3441.0117889933176,1.2007931765089368,71.04433096104742,64.52132340957245,0.9900581300592166,21.725925925925925,20.233333333333334,83.87654320987654,7.109876543209876
9575,63,George RUSSELL,Mercedes,73.142,161.469875,191.56485664582212,16,53.791112076927256,329.0,3409.602053566578,1.380507415657087,73.25865159993481,63.89547454772641,1.0,21.725925925925925,20.233333333333334,83.87654320987654,7.109876543209876
9575,81,Oscar PIASTRI,McLaren,73.23,185.86107692307692,223.37898991398922,13,44.172162764165805,326.0,2893.144673222144,1.0720921388602163,42.07904601510295,36.181670016841416,0.633020046721356,21.725925925925925,20.233333333333334,83.87654320987654,7.109876543209876
9575,97,Robert SHWARTZMAN,Kick Sauber,74.658,245.93,355.7783340197337,14,47.282700880721976,326.0,2925.0677938458193,1.2023485919321517,58.40208763727303,53.36174839621616,0.7850929650973143,21.725925925925925,20.233333333333334,83.87654320987654,7.109876543209876
9576,1,Max VERSTAPPEN,Red Bull Racing,70.986,116.15796875000001,128.8339367326415,32,105.44800940702167,328.0,5778.953580827594,2.745338484797581,45.59583403326054,26.283442521977715,0.9280474830617615,31.169620253164563,21.37721518987342,62.51898734177215,5.472151898734178
9576,2,Logan SARGEANT,Williams,71.818,120.89129032258066,140.32768593067314,31,102.1660787278123,324.0,6007.972394870933,2.768016126322862,58.72546055210258,42.052074584243236,1.0,31.169620253164563,21.37721518987342,62.51898734177215,5.472151898734178
9576,3,Daniel RICCIARDO,RB,71.63,123.98539999999998,137.22991202591362,30,98.9035220337085,324.0,5725.978106276947,2.384623999104093,50.07195251693824,29.115627974690632,0.8202026989193124,31.169620253164563,21.37721518987342,62.51898734177215,5.472151898734178
9576,4,Lando NORRIS,McLaren,70.961,112.90451515151514,113.5833941210948,33,108.64802060585698,326.0,6240.852903298057,2.6236631390335403,46.42628366649868,27.55854191164119,0.8270899826418052,31.169620253164563,21.37721518987342,62.51898734177215,5.472151898734178
9576,10,Pierre GASLY,Alpine,71.644,117.98965625,136.71646255174645,32,105.80682009071056,328.0,5983.583403326054,2.64174925807716,51.203146872725235,30.16630270451873,0.844224200683129,31.169620253164563,21.37721518987342,62.51898734177215,5.472151898734178
9576,11,Sergio PEREZ,Red Bull Racing,71.581,135.32324999999997,169.09855327644738,28,92.53222464863654,329.0,5347.920880228457,2.3297497060305727,49.48166190716166,33.37252925695728,0.9547007111260429,31.169620253164563,21.37721518987342,62.51898734177215,5.472151898734178
9576,14,Fernando ALONSO,Aston Martin,71.357,131.89207142857143,154.31240162247136,28,95.6549638837561,325.0,5459.139369505571,2.521697743434683,47.51525841312503,31.56682904977882,0.8245702446945518,31.169620253164563,21.37721518987342,62.51898734177215,5.472151898734178
9576,16,Charles LECLERC,Ferrari,71.443,123.97026666666667,140.27775175485084,30,98.77047987009351,335.0,5950.377176773615,2.4980682009071056,53.916344700151186,36.406069768744054,0.9632118259700991,31.169620253164563,21.37721518987342,62.51898734177215,5.472151898734178
9576,18,Lance STROLL,Aston Martin,71.576,120.34993333333333,120.19363099569333,30,98.97558653899995,326.0,5670.429027381152,2.568172910017358,63.19357186852567,45.51117083823282,1.0,31.169620253164563,21.37721518987342,62.51898734177215,5.472151898734178
9576,20,Kevin MAGNUSSEN,Haas F1 Team,71.43,114.77437499999999,105.70209392579162,32,105.38143233103757,330.0,5896.164902850103,2.88101237471303,45.7236127442746,25.93112716277507,0.8363290217817347,31.169620253164563,21.37721518987342,62.51898734177215,5.472151898734178
9576,22,Yuki TSUNODA,RB,71.374,122.10156666666667,134.89930722967242,30,99.01808611904362,325.0,5738.063833361331,2.3969427179573324,48.928999384064056,28.053530432834986,0.8205386639789461,31.169620253164563,21.37721518987342,62.51898734177215,5.472151898734178
9576,23,Alexander ALBON,Williams,71.55,117.57315625,123.75856231517615,32,105.16837448905314,326.0,6187.646452768912,2.72047707038468,44.28803404445937,30.19900330365642,0.8520633854079176,31.169620253164563,21.37721518987342,62.51898734177215,5.472151898734178
9576,24,ZHOU Guanyu,Kick Sauber,71.934,118.1855,115.36257784318535,32,105.30175261772776,327.0,5770.640349403662,2.8527353155271853,48.65434794781343,30.2803068480878,0.8243462679881293,31.169620253164563,21.37721518987342,62.51898734177215,5.472151898734178
9576,27,Nico HULKENBERG,Haas F1 Team,73.296,104.026125,30.7456529628072,8,29.039419900330365,325.0,2025.4518730052075,3.8818522873621144,86.56229352147376,81.5933702894899,1.0,31.169620253164563,21.37721518987342,62.51898734177215,5.472151898734178
9576,31,Esteban OCON,Alpine,72.061,118.1786875,128.82242932071202,32,105.36866565877149,327.0,5851.302928495436,2.74433058961868,49.36687384512011,30.666218713253823,0.836441010134946,31.169620253164563,21.37721518987342,62.51898734177215,5.472151898734178
9576,44,Lewis HAMILTON,Mercedes,70.813,133.41353571428573,150.20635482359452,28,95.90643373089199,328.0,5441.797077103981,2.672602049386864,60.65490788957948,44.70799036900162,0.9846016014334509,31.169620253164563,21.37721518987342,62.51898734177215,5.472151898734178
9576,55,Carlos SAINZ,Ferrari,73.108,100.43016666666666,21.375817126031826,6,22.499580043675458,327.0,1750.1047091102525,0.5587098941710062,88.30096869925528,85.14272915616776,1.0,31.169620253164563,21.37721518987342,62.51898734177215,5.472151898734178
9576,63,George RUSSELL,Mercedes,70.702,135.58082142857143,140.40516837227426,28,95.59796181197156,328.0,5724.201467047427,2.4145808835881066,63.288593986225436,45.08807883980066,1.0,31.169620253164563,21.37721518987342,62.51898734177215,5.472151898734178
9576,77,Valtteri BOTTAS,Kick Sauber,72.206,119.95329032258063,139.70359361050774,31,102.1859006663307,328.0,5543.792597569853,2.7307799988801165,54.468839240718964,35.65753961587995,0.8373929111372417,31.169620253164563,21.37721518987342,62.51898734177215,5.472151898734178
9576,81,Oscar PIASTRI,McLaren,70.763,115.60840624999999,108.05379560022966,32,105.51251469847136,327.0,5965.807436026653,2.6157119659555406,46.680553222464866,28.735763480598017,0.8294417380592418,31.169620253164563,21.37721518987342,62.51898734177215,5.472151898734178
9577,1,Max VERSTAPPEN,Red Bull Racing,84.36,84.36,0.0,1,13.257423494010107,308.0,1223.1786748424458,0.3390109578152501,65.77965139385681,67.38045761653325,0.9981263839209674,21.572151898734177,19.350632911392406,94.20253164556962,1.9759493670886072
9577,2,Logan SARGEANT,Williams,83.287,84.2825,0.9954999999999998,2,10.456026798387555,292.0,643.3619485607222,3.602793391245103,78.00857321296769,76.49077386021689,0.9981263839209674,21.572151898734177,19.350632911392406,94.20253164556962,1.9759493670886072
9577,3,Daniel RICCIARDO,RB,85.433,803.6945,1134.1060706919127,4,26.245330153863623,300.0,1888.5338102537899,0.6333390109578152,60.555669108045194,58.19292567989553,0.7891330267416113,21.572151898734177,19.350632911392406,94.20253164556962,1.9759493670886072
9577,4,Lando NORRIS,McLaren,81.387,970.857,1256.2144649899553,3,19.683075001419407,303.0,1876.14290580821,0.4481916766025095,53.36274342814966,51.655935956395844,0.7193550218588542,21.572151898734177,19.350632911392406,94.20253164556962,1.9759493670886072
9577,10,Pierre GASLY,Alpine,80.311,1414.3465,1334.0355,2,19.743257820927724,302.0,2174.5347754499517,0.5698631692499858,48.08947936183501,47.616873899960254,0.6927837392834838,21.572151898734177,19.350632911392406,94.20253164556962,1.9759493670886072
9577,11,Sergio PEREZ,Red Bull Racing,,,,0,9.767501277465508,305.0,1064.069380571169,0.2624198035541929,70.46584908874127,70.09754158859933,0.9980128314313291,21.572151898734177,19.350632911392406,94.20253164556962,1.9759493670886072
9577,14,Fernando ALONSO,Aston Martin,81.461,88.1145,5.1278027701930995,4,19.457219099528757,296.0,1401.729631522171,0.5118946232896157,76.02151819678646,73.56952251178107,0.9075114971895759,21.572151898734177,19.350632911392406,94.20253164556962,1.9759493670886072
9577,16,Charles LECLERC,Ferrari,84.158,84.158,0.0,1,16.432691761766876,308.0,1802.635155850792,0.4216771702719582,78.36155112700845,78.20723329358997,0.9792198943961846,21.572151898734177,19.350632911392406,94.20253164556962,1.9759493670886072
9577,18,Lance STROLL,Aston Martin,81.941,771.438,1182.9638059224383,4,26.10849940384943,303.0,1962.8566399818317,0.6696190313972634,71.13098279679782,68.71083858513597,0.8750922613978311,21.572151898734177,19.350632911392406,94.20253164556962,1.9759493670886072
9577,20,Kevin MAGNUSSEN,Haas F1 Team,80.45,572.7038333333334,993.7876573482915,6,33.05268835519219,307.0,2568.8716856867086,0.9027990688695849,61.2541304718106,59.16289104638619,0.8329642877420087,21.572151898734177,19.350632911392406,94.20253164556962,1.9759493670886072
9577,22,Yuki TSUNODA,RB,3113.018,3113.018,0.0,1,16.55845114404133,301.0,1331.8641912223925,0.4251972974507466,60.7079429966502,60.53823880088571,0.7671606199965935,21.572151898734177,19.350632911392406,94.20253164556962,1.9759493670886072
9577,23,Alexander ALBON,Williams,84.007,1442.7235,1358.7165,2,16.689263612104696,300.0,1599.5847385453926,0.4345086016010901,74.79980696076761,78.10140237324703,0.9352183046613297,21.572151898734177,19.350632911392406,94.20253164556962,1.9759493670886072
9577,24,ZHOU Guanyu,Kick Sauber,83.24,1654.4685,1571.2285,2,19.9126213592233,296.0,1488.6736501447795,0.5522057571112247,63.93260659739965,63.40384942939874,0.8012831431329132,21.572151898734177,19.350632911392406,94.20253164556962,1.9759493670886072
9577,27,Nico HULKENBERG,Haas F1 Team,82.354,1149.551,1266.892335730494,3,19.765116675183105,307.0,1867.9897802759326,0.6438426162493612,60.121841821381935,58.00034065746892,0.835065008800318,21.572151898734177,19.350632911392406,94.20253164556962,1.9759493670886072
9577,31,Esteban OCON,Alpine,81.643,81.643,0.0,1,19.739794469993754,304.0,2491.5009935842845,0.7175949582694601,73.70430931698178,72.2005336967013,0.9475955260319082,21.572151898734177,19.350632911392406,94.20253164556962,1.9759493670886072
9577,44,Lewis HAMILTON,Mercedes,84.098,84.098,0.0,1,13.121728268892296,303.0,1205.0154999148356,0.37171407483109065,57.979276670641006,56.766479305058766,0.7230454777721002,21.572151898734177,19.350632911392406,94.20253164556962,1.9759493670886072
9577,55,Carlos SAINZ,Ferrari,82.589,1096.6756666666665,1398.8445817252973,3,23.070459319820586,303.0,2281.326520183955,0.5986487253733038,72.52296599102935,70.87287798784989,0.971895758814512,21.572151898734177,19.350632911392406,94.20253164556962,1.9759493670886072
9577,63,George RUSSELL,Mercedes,83.958,759.75575,1161.174318217634,4,26.57832282972804,306.0,2163.890762504968,0.6736501447794243,75.61579515130869,72.45693521830466,0.9754726622381196,21.572151898734177,19.350632911392406,94.20253164556962,1.9759493670886072
9577,77,Valtteri BOTTAS,Kick Sauber,81.155,854.00375,1127.2900481964202,4,26.4665304036791,298.0,1824.1619258502242,0.7097030602395957,64.95702038267189,63.03684778288764,0.8224606824504628,21.572151898734177,19.350632911392406,94.20253164556962,1.9759493670886072
9577,81,Oscar PIASTRI,McLaren,81.85,474.49371428571425,940.4035101602038,7,36.12496451484699,302.0,2351.9241469369217,0.872650882870607,60.425765059898936,57.04377448475558,0.7979333446885823,21.572151898734177,19.350632911392406,94.20253164556962,1.9759493670886072
9578,1,Max VERSTAPPEN,Red Bull Racing,70.029,255.65891666666673,303.82045296837686,12,45.36851601262968,330.0,2580.372744700045,1.1664975191700495,35.90296571944069,28.67636445647271,0.82797699594046,30.14050632911392,24.481012658227854,66.32911392405063,4.1379746835443045
9578,2,Logan SARGEANT,Williams,,,,0,0.0,0.0,0.0,0.0,0.0,0.0,0.0,30.14050632911392,24.481012658227854,66.32911392405063,4.1379746835443045
9578,3,Daniel RICCIARDO,RB,71.943,108.1875,57.78927021947932,8,29.25287550744249,330.0,1771.6897271087055,0.6927153811456924,65.58671628326567,59.74740640505187,0.7788114569237709,30.14050632911392,24.481012658227854,66.32911392405063,4.1379746835443045
9578,4,Lando NORRIS,McLaren,69.673,257.23876923076926,298.2731068986052,13,45.18668245376635,331.0,2748.3416215606676,1.0817546233649076,72.61558412268832,66.82656743346865,0.9365696887686062,30.14050632911392,24.481012658227854,66.32911392405063,4.1379746835443045
9578,10,Pierre GASLY,Alpine,70.815,188.6315,176.72854866220683,18,65.2628552097429,333.0,4049.80700270636,1.6599007668019847,47.89078709968426,37.08570139828597,0.813148398737032,30.14050632911392,24.481012658227854,66.32911392405063,4.1379746835443045
9578,11,Sergio PEREZ,Red Bull Racing,70.416,224.51846666666668,267.5204178405495,15,55.1990302210194,336.0,3338.882949932341,1.387573297248534,33.84804916553902,25.80063148398737,0.8540257104194858,30.14050632911392,24.481012658227854,66.32911392405063,4.1379746835443045
9578,14,Fernando ALONSO,Aston Martin,70.633,220.5459333333333,247.3345681402599,15,52.04420387911592,333.0,3268.2598105548036,1.325721695985566,53.78033378439333,45.91474966170501,0.8104984212900316,30.14050632911392,24.481012658227854,66.32911392405063,4.1379746835443045
9578,16,Charles LECLERC,Ferrari,70.582,150.47065217391307,121.13861661950624,23,77.94102390617952,336.0,5181.115640505187,2.0103179972936402,39.356619305367616,28.218313035633738,0.9559088858818223,30.14050632911392,24.481012658227854,66.32911392405063,4.1379746835443045
9578,18,Lance STROLL,Aston Martin,70.661,182.33805555555557,205.66208791215215,18,61.71752368064953,334.0,3738.9723161930538,1.593425800631484,52.98945647271087,43.22688317546233,0.8123026612539468,30.14050632911392,24.481012658227854,66.32911392405063,4.1379746835443045
9578,20,Kevin MAGNUSSEN,Haas F1 Team,71.295,162.154,161.20537896156833,14,49.06698240866035,334.0,2907.0842918358144,1.3249887235002256,59.56574199368516,51.689670726206586,0.810723951285521,30.14050632911392,24.481012658227854,66.32911392405063,4.1379746835443045
9578,22,Yuki TSUNODA,RB,70.955,154.4419285714286,168.23603927580197,14,48.823297248534054,330.0,2946.7399075327016,1.2083897158322057,54.40713802435724,45.46752368064953,0.7805593143888138,30.14050632911392,24.481012658227854,66.32911392405063,4.1379746835443045
9578,23,Alexander ALBON,Williams,70.653,213.63575,261.7612659816431,16,58.664185836716285,331.0,4041.389941362201,1.5491091565178168,62.617050067659,58.59314388813712,0.9980266125394678,30.14050632911392,24.481012658227854,66.32911392405063,4.1379746835443045
9578,24,ZHOU Guanyu,Kick Sauber,73.261,127.005375,76.13702642594058,8,30.661535859269282,328.0,1742.2673658096526,0.784957149300857,72.51945196211096,67.89242219215156,0.8303450608930988,30.14050632911392,24.481012658227854,66.32911392405063,4.1379746835443045
9578,27,Nico HULKENBERG,Haas F1 Team,71.215,146.0115625,146.29759632465291,16,55.40398060442039,337.0,3746.737257555255,1.4358367162832657,61.73883626522328,52.2149300857014,0.8315854758682905,30.14050632911392,24.481012658227854,66.32911392405063,4.1379746835443045
9578,31,Esteban OCON,Alpine,71.995,135.17350000000002,90.01793973147797,8,29.351544880469103,332.0,2439.9274921064502,0.8147834912043301,64.00789354984212,59.294542174109154,0.8123590437528191,30.14050632911392,24.481012658227854,66.32911392405063,4.1379746835443045
9578,44,Lewis HAMILTON,Mercedes,70.948,186.96266666666665,185.85233248394334,12,42.0968651330627,335.0,2695.4211208840775,1.1907419936851602,74.61953089760938,68.89332431213352,0.9979702300405954,30.14050632911392,24.481012658227854,66.32911392405063,4.1379746835443045
9578,55,Carlos SAINZ,Ferrari,70.914,136.30623529411764,94.14986627995216,17,58.80046233649075,334.0,4317.920782589084,1.5143775372124493,53.3015899864682,44.84866937302661,0.9476206585475868,30.14050632911392,24.481012658227854,66.32911392405063,4.1379746835443045
9578,63,George RUSSELL,Mercedes,70.244,209.2589375,252.82235375641446,16,58.413734776725306,336.0,3691.317151556157,1.4736129905277402,72.15149977447001,61.94993234100135,0.9980266125394678,30.14050632911392,24.481012658227854,66.32911392405063,4.1379746835443045
9578,77,Valtteri BOTTAS,Kick Sauber,72.168,123.371875,80.88845115410095,8,29.4064050518719,331.0,1670.1892196662156,0.77255299954894,71.74289580514208,67.10126296797475,0.8091452413170952,30.14050632911392,24.481012658227854,66.32911392405063,4.1379746835443045
9578,81,Oscar PIASTRI,McLaren,70.172,241.60200000000003,281.4621252087037,14,51.78743797925124,333.0,3275.882329724853,1.28287099684258,54.60515336039693,47.92286874154262,0.8005187189896256,30.14050632911392,24.481012658227854,66.32911392405063,4.1379746835443045
9582,1,Max VERSTAPPEN,Red Bull Racing,74.752,75.956125,2.414621950726563,72,131.77792428504455,327.0,6741.909575714955,3.409253398968589,41.41865916549461,14.001172058134083,0.11591654946085325,30.80588235294118,19.00588235294118,60.96078431372549,4.568627450980392
9582,2,Logan SARGEANT,Williams,75.539,77.6130704225352,2.8976861936260128,71,129.44655414908578,334.0,7036.8315459446785,3.291813173933427,38.920856774496016,16.355954055321146,0.11304500703234881,30.80588235294118,19.00588235294118,60.96078431372549,4.568627450980392
9582,3,Daniel RICCIARDO,RB,75.222,77.00111267605635,2.870271786460157,71,128.10528012189405,331.0,6935.057460150024,3.097837552742616,41.52461322081575,14.309306141584623,0.14984763244256916,30.80588235294118,19.00588235294118,60.96078431372549,4.568627450980392
9582,4,Lando NORRIS,McLaren,73.817,75.63773611111111,2.5641229494326323,72,129.61102320675104,330.0,6952.5106950304735,3.1846870604781996,40.65600093764651,15.978434130332865,0.25583098921706515,30.80588235294118,19.00588235294118,60.96078431372549,4.568627450980392
9582,10,Pierre GASLY,Alpine,74.855,76.82590140845069,2.9000831952851773,71,129.8688173933427,330.0,6924.9537037037035,3.2553621659634318,42.896858884200654,15.487107360525082,0.10495780590717299,30.80588235294118,19.00588235294118,60.96078431372549,4.568627450980392
9582,11,Sergio PEREZ,Red Bull Racing,74.587,76.18697222222221,2.7774829431030525,72,131.20174050632912,334.0,6952.800779418659,3.256124003750586,39.88677918424754,16.2471870604782,0.12209915611814345,30.80588235294118,19.00588235294118,60.96078431372549,4.568627450980392
9582,14,Fernando ALONSO,Aston Martin,74.758,76.89459154929578,2.7249449953226983,71,128.0384728082513,333.0,6847.809862869199,3.2953879512423816,40.174460853258324,15.618846694796062,0.145042194092827,30.80588235294118,19.00588235294118,60.96078431372549,4.568627450980392
9582,16,Charles LECLERC,Ferrari,74.585,75.9907638888889,2.41263878410857,72,131.47017112048758,334.0,7255.144280356306,3.34241678387248,50.35870839193624,24.471987810595405,0.3516467416783873,30.80588235294118,19.00588235294118,60.96078431372549,4.568627450980392
9582,18,Lance STROLL,Aston Martin,75.255,76.99457746478875,2.6345266066567463,71,128.16338490389123,338.0,6823.784956633849,3.318946319737459,39.99850562587904,14.708274730426629,0.13346812001875294,30.80588235294118,19.00588235294118,60.96078431372549,4.568627450980392
9582,20,Kevin MAGNUSSEN,Haas F1 Team,74.954,77.43505714285715,2.5527786759065636,70,128.36541842475387,343.0,6941.108766994843,3.436474449132677,57.56501992498828,34.31364275668073,0.29383497421472105,30.80588235294118,19.00588235294118,60.96078431372549,4.568627450980392
9582,22,Yuki TSUNODA,RB,75.552,77.62056338028171,3.4741213124861177,71,129.5377988748242,342.0,7045.689873417721,3.1345522737927802,41.68037974683544,16.494491326769808,0.18544889826535396,30.80588235294118,19.00588235294118,60.96078431372549,4.568627450980392
9582,23,Alexander ALBON,Williams,74.434,77.27705633802819,3.5769673042142243,71,127.81935654008439,342.0,6909.502080403188,3.2933368495077358,38.34180145335208,15.967885607126114,0.15887248007501173,30.80588235294118,19.00588235294118,60.96078431372549,4.568627450980392
9582,24,ZHOU Guanyu,Kick Sauber,75.724,78.31422857142856,3.9671933986183245,70,126.44127988748242,329.0,6620.045358649789,3.3938115330520393,49.5722866854196,24.55872011251758,0.2587318330989217,30.80588235294118,19.00588235294118,60.96078431372549,4.568627450980392
9582,27,Nico HULKENBERG,Haas F1 Team,75.657,76.97419718309857,2.628444008302402,71,129.8372011251758,334.0,6932.401898734177,3.3587962962962963,42.59675339896859,17.940225035161745,0.2706868260665729,30.80588235294118,19.00588235294118,60.96078431372549,4.568627450980392
9582,31,Esteban OCON,Alpine,75.39,77.36530985915492,2.82724192775783,71,129.844292076887,333.0,6833.404887482419,3.323107126113455,41.2205227379278,17.34985935302391,0.12482419127988749,30.80588235294118,19.00588235294118,60.96078431372549,4.568627450980392
9582,44,Lewis HAMILTON,Mercedes,73.878,76.32701388888889,3.5511687962206957,72,131.36635607126112,342.0,6959.684599156119,3.532348804500703,45.460765353961555,20.307313642756682,0.23212611345522738,30.80588235294118,19.00588235294118,60.96078431372549,4.568627450980392
9582,55,Carlos SAINZ,Ferrari,74.117,76.08477777777779,2.728993430747266,72,131.43287037037038,336.0,7258.784868729489,3.3367323019221753,49.35158813877168,24.36544772620722,0.35566104078762306,30.80588235294118,19.00588235294118,60.96078431372549,4.568627450980392
9582,63,George RUSSELL,Mercedes,73.927,76.25844444444445,3.363892028625014,72,131.59250468823254,331.0,7110.803357946555,3.487371073605251,45.063701359587434,18.318330989217067,0.14940811064228784,30.80588235294118,19.00588235294118,60.96078431372549,4.568627450980392
9582,77,Valtteri BOTTAS,Kick Sauber,75.822,77.84575714285717,3.5055004918218544,70,126.44546999531177,331.0,6686.201974917956,3.3317217533989685,50.08304031879981,25.279418659165493,0.25492264416315047,30.80588235294118,19.00588235294118,60.96078431372549,4.568627450980392
9582,81,Oscar PIASTRI,McLaren,74.237,76.01888888888888,2.5445327259066395,72,129.99818330989217,334.0,6946.801453352086,3.2321261134552275,40.19485466479137,15.799695264885138,0.2755801687763713,30.80588235294118,19.00588235294118,60.96078431372549,4.568627450980392
9583,1,Max VERSTAPPEN,Red Bull Racing,81.676,222.55135294117645,291.71795896196426,17,82.00666666666666,342.0,4384.542444444444,2.1657777777777776,42.967,32.09888888888889,0.8922222222222222,50.81358024691359,32.7641975308642,38.135802469135804,1.0333333333333334
9583,3,Daniel RICCIARDO,RB,82.605,186.01199999999997,218.76109440569854,19,90.94383333333333,348.0,4900.790777777778,2.200222222222222,49.75083333333333,30.741555555555557,0.8014444444444444,50.81358024691359,32.7641975308642,38.135802469135804,1.0333333333333334
9583,4,Lando NORRIS,McLaren,81.917,155.6635,190.73405401522646,24,112.15988888888889,348.0,5981.839166666667,2.745722222222222,48.13744444444445,30.201333333333334,0.8486111111111111,50.81358024691359,32.7641975308642,38.135802469135804,1.0333333333333334
9583,10,Pierre GASLY,Alpine,82.763,193.89135000000002,253.3184785025117,20,94.96122222222222,347.0,5104.229611111111,2.4118333333333335,55.38988888888889,35.650444444444446,0.8416111111111111,50.81358024691359,32.7641975308642,38.135802469135804,1.0333333333333334
9583,11,Sergio PEREZ,Red Bull Racing,82.311,196.74836842105265,236.8445238977206,19,90.6211111111111,343.0,4914.580944444445,2.4864444444444445,40.218222222222224,25.232444444444443,0.8772222222222222,50.81358024691359,32.7641975308642,38.135802469135804,1.0333333333333334
9583,12,Kimi ANTONELLI,Mercedes,83.955,121.38566666666668,30.568817765094476,3,21.092555555555556,344.0,1181.484888888889,1.2815555555555556,82.52583333333334,79.45644444444444,0.9983333333333333,50.81358024691359,32.7641975308642,38.135802469135804,1.0333333333333334
9583,14,Fernando ALONSO,Aston Martin,82.315,208.24717647058824,259.2290017149804,17,77.7196111111111,345.0,4176.516777777778,2.099111111111111,55.28366666666667,41.90266666666667,0.8764444444444445,50.81358024691359,32.7641975308642,38.135802469135804,1.0333333333333334
9583,16,Charles LECLERC,Ferrari,81.904,176.1914285714286,216.4647057408736,21,99.26055555555556,344.0,5668.872666666667,2.512611111111111,65.70222222222222,47.24466666666667,0.9981111111111111,50.81358024691359,32.7641975308642,38.135802469135804,1.0333333333333334
9583,18,Lance STROLL,Aston Martin,82.864,188.90795,259.6522422243788,20,90.77455555555555,346.0,4991.414111111111,2.384333333333333,49.29577777777778,34.322,0.8739444444444444,50.81358024691359,32.7641975308642,38.135802469135804,1.0333333333333334
9583,20,Kevin MAGNUSSEN,Haas F1 Team,82.572,186.2326,220.3408665044685,20,95.05877777777778,344.0,5395.3285,2.5292222222222223,55.83866666666667,37.82333333333333,0.9172777777777777,50.81358024691359,32.7641975308642,38.135802469135804,1.0333333333333334
9583,22,Yuki TSUNODA,RB,82.714,177.54490476190472,204.83301755423093,21,98.74666666666667,348.0,5425.328555555556,2.387888888888889,50.26188888888889,32.098,0.8426111111111111,50.81358024691359,32.7641975308642,38.135802469135804,1.0333333333333334
9583,23,Alexander ALBON,Williams,82.22,157.9230909090909,203.00670143392472,22,103.05416666666666,349.0,5306.273055555555,2.6737777777777776,46.0415,29.292666666666666,0.7808888888888889,50.81358024691359,32.7641975308642,38.135802469135804,1.0333333333333334
9583,24,ZHOU Guanyu,Kick Sauber,82.854,186.73895,230.85608695407512,20,95.114,346.0,4844.760777777778,2.701277777777778,49.325,34.907111111111114,0.8303888888888888,50.81358024691359,32.7641975308642,38.135802469135804,1.0333333333333334
9583,27,Nico HULKENBERG,Haas F1 Team,83.157,177.34071428571428,238.74406823788416,21,99.60288888888888,344.0,5234.890611111111,2.677888888888889,66.9675,47.14666666666667,0.9981666666666666,50.81358024691359,32.7641975308642,38.135802469135804,1.0333333333333334
9583,31,Esteban OCON,Alpine,82.88,188.09055,259.3859556380174,20,90.82422222222222,345.0,4877.390111111111,2.3899444444444446,52.931666666666665,37.30288888888889,0.8547222222222223,50.81358024691359,32.7641975308642,38.135802469135804,1.0333333333333334
9583,43,Franco COLAPINTO,Williams,82.88,163.1063333333333,211.529700326733,21,99.0505,348.0,4987.110111111111,2.751,52.59838888888889,35.04955555555556,0.8355,50.81358024691359,32.7641975308642,38.135802469135804,1.0333333333333334
9583,44,Lewis HAMILTON,Mercedes,82.214,171.83,219.49274430646182,22,103.376,345.0,5231.827,2.9075555555555557,49.891555555555556,32.07377777777778,0.8482222222222222,50.81358024691359,32.7641975308642,38.135802469135804,1.0333333333333334
9583,55,Carlos SAINZ,Ferrari,82.126,171.53213636363637,191.82617345642893,22,103.73272222222222,345.0,5906.117444444444,2.6021111111111113,65.79394444444445,45.279555555555554,0.9983888888888889,50.81358024691359,32.7641975308642,38.135802469135804,1.0333333333333334
9583,77,Valtteri BOTTAS,Kick Sauber,82.127,180.71626315789473,232.33133741249395,19,90.70033333333333,349.0,4676.345166666667,2.394833333333333,57.43255555555555,41.68866666666667,0.8357777777777777,50.81358024691359,32.7641975308642,38.135802469135804,1.0333333333333334
9583,81,Oscar PIASTRI,McLaren,82.199,167.36177272727272,225.62495033490902,22,99.48922222222222,345.0,5223.312166666667,2.515388888888889,49.88338888888889,32.36044444444445,0.8298333333333333,50.81358024691359,32.7641975308642,38.135802469135804,1.0333333333333334
9584,1,Max VERSTAPPEN,Red Bull Racing,81.61,161.8785,195.02701512535265,22,105.05977256176125,348.0,5301.173379642597,2.771049240938883,42.02347207439359,22.889249901966277,0.9336171643045208,44.350632911392395,34.029113924050634,32.177215189873415,1.092405063291139
9584,3,Daniel RICCIARDO,RB,81.3,164.9330476190476,204.85195668497875,21,100.13326984482661,350.0,5339.090022967901,2.4296678057251695,48.51139992157302,27.360932160663268,0.7912161783653577,44.350632911392395,34.029113924050634,32.177215189873415,1.092405063291139
9584,4,Lando NORRIS,McLaren,80.741,158.89372727272723,204.45235316242486,22,100.20721528205702,350.0,5377.205814800292,2.4784605904431123,69.92790319870035,52.33118592795922,0.9982073833398689,44.350632911392395,34.029113924050634,32.177215189873415,1.092405063291139
9584,10,Pierre GASLY,Alpine,81.819,178.1117619047619,207.4002927340784,21,100.79597781636883,348.0,5585.802588090303,2.5626575541986445,63.235280936642205,42.69564730267212,0.9805052938210744,44.350632911392395,34.029113924050634,32.177215189873415,1.092405063291139
9584,11,Sergio PEREZ,Red Bull Racing,81.678,184.94469230769235,236.88057999805102,13,60.84622710212313,354.0,2955.3748809590497,1.5395776146994566,68.4002576886449,55.85457397344687,0.9983194218811271,44.350632911392395,34.029113924050634,32.177215189873415,1.092405063291139
9584,14,Fernando ALONSO,Aston Martin,81.316,169.1491818181818,217.66987792435432,22,104.44036748641533,350.0,5339.518570388213,2.815136406923982,55.860231919780404,36.25186264074842,0.9007898717158702,44.350632911392395,34.029113924050634,32.177215189873415,1.092405063291139
9584,16,Charles LECLERC,Ferrari,80.892,154.11654166666668,182.13288435896175,24,113.536776651168,347.0,6229.97423113551,2.8910425186264073,59.05265811439135,37.28889137863425,0.9704218251078371,44.350632911392395,34.029113924050634,32.177215189873415,1.092405063291139
9584,18,Lance STROLL,Aston Martin,81.363,151.20392,175.4317818681484,25,117.65452915803036,351.0,6215.107276903254,3.0521539409556886,50.22054786846675,29.504901686180045,0.8846563217746904,44.350632911392395,34.029113924050634,32.177215189873415,1.092405063291139
9584,20,Kevin MAGNUSSEN,Haas F1 Team,81.499,177.27533333333335,159.51979942035757,9,45.9172035180102,350.0,2850.541874404795,1.2587530110357963,78.66388437622543,71.97647190633577,0.9980953447986107,44.350632911392395,34.029113924050634,32.177215189873415,1.092405063291139
9584,22,Yuki TSUNODA,RB,81.735,207.40933333333334,241.9061624422899,18,87.8182734860792,351.0,4915.261329897485,2.096969357458966,55.12621141672735,37.85110077866786,0.8564226093776259,44.350632911392395,34.029113924050634,32.177215189873415,1.092405063291139
9584,23,Alexander ALBON,Williams,81.592,154.705375,185.07972760988991,24,109.1051481709708,353.0,5601.234104531959,2.8320542266539688,53.751610554030584,34.34810374768921,0.8621925942524228,44.350632911392395,34.029113924050634,32.177215189873415,1.092405063291139
9584,24,ZHOU Guanyu,Kick Sauber,82.223,152.20608000000001,171.17726846282366,25,118.65850652624503,352.0,5842.963923589715,3.264522995910593,50.54938098705955,30.762422273262,0.8525572797042182,44.350632911392395,34.029113924050634,32.177215189873415,1.092405063291139
9584,27,Nico HULKENBERG,Haas F1 Team,81.14,161.12204347826088,182.25052082169947,23,109.22923085541426,348.0,5793.367934569492,2.9369223012716374,64.60708083580752,43.36787855022128,0.9983754411517562,44.350632911392395,34.029113924050634,32.177215189873415,1.092405063291139
9584,31,Esteban OCON,Alpine,81.867,189.06519999999995,298.2548525936502,20,96.39146266315612,350.0,5142.936642204919,2.510783709596101,53.088958601759,34.36468545179542,0.859951823427259,44.350632911392395,34.029113924050634,32.177215189873415,1.092405063291139
9584,43,Franco COLAPINTO,Williams,81.784,196.75805263157895,234.90312932657642,19,87.13394207607416,353.0,4669.122962299031,2.3715758220827965,51.718727242171305,39.6253431180326,0.858271245308386,44.350632911392395,34.029113924050634,32.177215189873415,1.092405063291139
9584,44,Lewis HAMILTON,Mercedes,80.738,170.71536363636366,214.9191441539533,22,104.68298694750995,349.0,5127.7837656153715,2.972606576662372,51.45392414990757,33.16206374992998,0.8434261385916756,44.350632911392395,34.029113924050634,32.177215189873415,1.092405063291139
9584,55,Carlos SAINZ,Ferrari,80.841,151.12576,171.7675960973501,25,118.02302392022855,349.0,6455.150187664557,3.0240322670998823,64.89709259985435,40.96241106940788,0.9984314604223853,44.350632911392395,34.029113924050634,32.177215189873415,1.092405063291139
9584,63,George RUSSELL,Mercedes,81.086,138.16341176470587,168.61319792006336,17,87.3238474035068,351.0,4404.652344406476,2.2688364797490337,38.73049128900342,20.77508262842418,0.6382275502772954,44.350632911392395,34.029113924050634,32.177215189873415,1.092405063291139
9584,77,Valtteri BOTTAS,Kick Sauber,81.461,160.80700000000004,199.7559498181197,23,109.22323679345695,352.0,5442.910873340429,2.8932832894515714,55.93709035908353,36.582600414542604,0.8485238922189233,44.350632911392395,34.029113924050634,32.177215189873415,1.092405063291139
9584,81,Oscar PIASTRI,McLaren,80.858,160.2805652173913,213.0540104321021,23,104.42109685731891,346.0,5108.900845890987,2.659458853845723,56.43364517393984,36.29174836143633,0.8350792672679401,44.350632911392395,34.029113924050634,32.177215189873415,1.092405063291139
9585,1,Max VERSTAPPEN,Red Bull Racing,80.368,154.78343478260868,145.57778921722976,23,106.97160557563242,344.0,5426.854012505019,2.8089256008719095,42.21097917742213,23.217575861871165,0.9807835713875982,46.333333333333336,31.627160493827162,41.7037037037037,1.1246913580246913
9585,3,Daniel RICCIARDO,RB,81.077,217.14611764705882,236.47568917404408,17,80.3476739517008,347.0,4349.388917570126,1.9584695692078242,58.747662479206106,43.42637526530144,0.8603223771009005,46.333333333333336,31.627160493827162,41.7037037037037,1.1246913580246913
9585,4,Lando NORRIS,McLaren,80.262,209.05714285714288,267.0358828338183,14,67.05810818562496,344.0,3790.6119428669763,1.6413698158664602,44.61257385418459,36.69867492686284,0.7337807606263982,46.333333333333336,31.627160493827162,41.7037037037037,1.1246913580246913
9585,10,Pierre GASLY,Alpine,81.155,172.64031578947368,188.09100312714048,19,89.9208397866116,347.0,5176.1009579533065,2.2994894739861182,64.87902254345208,47.680835197613725,0.9814145585957667,46.333333333333336,31.627160493827162,41.7037037037037,1.1246913580246913
9585,11,Sergio PEREZ,Red Bull Racing,81.287,161.92100000000002,154.70109087027973,22,103.28669764240234,347.0,5253.520220271898,2.648597487523662,43.991223541559116,23.708369184879253,0.9683359146446395,46.333333333333336,31.627160493827162,41.7037037037037,1.1246913580246913
9585,14,Fernando ALONSO,Aston Martin,80.968,180.30935000000002,155.6774480938954,20,97.98009522170597,349.0,5434.327023461252,2.6635690930992943,50.81758733436586,35.92772328342798,0.9247977972810187,46.333333333333336,31.627160493827162,41.7037037037037,1.1246913580246913
9585,16,Charles LECLERC,Ferrari,80.226,156.0507619047619,130.41198365944337,21,98.4028566511788,350.0,5829.21987036081,2.4971031950897724,62.732117248895776,46.77359031721448,0.9984512132163139,46.333333333333336,31.627160493827162,41.7037037037037,1.1246913580246913
9585,18,Lance STROLL,Aston Martin,81.157,169.1792272727273,124.5299191271398,22,102.41857396890954,349.0,5770.356335685195,2.6356909309929444,51.18189640337291,36.46715998393851,0.9168244134687088,46.333333333333336,31.627160493827162,41.7037037037037,1.1246913580246913
9585,20,Kevin MAGNUSSEN,Haas F1 Team,81.208,179.45699999999997,233.31215124716275,19,91.86473928755808,348.0,4737.763838696725,2.598061148396719,55.88384099122354,37.84133539838238,0.8397292491252223,46.333333333333336,31.627160493827162,41.7037037037037,1.1246913580246913
9585,22,Yuki TSUNODA,RB,81.141,235.30200000000005,260.0900825118097,14,66.70395227442208,346.0,3908.4225893420526,1.5813686686169908,47.660184707164575,34.504904491481675,0.7527677393449206,46.333333333333336,31.627160493827162,41.7037037037037,1.1246913580246913
9585,23,Alexander ALBON,Williams,80.596,184.18030769230765,189.3152377874552,13,66.66345436815236,346.0,3799.4661848218893,1.747834566626513,64.71863706763035,55.65811965811966,0.9521023346526702,46.333333333333336,31.627160493827162,41.7037037037037,1.1246913580246913
9585,24,ZHOU Guanyu,Kick Sauber,82.035,219.4481764705882,273.7328575689283,17,80.32409797510469,349.0,4270.618998451213,2.2647278150633854,56.001892961624506,46.64945792462571,0.8754087076234727,46.333333333333336,31.627160493827162,41.7037037037037,1.1246913580246913
9585,27,Nico HULKENBERG,Haas F1 Team,80.943,169.22835294117647,221.08838546101373,17,80.56656915046177,347.0,4526.648769574944,2.2177479492915735,59.65278494808696,45.277347559226754,0.9247977972810187,46.333333333333336,31.627160493827162,41.7037037037037,1.1246913580246913
9585,31,Esteban OCON,Alpine,81.258,181.94533333333334,173.3347970444609,18,85.18826363792807,350.0,4684.875121895256,2.334996845063959,66.16824413468709,49.759421786267424,0.9492342109791774,46.333333333333336,31.627160493827162,41.7037037037037,1.1246913580246913
9585,43,Franco COLAPINTO,Williams,80.905,187.54524999999998,128.32256379116458,16,76.52515344461654,348.0,4380.356278322722,2.13537543738886,63.22899099409167,52.411633109619686,0.9909940916652326,46.333333333333336,31.627160493827162,41.7037037037037,1.1246913580246913
9585,44,Lewis HAMILTON,Mercedes,80.117,174.9566111111111,148.7840651758032,18,89.80295990363105,345.0,4841.3818619858885,2.664486892674812,58.83296047725578,45.272758561349164,0.9891011300407273,46.333333333333336,31.627160493827162,41.7037037037037,1.1246913580246913
9585,55,Carlos SAINZ,Ferrari,80.463,173.3832105263158,177.47373378573636,19,89.45086904147307,349.0,5414.421327367636,2.2731600986634546,63.384787472035796,47.67280445132794,0.99604198933058,46.333333333333336,31.627160493827162,41.7037037037037,1.1246913580246913
9585,63,George RUSSELL,Mercedes,80.21,142.23350000000002,109.72486015432584,22,108.00028681236735,346.0,5905.091665232605,2.80089485458613,62.333218608386396,40.592210176102796,0.9982217633224345,46.333333333333336,31.627160493827162,41.7037037037037,1.1246913580246913
9585,77,Valtteri BOTTAS,Kick Sauber,81.357,201.10657894736843,242.26143376228822,19,89.2603109046062,351.0,4752.298743761831,2.4206963804279242,56.92284747318304,43.66844490334423,0.8752366202030631,46.333333333333336,31.627160493827162,41.7037037037037,1.1246913580246913
9585,81,Oscar PIASTRI,McLaren,80.252,229.35992857142858,240.35893138550233,14,66.91447255205644,348.0,3707.2399472265242,1.695978890609763,48.696781965238344,38.26696495152871,0.7497848907244881,46.333333333333336,31.627160493827162,41.7037037037037,1.1246913580246913
9586,1,Max VERSTAPPEN,Red Bull Racing,79.662,219.5824375,207.8469506656186,16,80.73991726990693,348.0,4192.955992186602,2.0626795357922556,35.88050097667471,22.890267723773412,0.9978168447661726,48.73037974683544,33.44556962025317,36.835443037974684,1.3708860759493673
9586,3,Daniel RICCIARDO,RB,80.479,214.6664545454545,204.7685531948709,11,53.64937377915661,353.0,2898.9204297368724,1.2730093071354704,55.25341836148455,44.07169941399518,0.835688842927726,48.73037974683544,33.44556962025317,36.835443037974684,1.3708860759493673
9586,4,Lando NORRIS,McLaren,79.327,353.9865,480.26803652465776,10,53.78082270481443,350.0,2847.015569343904,1.3135125818683213,65.66379409399057,57.86947029759853,0.8385614156038148,48.73037974683544,33.44556962025317,36.835443037974684,1.3708860759493673
9586,10,Pierre GASLY,Alpine,80.738,174.60013333333336,163.51628518198285,15,71.19590945650926,354.0,4213.094105480869,1.8221302998965874,57.69711593703321,44.99184189359991,0.8711363897506607,48.73037974683544,33.44556962025317,36.835443037974684,1.3708860759493673
9586,11,Sergio PEREZ,Red Bull Racing,80.062,229.33793333333335,218.0704092078112,15,76.1696541422498,347.0,3928.450132138343,1.8846374813282776,31.839825347581293,17.722854188210963,0.9538664828220154,48.73037974683544,33.44556962025317,36.835443037974684,1.3708860759493673
9586,14,Fernando ALONSO,Aston Martin,80.421,227.75469999999996,259.62526636021,10,48.94904056072619,354.0,2773.0380328622314,1.3217855911754568,57.927611168562564,49.6153050672182,0.8048374123865334,48.73037974683544,33.44556962025317,36.835443037974684,1.3708860759493673
9586,16,Charles LECLERC,Ferrari,79.461,194.64831578947368,237.53227929717423,19,94.38693553946915,352.0,5083.684878777433,2.4075031598299437,55.91347811099621,39.12788693553947,0.9979891991267379,48.73037974683544,33.44556962025317,36.835443037974684,1.3708860759493673
9586,18,Lance STROLL,Aston Martin,81.013,139.101,87.07814357460775,5,26.967137768585545,351.0,1560.745087900724,0.7003332184304263,69.4055498104102,64.51706308169597,0.8054693783752729,48.73037974683544,33.44556962025317,36.835443037974684,1.3708860759493673
9586,20,Kevin MAGNUSSEN,Haas F1 Team,80.698,251.1415,255.2199895545998,10,49.30294151442031,352.0,2635.0683097782376,1.30213719407101,70.29598988854418,61.780535447546825,0.8742962196943582,48.73037974683544,33.44556962025317,36.835443037974684,1.3708860759493673
9586,22,Yuki TSUNODA,RB,80.945,169.54139999999998,146.33885106642052,5,26.72090083879122,349.0,1454.3694702975986,0.6530506721820062,69.59042858784328,64.79857520395267,0.8346547167643341,48.73037974683544,33.44556962025317,36.835443037974684,1.3708860759493673
9586,23,Alexander ALBON,Williams,80.299,217.8981875,246.9077684010314,16,80.35229231299552,348.0,4328.447087211306,2.1059404802941515,52.156267953579224,41.27886935539469,0.8435596920602091,48.73037974683544,33.44556962025317,36.835443037974684,1.3708860759493673
9586,24,ZHOU Guanyu,Kick Sauber,81.445,127.508625,62.471185421635596,8,40.12587613466621,353.0,2002.7895553257497,1.062564632885212,77.17132023440193,70.46397793864185,0.8749281856830978,48.73037974683544,33.44556962025317,36.835443037974684,1.3708860759493673
9586,27,Nico HULKENBERG,Haas F1 Team,80.339,229.2528125,222.74642893019035,16,80.76628748707343,351.0,4301.502240606687,2.1471331724692635,52.95984143398828,39.28507411237504,0.8738366080661841,48.73037974683544,33.44556962025317,36.835443037974684,1.3708860759493673
9586,31,Esteban OCON,Alpine,80.764,174.60346666666666,165.0496598129854,15,71.40066643686086,353.0,3954.449672526715,1.8765368263817075,60.498678616569,46.7480179248535,0.8742387682408365,48.73037974683544,33.44556962025317,36.835443037974684,1.3708860759493673
9586,43,Franco COLAPINTO,Williams,81.061,158.2536,125.89768746184339,5,26.612547397449156,348.0,1704.0610708950937,0.7173388486728715,86.27570952545099,81.75916350683673,0.9980466505802597,48.73037974683544,33.44556962025317,36.835443037974684,1.3708860759493673
9586,44,Lewis HAMILTON,Mercedes,79.513,212.086875,210.79111590828344,16,80.37935194760428,349.0,4034.671090428588,2.2862231414454786,48.81012294611054,36.2867976559807,0.8024244513386188,48.73037974683544,33.44556962025317,36.835443037974684,1.3708860759493673
9586,55,Carlos SAINZ,Ferrari,79.467,231.19368749999998,300.62995063339883,16,80.70613581523612,351.0,4350.59559921866,2.0383201194990233,62.74503044927037,49.10513615994485,0.9980466505802597,48.73037974683544,33.44556962025317,36.835443037974684,1.3708860759493673
9586,63,George RUSSELL,Mercedes,79.44,212.31237499999997,211.64611192030998,16,80.47644490405607,349.0,4357.022923129955,2.0774445593473514,71.21394921291508,55.94875330345858,0.9981041020337814,48.73037974683544,33.44556962025317,36.835443037974684,1.3708860759493673
9586,77,Valtteri BOTTAS,Kick Sauber,81.101,136.8426,81.76819784145913,5,26.826554061817763,353.0,1397.691485694588,0.7141790187291739,72.73974491554637,69.29794323796392,0.7999540388371826,48.73037974683544,33.44556962025317,36.835443037974684,1.3708860759493673
9586,81,Oscar PIASTRI,McLaren,79.436,208.1620588235294,196.31219336331145,17,85.25600367689303,349.0,4456.612834654717,2.16419625416523,52.67838676318511,39.1931517867402,0.8419510513615994,48.73037974683544,33.44556962025317,36.835443037974684,1.3708860759493673
9590,1,Max VERSTAPPEN,Red Bull Racing,81.745,85.26477358490567,4.4441983917195484,53,154.05520569511944,345.0,6913.724690259429,3.955369977411185,46.84875761516873,11.782189061537409,0.16370045862139776,49.31127819548872,33.1015037593985,32.285714285714285,1.518796992481203
9590,3,Daniel RICCIARDO,RB,84.219,86.0288679245283,3.9436351205059714,53,152.45677322198645,360.0,6972.405537682251,3.7982408104593057,46.4190567458416,10.795263193921555,0.16065439112875624,49.31127819548872,33.1015037593985,32.285714285714285,1.518796992481203
9590,4,Lando NORRIS,McLaren,81.432,84.6667358490566,4.12565011984249,53,152.64384968170307,355.0,7025.10021219796,3.8028612499144363,44.62434115955917,11.039496200972003,0.13382161681155452,49.31127819548872,33.1015037593985,32.285714285714285,1.518796992481203
9590,10,Pierre GASLY,Alpine,83.755,86.52659615384617,4.300442541000491,52,150.7349921281402,351.0,6948.436956670545,3.825689643370525,47.26671914573208,11.349989732356766,0.18122390307344788,49.31127819548872,33.1015037593985,32.285714285714285,1.518796992481203
9590,11,Sergio PEREZ,Red Bull Racing,82.971,85.57315094339626,4.1060337672711364,53,152.0813881853652,354.0,6888.176808816483,3.841844068724759,45.994010541447054,11.85406256417277,0.150626326237251,49.31127819548872,33.1015037593985,32.285714285714285,1.518796992481203
9590,14,Fernando ALONSO,Aston Martin,82.944,85.84237735849057,4.152442601134153,53,152.4933602573756,355.0,7006.167431035663,3.9018071052091177,46.51037031966596,10.735437059346978,0.14018755561640084,49.31127819548872,33.1015037593985,32.285714285714285,1.518796992481203
9590,16,Charles LECLERC,Ferrari,83.226,84.54984905660378,3.069237655923185,53,151.18498870559245,347.0,7157.969881579848,3.841296461085632,59.144910671503865,23.933876377575466,0.40670134848381134,49.31127819548872,33.1015037593985,32.285714285714285,1.518796992481203
9590,18,Lance STROLL,Aston Martin,82.232,87.0125576923077,5.41768618796687,52,148.7724690259429,356.0,6967.711136970361,3.802005612978301,44.96953932507358,11.65897734273393,0.1720857005955233,49.31127819548872,33.1015037593985,32.285714285714285,1.518796992481203
9590,20,Kevin MAGNUSSEN,Haas F1 Team,83.437,85.64783018867925,3.3994472954526502,53,153.3265110548292,357.0,7018.6558285988085,3.934868916421384,48.860565404887396,14.00917242795537,0.3232938599493463,49.31127819548872,33.1015037593985,32.285714285714285,1.518796992481203
9590,22,Yuki TSUNODA,RB,86.198,91.0072857142857,4.926934158691554,7,29.423540283386952,357.0,1592.0921692107604,0.7345471969333972,60.789684441097954,56.12745567800671,0.13645697857485112,49.31127819548872,33.1015037593985,32.285714285714285,1.518796992481203
9590,23,Alexander ALBON,Williams,83.918,85.82435849056603,3.1744117154850984,53,149.85125607502223,353.0,6855.111609281949,3.8993770963104937,46.85652679854884,14.169895270039017,0.14357587788349646,49.31127819548872,33.1015037593985,32.285714285714285,1.518796992481203
9590,24,ZHOU Guanyu,Kick Sauber,85.092,86.94605769230769,3.6308752675092077,52,149.42775001711274,352.0,6805.773119310014,3.8898966390581147,51.9899034841536,18.19522212334862,0.3200424395920323,49.31127819548872,33.1015037593985,32.285714285714285,1.518796992481203
9590,27,Nico HULKENBERG,Haas F1 Team,83.275,86.76940384615386,6.673780390625159,52,151.17362584708056,363.0,7003.180950099254,3.866554863440345,48.358135395988775,13.747826682182216,0.3018002601136286,49.31127819548872,33.1015037593985,32.285714285714285,1.518796992481203
9590,31,Esteban OCON,Alpine,84.343,86.41848076923078,3.086106804886804,52,151.18793209665276,357.0,6887.8698405092755,3.892429324389075,47.06862208227805,11.961941269080704,0.15579437333150797,49.31127819548872,33.1015037593985,32.285714285714285,1.518796992481203
9590,43,Franco COLAPINTO,Williams,83.728,86.08420754716981,3.387709569419358,53,152.24717639811075,359.0,6922.392326647957,4.028715175576699,45.237148333219245,11.953590252584023,0.143952358135396,49.31127819548872,33.1015037593985,32.285714285714285,1.518796992481203
9590,44,Lewis HAMILTON,Mercedes,81.512,84.98222641509436,4.170256132767764,53,152.99356561024027,346.0,7049.591210897392,4.008111438154562,54.812307481689366,18.93668286672599,0.2077144226161955,49.31127819548872,33.1015037593985,32.285714285714285,1.518796992481203
9590,55,Carlos SAINZ,Ferrari,83.219,84.84635849056603,3.0807962955834562,53,150.4926757478267,349.0,7064.360873434184,3.880792662057636,60.155075638305156,24.425628037511125,0.37634334998973235,49.31127819548872,33.1015037593985,32.285714285714285,1.518796992481203
9590,63,George RUSSELL,Mercedes,82.036,85.30075471698115,5.156808742966366,53,152.9239509891163,356.0,7122.478198370867,3.928058046409747,54.30977479635841,19.50290916558286,0.26531590115682113,49.31127819548872,33.1015037593985,32.285714285714285,1.518796992481203
9590,77,Valtteri BOTTAS,Kick Sauber,83.609,86.69903846153849,3.259944053092007,52,149.26055855979192,353.0,6763.490896023,3.9310356629474983,51.190396331028815,17.561913888698747,0.31658566637004587,49.31127819548872,33.1015037593985,32.285714285714285,1.518796992481203
9590,81,Oscar PIASTRI,McLaren,81.943,84.60226415094341,4.09972973407863,53,152.29043740160176,354.0,6848.732459442809,3.913683345882675,45.76418646040112,9.225682798275036,0.1201998767882812,49.31127819548872,33.1015037593985,32.285714285714285,1.518796992481203
9591,1,Max VERSTAPPEN,Red Bull Racing,105.546,224.61735294117648,209.58796259466172,17,91.39462173983476,340.0,5343.557049516712,2.291214428424861,40.81240887736919,29.06550029699228,0.8815270802959123,43.68478260869565,29.195652173913032,39.09782608695652,1.6956521739130432
9591,3,Daniel RICCIARDO,RB,106.687,203.00126315789473,176.4513755344043,19,100.31821372644312,337.0,6120.258545277823,2.4181651277066796,44.337167233651925,25.278470759760246,0.8562017387547923,43.68478260869565,29.195652173913032,39.09782608695652,1.6956521739130432
9591,4,Lando NORRIS,McLaren,106.027,267.8510714285715,251.92940206575562,14,78.67136454452184,338.0,4736.04114693018,1.9110643123278794,49.55721151250067,39.48895728711054,0.8453480209514552,43.68478260869565,29.195652173913032,39.09782608695652,1.6956521739130432
9591,10,Pierre GASLY,Alpine,108.712,211.97483333333332,205.60664679032413,18,91.67935633673524,340.0,5374.739402775528,2.2678870349370914,52.68886008963767,37.77417787137534,0.8573357092715589,43.68478260869565,29.195652173913032,39.09782608695652,1.6956521739130432
9591,11,Sergio PEREZ,Red Bull Racing,105.922,289.90392307692304,291.4580877726179,13,73.97246071602139,342.0,4428.558237485825,1.8557157513904639,46.73778281764674,36.5525136346455,0.8958367082455856,43.68478260869565,29.195652173913032,39.09782608695652,1.6956521739130432
9591,14,Fernando ALONSO,Aston Martin,106.452,236.07262500000002,226.7753850420816,16,82.85004589880663,346.0,4814.222798207246,2.171985528376262,51.14088233705924,40.756412333279336,0.8911928289864464,43.68478260869565,29.195652173913032,39.09782608695652,1.6956521739130432
9591,16,Charles LECLERC,Ferrari,106.608,168.70125000000002,124.21885755668299,8,45.90031859171661,343.0,2700.684648199147,1.1577838976186619,69.89065284302607,63.20686862141584,0.857767698039851,43.68478260869565,29.195652173913032,39.09782608695652,1.6956521739130432
9591,18,Lance STROLL,Aston Martin,107.184,294.79141666666663,411.17731965427805,12,65.1386143960257,343.0,3868.695123926778,1.661644797235272,60.7217452346239,52.44516442572493,0.9013985636373454,43.68478260869565,29.195652173913032,39.09782608695652,1.6956521739130432
9591,22,Yuki TSUNODA,RB,107.708,227.937,221.12076864597825,17,91.73070900156596,339.0,5577.57438306604,2.247637561423403,46.58097089475674,32.55078567957233,0.8585776769803986,43.68478260869565,29.195652173913032,39.09782608695652,1.6956521739130432
9591,23,Alexander ALBON,Williams,107.955,270.7682307692308,213.91990241250932,13,73.82569253199416,340.0,4503.824396565689,1.9196500890976835,49.66277876775204,45.01279766726065,0.8783951617257951,43.68478260869565,29.195652173913032,39.09782608695652,1.6956521739130432
9591,24,ZHOU Guanyu,Kick Sauber,109.052,250.4898,243.35648600005166,15,82.9698147848156,340.0,4811.002645931206,2.286192558993466,47.66537070036179,40.962686970138776,0.8532858145688212,43.68478260869565,29.195652173913032,39.09782608695652,1.6956521739130432
9591,27,Nico HULKENBERG,Haas F1 Team,107.135,220.59158823529413,209.47200905078375,17,87.43879259139263,336.0,5164.614018035531,2.300124196770884,45.579512932663754,34.04633079539932,0.830714401425563,43.68478260869565,29.195652173913032,39.09782608695652,1.6956521739130432
9591,31,Esteban OCON,Alpine,170.099,564.1455,394.04650000000004,2,13.009989740266754,330.0,904.4954911172309,0.3410551325665533,79.24612560073439,78.17873535288082,0.858955667152654,43.68478260869565,29.195652173913032,39.09782608695652,1.6956521739130432
9591,43,Franco COLAPINTO,Williams,107.901,258.60787500000004,244.25786404967474,8,53.24725957125115,345.0,3011.1442302500136,1.4487823316593769,60.3656784923592,54.02948323343593,0.8131648577136994,43.68478260869565,29.195652173913032,39.09782608695652,1.6956521739130432
9591,44,Lewis HAMILTON,Mercedes,105.859,252.27726666666663,249.71009129187303,15,91.46892380798099,350.0,5063.270802959123,2.6684486203358713,44.16739564771316,32.705869647389164,0.8394621739834764,43.68478260869565,29.195652173913032,39.09782608695652,1.6956521739130432
9591,50,Oliver BEARMAN,Haas F1 Team,106.973,198.9133157894737,172.02370504520368,19,100.32642151304066,336.0,5768.475673632485,2.6438252605432258,44.23813380852098,32.700469787785515,0.8425940925535936,43.68478260869565,29.195652173913032,39.09782608695652,1.6956521739130432
9591,55,Carlos SAINZ,Ferrari,106.173,219.10794117647058,198.64245097913118,17,91.91884011015713,338.0,5790.8734272908905,2.5670392569793186,60.46163399751607,48.05939845564016,0.9981100491387224,43.68478260869565,29.195652173913032,39.09782608695652,1.6956521739130432
9591,63,George RUSSELL,Mercedes,106.516,249.34873333333334,355.74799350822616,15,78.4298828230466,341.0,4777.924887952913,1.9461633997516063,48.24056374534262,36.40844538042011,0.8530158215886386,43.68478260869565,29.195652173913032,39.09782608695652,1.6956521739130432
9591,77,Valtteri BOTTAS,Kick Sauber,107.64,247.35046666666668,254.06688899601926,15,78.22787407527404,340.0,4492.5563475349645,2.085533776121821,52.341649117122955,42.31373184297208,0.8435660672822507,43.68478260869565,29.195652173913032,39.09782608695652,1.6956521739130432
9591,81,Oscar PIASTRI,McLaren,106.282,273.16278571428575,399.92290306385996,14,78.61709595550516,339.0,4629.2138884389005,1.9866083481829473,52.7121334845294,41.94675738430801,0.8623035801069172,43.68478260869565,29.195652173913032,39.09782608695652,1.6956521739130432
9592,1,Max VERSTAPPEN,Red Bull Racing,104.029,165.68373913043482,131.19241923393932,23,107.60618040089086,340.0,6013.208630289532,2.9037861915367484,43.52455456570156,25.751670378619153,0.8870267260579064,36.34878048780487,28.52926829268293,33.09756097560975,1.224390243902439
9592,3,Daniel RICCIARDO,RB,105.056,152.77236000000002,98.5752268509203,25,116.51698218262806,342.0,6715.808017817372,2.8092984409799553,48.294320712694876,25.07238307349666,0.8607461024498887,36.34878048780487,28.52926829268293,33.09756097560975,1.224390243902439
9592,4,Lando NORRIS,McLaren,105.156,155.170875,120.54461803529863,24,111.98758351893096,346.0,6619.533630289532,2.841815144766147,58.11130289532294,38.97706013363029,0.9693763919821826,36.34878048780487,28.52926829268293,33.09756097560975,1.224390243902439
9592,10,Pierre GASLY,Alpine,105.391,141.38538095238096,78.62621031090634,21,99.00038975501114,338.0,5683.2523385300665,2.492761692650334,68.01408685968819,48.09532293986637,0.989086859688196,36.34878048780487,28.52926829268293,33.09756097560975,1.224390243902439
9592,11,Sergio PEREZ,Red Bull Racing,103.49,170.6420909090909,163.45109393413207,22,103.18195991091314,343.0,5786.3835189309575,2.5287305122494432,44.04938752783964,25.90423162583519,0.9709354120267261,36.34878048780487,28.52926829268293,33.09756097560975,1.224390243902439
9592,14,Fernando ALONSO,Aston Martin,104.683,158.60508333333334,124.45403830294025,24,112.41525612472161,347.0,6450.984409799555,2.9001113585746103,53.21987750556793,36.39799554565702,0.945935412026726,36.34878048780487,28.52926829268293,33.09756097560975,1.224390243902439
9592,16,Charles LECLERC,Ferrari,103.484,198.3939473684211,315.27952623872204,19,89.7816258351893,342.0,5337.134966592427,2.590367483296214,65.3042873051225,51.283741648106904,0.9668151447661469,36.34878048780487,28.52926829268293,33.09756097560975,1.224390243902439
9592,18,Lance STROLL,Aston Martin,104.093,167.0064347826087,138.69899410588698,23,107.19855233853006,345.0,6056.988140311804,2.9156458797327396,55.44966592427617,40.002895322939864,0.9260579064587974,36.34878048780487,28.52926829268293,33.09756097560975,1.224390243902439
9592,22,Yuki TSUNODA,RB,104.645,166.26421739130436,137.17101195919372,23,107.47984409799554,338.0,6230.2924832962135,2.600445434298441,50.10707126948775,30.375055679287303,0.85913140311804,36.34878048780487,28.52926829268293,33.09756097560975,1.224390243902439
9592,23,Alexander ALBON,Williams,104.737,148.02108333333334,91.59371201030336,24,112.74615812917595,348.0,6490.975167037862,2.9515590200445434,55.47923162583519,39.7554565701559,0.9974387527839643,36.34878048780487,28.52926829268293,33.09756097560975,1.224390243902439
9592,24,ZHOU Guanyu,Kick Sauber,105.947,161.98645833333333,116.79252221888294,24,111.97110244988865,341.0,6207.502227171492,3.0297327394209352,48.80239420935412,33.505567928730514,0.8601893095768374,36.34878048780487,28.52926829268293,33.09756097560975,1.224390243902439
9592,27,Nico HULKENBERG,Haas F1 Team,104.475,161.35786956521738,137.32316922130434,23,108.11937639198219,341.0,5986.096325167038,2.7961581291759465,49.22477728285078,30.90846325167038,0.8366369710467706,36.34878048780487,28.52926829268293,33.09756097560975,1.224390243902439
9592,31,Esteban OCON,Alpine,105.81,150.14291304347825,83.39853504286984,23,108.11041202672605,340.0,6174.530233853006,2.794877505567929,54.0641425389755,35.76703786191537,0.9128062360801782,36.34878048780487,28.52926829268293,33.09756097560975,1.224390243902439
9592,43,Franco COLAPINTO,Williams,104.749,140.6495909090909,82.57177121569016,22,103.98619153674834,340.0,5907.537527839644,2.799944320712695,60.558685968819596,46.03229398663697,0.9972160356347439,36.34878048780487,28.52926829268293,33.09756097560975,1.224390243902439
9592,44,Lewis HAMILTON,Mercedes,103.55,178.17038095238095,130.85572983559894,21,98.68652561247217,343.0,5495.828897550111,2.7253897550111357,48.77004454342985,34.132516703786195,0.8484409799554565,36.34878048780487,28.52926829268293,33.09756097560975,1.224390243902439
9592,50,Oliver BEARMAN,Haas F1 Team,104.547,162.56126086956522,137.90823453114453,23,108.11152561247216,340.0,5946.02644766147,2.813084632516704,51.21074610244989,33.11291759465479,0.8571269487750557,36.34878048780487,28.52926829268293,33.09756097560975,1.224390243902439
9592,55,Carlos SAINZ,Ferrari,103.95,157.18895833333335,101.50429178015052,24,112.45250556792872,339.0,6651.863307349666,3.0866369710467705,61.890144766146996,42.358129175946544,0.998162583518931,36.34878048780487,28.52926829268293,33.09756097560975,1.224390243902439
9592,63,George RUSSELL,Mercedes,104.536,119.45473333333332,21.309432385578823,15,72.40729398663697,342.0,4411.569265033408,1.8640311804008909,60.63880846325167,47.48596881959911,0.8821269487750557,36.34878048780487,28.52926829268293,33.09756097560975,1.224390243902439
9592,77,Valtteri BOTTAS,Kick Sauber,104.785,164.53347826086957,147.32237257939966,23,107.74465478841871,344.0,5813.770601336303,2.841759465478842,55.303730512249444,36.62405345211581,0.8596325167037862,36.34878048780487,28.52926829268293,33.09756097560975,1.224390243902439
9592,81,Oscar PIASTRI,McLaren,103.983,159.22233333333335,121.22605948690332,24,112.39599109131403,344.0,6246.911525612472,2.848608017817372,47.93112472160357,29.935189309576838,0.8589086859688196,36.34878048780487,28.52926829268293,33.09756097560975,1.224390243902439
9593,1,Max VERSTAPPEN,Red Bull Racing,102.862,269.62978571428573,353.5529404807672,14,73.07024467245462,342.0,4336.3020069906415,1.8359454278949148,43.839722629383246,34.216258879242304,0.9906979366332168,31.889024390243897,26.991463414634143,39.40243902439025,0.7658536585365854
9593,3,Daniel RICCIARDO,RB,103.87,215.32113333333334,193.44849705657805,15,81.55470953186689,345.0,4992.497913141568,1.9774957698815567,34.83773265651438,21.32430908065426,0.7435984207557812,31.889024390243897,26.991463414634143,39.40243902439025,0.7658536585365854
9593,4,Lando NORRIS,McLaren,102.737,256.3783333333333,197.36173045676534,12,67.85911602209944,341.0,4146.987258991994,1.6532867290562634,37.51386853083775,29.231705942045327,0.7091554853985793,31.889024390243897,26.991463414634143,39.40243902439025,0.7658536585365854
9593,10,Pierre GASLY,Alpine,103.876,196.78966666666668,152.60518275784594,12,67.56421242530162,340.0,4657.1106099898525,2.168451911151201,65.74574360130792,54.62893223587778,0.9980832111850265,31.889024390243897,26.991463414634143,39.40243902439025,0.7658536585365854
9593,11,Sergio PEREZ,Red Bull Racing,103.024,273.62228571428574,365.8447291030579,14,72.13361145563198,342.0,4321.640883977901,1.8025707520577292,45.09753072499718,35.45315142631638,0.9980268350434096,31.889024390243897,26.991463414634143,39.40243902439025,0.7658536585365854
9593,14,Fernando ALONSO,Aston Martin,103.474,266.61884615384616,294.0910470441336,13,72.5043409629045,346.0,4351.467978351561,1.8605818017814861,61.4478520690044,52.587890404780694,0.9387755102040817,31.889024390243897,26.991463414634143,39.40243902439025,0.7658536585365854
9593,16,Charles LECLERC,Ferrari,102.527,220.81085714285715,190.78809226613444,14,76.87608524072613,341.0,4665.797835156162,1.9536588115909348,37.96183335212538,28.768294057954673,0.702897733679107,31.889024390243897,26.991463414634143,39.40243902439025,0.7658536585365854
9593,18,Lance STROLL,Aston Martin,103.571,214.68970588235294,213.84054998657427,17,85.90314578870222,348.0,5184.682771451122,2.2123689254707406,49.92231367685196,40.048483481790505,0.911771338369602,31.889024390243897,26.991463414634143,39.40243902439025,0.7658536585365854
9593,22,Yuki TSUNODA,RB,103.503,250.5387333333333,263.2977088664634,15,77.56308490246927,346.0,4876.160841132033,1.8517871236892547,52.02813169466682,40.45867628819484,0.8619912053219078,31.889024390243897,26.991463414634143,39.40243902439025,0.7658536585365854
9593,23,Alexander ALBON,Williams,103.194,198.9175454545455,141.0658000079548,11,63.314635246363736,347.0,3965.7275904837074,1.66072837974969,54.22370052993573,48.667268012177246,0.867854324050062,31.889024390243897,26.991463414634143,39.40243902439025,0.7658536585365854
9593,24,ZHOU Guanyu,Kick Sauber,104.869,220.76835294117646,179.56760342193957,17,91.55259894012853,345.0,5292.384541661969,2.5363062352012626,45.36108918705604,35.89965046792197,0.8617657007554403,31.889024390243897,26.991463414634143,39.40243902439025,0.7658536585365854
9593,27,Nico HULKENBERG,Haas F1 Team,104.164,194.56054545454546,145.79681059509662,11,59.66986131469162,346.0,4222.952700417183,1.6761190664110948,67.24551809674146,58.37659262600068,0.9537151877325516,31.889024390243897,26.991463414634143,39.40243902439025,0.7658536585365854
9593,31,Esteban OCON,Alpine,,,,0,3.1975983763671216,293.0,227.1624196639982,0.7822753410756568,69.99306573458112,69.81440974179728,0.702897733679107,31.889024390243897,26.991463414634143,39.40243902439025,0.7658536585365854
9593,43,Franco COLAPINTO,Williams,103.238,179.3756923076923,109.99147222285679,13,68.32425267907502,344.0,4138.287648054145,1.8681331077270165,54.44619289340101,45.94517766497462,0.8653130287648054,31.889024390243897,26.991463414634143,39.40243902439025,0.7658536585365854
9593,44,Lewis HAMILTON,Mercedes,103.301,176.17000000000002,132.05914289989371,11,63.437253354380424,345.0,3853.4930657345813,1.7696470853534785,64.96076220543466,55.476603901229,0.9562521141053106,31.889024390243897,26.991463414634143,39.40243902439025,0.7658536585365854
9593,50,Oliver BEARMAN,Haas F1 Team,,,,0,4.524252679075014,341.0,834.1671742808799,0.12047377326565144,73.99289340101522,73.64737732656515,0.7794698251551043,31.889024390243897,26.991463414634143,39.40243902439025,0.7658536585365854
9593,55,Carlos SAINZ,Ferrari,102.968,224.16692857142857,190.66753202609894,14,77.34705152779344,343.0,5473.238076446048,1.986413349870335,59.30262712819935,48.0845642124253,0.9737287180065396,31.889024390243897,26.991463414634143,39.40243902439025,0.7658536585365854
9593,63,George RUSSELL,Mercedes,102.514,156.4213076923077,107.31114095820378,13,67.8105197880257,348.0,4044.411714962228,1.6883526891419551,28.785939790280754,16.617657007554403,0.5900326981621378,31.889024390243897,26.991463414634143,39.40243902439025,0.7658536585365854
9593,77,Valtteri BOTTAS,Kick Sauber,104.187,248.5632666666666,205.57560388997737,15,81.60818581576277,344.0,4860.0674258653735,2.1809110384485284,48.764685984891194,38.514601420678765,0.8549441876197993,31.889024390243897,26.991463414634143,39.40243902439025,0.7658536585365854
9593,81,Oscar PIASTRI,McLaren,102.749,218.2186363636364,203.41078592805192,11,63.29941368812718,346.0,3777.859003269816,1.6009696696358102,39.661855902582026,31.390235652271958,0.690100349532078,31.889024390243897,26.991463414634143,39.40243902439025,0.7658536585365854
9594,1,Max VERSTAPPEN,Red Bull Racing,102.023,192.01188888888888,138.1479596804692,18,93.91712803776444,343.0,5186.057753948366,2.3943703012996096,36.20782096858791,21.614779416049885,0.891368960895157,36.74871794871795,27.024358974358975,36.51282051282051,1.4166666666666667
9594,3,Daniel RICCIARDO,RB,103.547,124.94987499999999,20.117083029340385,8,42.068302348621714,347.0,2573.0828719622355,1.01427822134157,73.09219651494843,64.65062066553995,0.8931173145288187,36.74871794871795,27.024358974358975,36.51282051282051,1.4166666666666667
9594,4,Lando NORRIS,McLaren,103.609,149.34966666666665,68.28456603720117,6,32.863453581211026,341.0,1954.45585407075,1.3847543563144706,70.56774870330439,66.39034908794218,0.8279037239932397,36.74871794871795,27.024358974358975,36.51282051282051,1.4166666666666667
9594,10,Pierre GASLY,Alpine,103.088,167.8059285714286,106.28890544942945,14,71.01701730870097,342.0,4447.581852089283,1.8038347223031646,63.54694329506381,50.957515006702025,0.9535520717990559,36.74871794871795,27.024358974358975,36.51282051282051,1.4166666666666667
9594,11,Sergio PEREZ,Red Bull Racing,101.813,264.9298461538462,330.2917117045863,13,70.62888280202809,342.0,4042.5316743399967,1.73932047322105,55.386560988402586,44.036598869397984,0.9983099248207937,36.74871794871795,27.024358974358975,36.51282051282051,1.4166666666666667
9594,14,Fernando ALONSO,Aston Martin,102.369,203.02523529411766,145.05549098900835,17,88.99632845736932,346.0,5152.48423567807,2.307127454979894,47.040911475027684,35.73658138586165,0.8469607786001515,36.74871794871795,27.024358974358975,36.51282051282051,1.4166666666666667
9594,16,Charles LECLERC,Ferrari,101.365,188.64327777777777,173.8263245160415,18,94.08479515123258,345.0,5814.655632612623,2.393263010664957,59.24069001690075,45.50451658022029,0.9980185325485168,36.74871794871795,27.024358974358975,36.51282051282051,1.4166666666666667
9594,18,Lance STROLL,Aston Martin,103.37,177.67769230769233,121.90948970848106,13,65.88594906463081,344.0,3870.7856518445133,1.680983740311207,56.545952561338076,47.49414301532723,0.84672766478233,36.74871794871795,27.024358974358975,36.51282051282051,1.4166666666666667
9594,22,Yuki TSUNODA,RB,103.035,157.02079999999998,82.22858266499146,15,75.22320648056413,350.0,4563.555685063232,1.8378110612506557,54.12121918526721,42.1092138236494,0.8918934669852555,36.74871794871795,27.024358974358975,36.51282051282051,1.4166666666666667
9594,23,Alexander ALBON,Williams,102.84,202.07341176470592,144.89538209223224,17,89.2968121685413,349.0,5275.1673174427415,2.380033801503584,42.51669677720147,35.23771781572353,0.8939332128911941,36.74871794871795,27.024358974358975,36.51282051282051,1.4166666666666667
9594,24,ZHOU Guanyu,Kick Sauber,104.246,133.3411111111111,34.9088639346782,9,46.95553353925054,344.0,2551.9895681566527,1.2846319715601142,71.03112069467917,64.62637682848651,0.891368960895157,36.74871794871795,27.024358974358975,36.51282051282051,1.4166666666666667
9594,27,Nico HULKENBERG,Haas F1 Team,103.101,184.45584615384615,122.79136157466837,13,66.45037589603123,344.0,3810.914272393496,1.7315694387784837,60.3623754298036,49.394020630572875,0.8929424791654526,36.74871794871795,27.024358974358975,36.51282051282051,1.4166666666666667
9594,31,Esteban OCON,Alpine,104.504,148.405,43.71543590083485,7,37.37222448860656,344.0,2450.5289935310916,1.0027973658138587,68.66478232997261,63.36056879771549,0.8939332128911941,36.74871794871795,27.024358974358975,36.51282051282051,1.4166666666666667
9594,43,Franco COLAPINTO,Williams,102.473,192.75594444444448,141.42075453666317,18,93.93531091555452,342.0,5500.508246401306,2.559298327408357,42.64432659245877,29.36138469607786,0.893466985255551,36.74871794871795,27.024358974358975,36.51282051282051,1.4166666666666667
9594,44,Lewis HAMILTON,Mercedes,102.289,171.72034999999997,115.18066879658018,20,103.89882860306545,344.0,5976.76834314354,2.8598403170347924,51.97301707558716,37.09819919575733,0.9980768110029722,36.74871794871795,27.024358974358975,36.51282051282051,1.4166666666666667
9594,50,Oliver BEARMAN,Haas F1 Team,102.968,179.76892307692304,120.08189788733709,13,66.20397459059386,339.0,3939.3040969753483,1.7389125240398624,57.42094527653126,47.348913106824405,0.8931173145288187,36.74871794871795,27.024358974358975,36.51282051282051,1.4166666666666667
9594,55,Carlos SAINZ,Ferrari,101.805,161.13619047619045,105.82375102369801,21,108.0805991025118,346.0,6538.941138761,3.0871262894108047,49.264525904773,32.74479864793986,0.998193367911883,36.74871794871795,27.024358974358975,36.51282051282051,1.4166666666666667
9594,63,George RUSSELL,Mercedes,101.874,192.34594444444443,150.65240352748452,18,94.35252637100064,348.0,5704.881927851274,2.4038114109213824,55.794335334226936,39.72935485750918,0.9983099248207937,36.74871794871795,27.024358974358975,36.51282051282051,1.4166666666666667
9594,77,Valtteri BOTTAS,Kick Sauber,103.618,159.55183333333332,83.75886272989598,6,32.80622413893583,347.0,1962.5115682732094,0.8516230549565825,75.09190512267615,70.13532257124541,0.8918934669852555,36.74871794871795,27.024358974358975,36.51282051282051,1.4166666666666667
9594,81,Oscar PIASTRI,McLaren,101.686,198.13670588235294,143.06483847738605,17,89.6868698642112,343.0,5227.13264176234,2.266973599860132,44.04557375138411,30.8880470889912,0.8276706101754181,36.74871794871795,27.024358974358975,36.51282051282051,1.4166666666666667
9598,1,Max VERSTAPPEN,Red Bull Racing,106.798,110.89309803921569,9.495444844466734,51,134.1282966785682,352.0,7099.067148729335,3.385070059107684,41.865282486723274,17.981337573884606,0.23817096222508927,44.34934210526316,26.70592105263158,38.01973684210526,1.5513157894736842
9598,3,Daniel RICCIARDO,RB,108.38,112.26101960784314,10.191763565165893,51,133.0980527468571,346.0,7206.235200576075,3.2701851240661286,43.15196975606829,16.58615620030604,0.20294638302979387,44.34934210526316,26.70592105263158,38.01973684210526,1.5513157894736842
9598,4,Lando NORRIS,McLaren,105.255,110.08878431372548,7.125465418066925,51,134.37600888115455,346.0,7241.304719613549,3.32590236730775,41.48216268114855,17.222238891055838,0.20225629331813136,44.34934210526316,26.70592105263158,38.01973684210526,1.5513157894736842
9598,10,Pierre GASLY,Alpine,108.018,111.67788235294118,9.282879258047714,51,131.58504605598728,346.0,7056.977167031714,3.305949773470551,43.010621380779504,15.827057517477272,0.20039605148669326,44.34934210526316,26.70592105263158,38.01973684210526,1.5513157894736842
9598,11,Sergio PEREZ,Red Bull Racing,107.013,108.60353061224491,2.682889678047366,49,125.59371718323382,347.0,6706.245221878844,3.298718833448348,40.50763599267905,16.0670887215338,0.40685289087581383,44.34934210526316,26.70592105263158,38.01973684210526,1.5513157894736842
9598,14,Fernando ALONSO,Aston Martin,107.057,111.05733333333333,8.495132150910775,51,133.33787392361006,347.0,7222.399201896246,3.3563263224219146,40.662396111494495,17.118665426505444,0.20654685109064178,44.34934210526316,26.70592105263158,38.01973684210526,1.5513157894736842
9598,16,Charles LECLERC,Ferrari,107.067,109.59588235294119,7.004723257040767,51,134.7677998139758,349.0,7206.740556272315,3.4620900717093224,47.062048066248614,21.033814395871463,0.3866302619340514,44.34934210526316,26.70592105263158,38.01973684210526,1.5513157894736842
9598,18,Lance STROLL,Aston Martin,108.148,111.14484444444444,5.15456338901347,45,117.67286747277146,348.0,6367.887725404303,3.001050136517747,45.78457199435927,24.44249752467821,0.24057127426565453,44.34934210526316,26.70592105263158,38.01973684210526,1.5513157894736842
9598,22,Yuki TSUNODA,RB,110.887,115.93864285714287,6.651776750904793,14,43.093102103273424,329.0,2559.591646914099,1.0417654295058358,61.41270365147469,54.84773020492664,0.17144228749737467,44.34934210526316,26.70592105263158,38.01973684210526,1.5513157894736842
9598,23,Alexander ALBON,Williams,106.947,111.09305882352943,8.564660618281598,51,133.82195685439106,349.0,7083.100333043296,3.51078640223229,40.37858921659816,19.14848930360947,0.19748567313750787,44.34934210526316,26.70592105263158,38.01973684210526,1.5513157894736842
9598,24,ZHOU Guanyu,Kick Sauber,107.644,112.29813725490197,8.741997230003932,51,133.1554502085271,347.0,7057.828077650094,3.4631102043265622,50.74628701731225,27.79537339854181,0.36523748087251345,44.34934210526316,26.70592105263158,38.01973684210526,1.5513157894736842
9598,27,Nico HULKENBERG,Haas F1 Team,107.691,111.21443137254902,8.302492347871615,51,133.91895946473042,349.0,7128.1556902397315,3.454409073179513,43.40097212637643,17.31273065498515,0.3538960064808425,44.34934210526316,26.70592105263158,38.01973684210526,1.5513157894736842
9598,31,Esteban OCON,Alpine,108.831,111.68126530612246,7.998302227438606,49,129.67391760928922,349.0,6936.793663176213,3.3328632722253895,65.00045005850761,40.16130096912599,0.13588766539650154,44.34934210526316,26.70592105263158,38.01973684210526,1.5513157894736842
9598,43,Franco COLAPINTO,Williams,107.274,111.13825490196078,7.861717167221035,51,133.96543550661585,346.0,6965.532869273005,3.5932371208257075,39.94662306099793,18.36250712592637,0.1883044795823457,44.34934210526316,26.70592105263158,38.01973684210526,1.5513157894736842
9598,44,Lewis HAMILTON,Mercedes,107.236,110.89407999999999,8.131618829827183,50,131.193255123166,357.0,6847.095202376309,3.511686519247502,56.58942662546131,32.533229319811575,0.21086741276365928,44.34934210526316,26.70592105263158,38.01973684210526,1.5513157894736842
9598,50,Oliver BEARMAN,Haas F1 Team,107.048,111.20464705882353,8.090507521402095,51,133.93177113024694,350.0,7134.077950133517,3.4699210897416664,42.92859071679318,19.590506765879564,0.3587266344624801,44.34934210526316,26.70592105263158,38.01973684210526,1.5513157894736842
9598,55,Carlos SAINZ,Ferrari,106.866,108.61579591836733,2.848586452027957,49,128.25125266284618,351.0,6690.165141468391,3.458789642653545,49.306219808575115,23.02115274985748,0.3508356086291218,44.34934210526316,26.70592105263158,38.01973684210526,1.5513157894736842
9598,63,George RUSSELL,Mercedes,106.628,109.99474509803922,6.981749426373883,51,134.157040415254,358.0,7151.631522097873,3.5012751657715504,42.06258813645774,15.753007891025833,0.18995469411023433,44.34934210526316,26.70592105263158,38.01973684210526,1.5513157894736842
9598,77,Valtteri BOTTAS,Kick Sauber,108.418,112.07667999999998,7.15333628299411,50,132.10387350355546,340.0,6947.421524798224,3.528548711332473,49.910768399891985,26.24933241321372,0.3519457529478832,44.34934210526316,26.70592105263158,38.01973684210526,1.5513157894736842
9598,81,Oscar PIASTRI,McLaren,107.06,109.38215686274508,6.665580169422758,51,134.87962435116566,342.0,7150.853760988928,3.4220348645323893,42.22031864142338,15.611149449428426,0.2093372138377989,44.34934210526316,26.70592105263158,38.01973684210526,1.5513157894736842
9599,1,Max VERSTAPPEN,Red Bull Racing,92.097,178.9523333333333,154.17788594944892,21,83.08859674192627,310.0,5273.864704201201,2.0649899971420407,38.33118033723921,28.680194341240355,0.9004286939125464,37.114999999999995,31.35,64.4375,2.44875
9599,3,Daniel RICCIARDO,RB,92.375,195.6283684210526,216.82434186934543,19,79.27487853672478,308.0,5181.290482995141,1.8712775078593884,53.17953701057445,37.722549299799944,0.888196627607888,37.114999999999995,31.35,64.4375,2.44875
9599,4,Lando NORRIS,McLaren,91.839,152.96966666666665,130.85730281387518,24,94.2660760217205,306.0,5886.44887110603,2.3130608745355814,43.572677907973706,32.28876821949128,0.8529865675907402,37.114999999999995,31.35,64.4375,2.44875
9599,10,Pierre GASLY,Alpine,92.694,142.6168076923077,118.7056126769138,26,101.96256073163761,308.0,6406.962732209203,2.570105744498428,41.858759645613034,25.078708202343527,0.8575021434695628,37.114999999999995,31.35,64.4375,2.44875
9599,11,Sergio PEREZ,Red Bull Racing,92.767,178.17866666666666,177.86473301154965,21,82.83400971706202,313.0,5347.874592740783,2.0257216347527867,44.19662760788797,33.34232637896542,0.9163761074592741,37.114999999999995,31.35,64.4375,2.44875
9599,14,Fernando ALONSO,Aston Martin,92.61,150.21276,123.15918116657971,25,97.8076593312375,311.0,5913.762960845956,2.6099456987710776,49.55330094312661,35.90945984567019,0.9251214632752215,37.114999999999995,31.35,64.4375,2.44875
9599,16,Charles LECLERC,Ferrari,91.763,149.68844,92.06863720858695,25,98.51671906258932,312.0,6402.576050300086,2.4401829094026866,41.957187767933696,28.858073735352956,0.8667047727922264,37.114999999999995,31.35,64.4375,2.44875
9599,18,Lance STROLL,Aston Martin,92.778,185.55814999999998,261.6574938753474,20,78.86407545012861,313.0,5016.317576450414,2.0555015718776795,51.10088596741926,42.42515004286939,0.9059731351814804,37.114999999999995,31.35,64.4375,2.44875
9599,20,Kevin MAGNUSSEN,Haas F1 Team,93.377,186.15314999999998,200.75847761483823,20,79.28796799085453,311.0,5001.466133180908,2.088882537867962,49.75021434695628,37.414575593026576,0.8533295227207773,37.114999999999995,31.35,64.4375,2.44875
9599,22,Yuki TSUNODA,RB,92.263,151.3862,110.79340572434805,25,98.26727636467562,309.0,6384.360560160046,2.34095455844527,44.54712775078594,26.426064589882824,0.8689911403258074,37.114999999999995,31.35,64.4375,2.44875
9599,23,Alexander ALBON,Williams,92.451,149.603875,112.76363991158398,24,94.14261217490711,308.0,5860.180337239211,2.442526436124607,40.36896256073164,30.77725064304087,0.8192054872820806,37.114999999999995,31.35,64.4375,2.44875
9599,24,ZHOU Guanyu,Kick Sauber,93.585,165.21054545454544,159.50255378882503,22,90.60948842526436,308.0,5347.96936267505,2.532152043440983,48.606401829094025,38.8529294084024,0.8709917119176908,37.114999999999995,31.35,64.4375,2.44875
9599,27,Nico HULKENBERG,Haas F1 Team,93.797,160.48778260869565,147.22365347319777,23,91.09225492998,311.0,5493.1644469848525,2.4381251786224634,46.22314947127751,33.42692197770792,0.8394969991426122,37.114999999999995,31.35,64.4375,2.44875
9599,31,Esteban OCON,Alpine,92.615,143.57776923076923,123.37826384999528,26,101.89894255501572,313.0,6283.350328665333,2.6287510717347815,43.388511003143755,27.1689054015433,0.8600171477565018,37.114999999999995,31.35,64.4375,2.44875
9599,43,Franco COLAPINTO,Williams,92.618,150.16958333333335,113.56963914375645,24,94.24315518719634,308.0,5708.233266647613,2.546270362960846,41.006230351529005,30.645327236353243,0.8253786796227494,37.114999999999995,31.35,64.4375,2.44875
9599,44,Lewis HAMILTON,Mercedes,92.679,163.11513043478263,156.6608692714809,23,90.62640754501287,311.0,5514.509059731352,2.4464704201200345,48.02160617319234,34.294827093455275,0.8700771649042583,37.114999999999995,31.35,64.4375,2.44875
9599,55,Carlos SAINZ,Ferrari,91.952,146.2640769230769,92.33072859268265,26,102.00177193483853,311.0,6626.324092597885,2.6221206058873965,55.62669334095456,41.98708202343527,0.9979422692197771,37.114999999999995,31.35,64.4375,2.44875
9599,63,George RUSSELL,Mercedes,93.334,156.79408695652174,153.93523887404675,23,94.74358388110889,312.0,5796.0619034009715,2.4521291797656475,48.23978279508431,32.68499571306087,0.8704772792226351,37.114999999999995,31.35,64.4375,2.44875
9599,77,Valtteri BOTTAS,Kick Sauber,93.485,156.16233333333332,131.6744303726894,24,94.42640754501286,310.0,5714.100428693912,2.514718490997428,49.201486138896826,36.32535010002858,0.868190911689054,37.114999999999995,31.35,64.4375,2.44875
9599,81,Oscar PIASTRI,McLaren,92.369,127.96575,72.77124780047062,24,94.45630180051444,309.0,6144.640068591026,2.3999428408116605,41.856987710774504,30.006287510717346,0.8353815375821664,37.114999999999995,31.35,64.4375,2.44875
9600,1,Max VERSTAPPEN,Red Bull Racing,92.021,164.36169565217392,142.74561718100364,23,87.30963201064066,316.0,5363.492573708712,2.184050099756152,31.784914653070274,21.824207492795388,0.8717579250720461,32.95000000000001,30.181707317073165,73.98780487804878,1.6597560975609755
9600,3,Daniel RICCIARDO,RB,91.478,152.40804,139.77414451849953,25,94.6688649966748,311.0,5945.275936599423,2.2474506761250277,46.789403679893596,28.186433163378407,0.8403347373088007,32.95000000000001,30.181707317073165,73.98780487804878,1.6597560975609755
9600,4,Lando NORRIS,McLaren,90.727,142.94253846153848,110.36666859512876,26,98.66360008867214,314.0,6394.012635779206,2.5180669474617603,57.612890711593884,45.676790068720905,0.9982265573043672,32.95000000000001,30.181707317073165,73.98780487804878,1.6597560975609755
9600,10,Pierre GASLY,Alpine,92.222,145.4777307692308,106.74395176400743,26,98.80270450011083,312.0,6178.852582575925,2.462425182886278,43.171081800044334,26.719352693416095,0.842884061183773,32.95000000000001,30.181707317073165,73.98780487804878,1.6597560975609755
9600,11,Sergio PEREZ,Red Bull Racing,91.598,154.96558333333334,113.9391583086183,24,90.71852139215251,315.0,5710.371591664819,2.22628020394591,45.73298603413877,32.57282199068943,0.9771669252937264,32.95000000000001,30.181707317073165,73.98780487804878,1.6597560975609755
9600,14,Fernando ALONSO,Aston Martin,91.75,152.70354166666667,122.03663703610323,24,90.77660164043449,317.0,5570.55348038129,2.4344934604300597,46.407503879405894,34.373531367767676,0.9007980492130349,32.95000000000001,30.181707317073165,73.98780487804878,1.6597560975609755
9600,16,Charles LECLERC,Ferrari,90.785,136.6011851851852,78.40166563897547,27,102.10496563954777,314.0,6768.4568277543785,2.5768676568388384,57.25897805364664,42.0512081578364,0.9981711372201286,32.95000000000001,30.181707317073165,73.98780487804878,1.6597560975609755
9600,18,Lance STROLL,Aston Martin,91.957,155.8085,125.20793319481265,24,90.76679228552428,317.0,5613.074484593217,2.3898802926180447,42.47844158723121,31.764132121480824,0.8305253823985812,32.95000000000001,30.181707317073165,73.98780487804878,1.6597560975609755
9600,20,Kevin MAGNUSSEN,Haas F1 Team,91.793,147.48832,110.47467715009445,25,94.95256040789182,318.0,5894.430780314786,2.4919640877854135,41.27067169142097,26.30835734870317,0.8312458434936821,32.95000000000001,30.181707317073165,73.98780487804878,1.6597560975609755
9600,22,Yuki TSUNODA,RB,91.468,141.18133333333333,102.29784899552439,27,102.12414098869431,310.0,6356.302704500111,2.4737863001551763,44.575648414985594,25.868100199512302,0.8431611616049657,32.95000000000001,30.181707317073165,73.98780487804878,1.6597560975609755
9600,23,Alexander ALBON,Williams,91.65,150.28936000000002,100.42639129228134,25,94.73193305253824,310.0,5883.772112613611,2.454666371092884,41.661992906229216,31.184216360008868,0.8428286410995345,32.95000000000001,30.181707317073165,73.98780487804878,1.6597560975609755
9600,24,ZHOU Guanyu,Kick Sauber,92.359,155.03848,133.60053437501514,25,94.69363777432942,311.0,5629.39919086677,2.5807470627355356,46.661826645976504,33.912879627577034,0.8413322988250942,32.95000000000001,30.181707317073165,73.98780487804878,1.6597560975609755
9600,27,Nico HULKENBERG,Haas F1 Team,91.667,147.14452,118.08097543469735,25,95.12148082465086,318.0,5746.039569940146,2.5235535358013745,42.36067390822434,26.4797162491687,0.8249833739747284,32.95000000000001,30.181707317073165,73.98780487804878,1.6597560975609755
9600,31,Esteban OCON,Alpine,92.119,146.95780769230765,120.93192366305777,26,98.3099645311461,313.0,6057.741465307027,2.523221015295943,44.84643094657504,29.282420749279538,0.8433274218576812,32.95000000000001,30.181707317073165,73.98780487804878,1.6597560975609755
9600,43,Franco COLAPINTO,Williams,92.057,150.29536000000002,109.85968954548525,25,94.74118820660607,313.0,5750.946353358457,2.570660607404123,41.575482154732875,29.811128352915098,0.8431057415207271,32.95000000000001,30.181707317073165,73.98780487804878,1.6597560975609755
9600,44,Lewis HAMILTON,Mercedes,91.709,160.49249999999998,133.18190246383463,22,87.80774772777654,314.0,5434.830968743073,2.399578807359787,58.967523830636225,47.46730215029927,0.9981157171358901,32.95000000000001,30.181707317073165,73.98780487804878,1.6597560975609755
9600,55,Carlos SAINZ,Ferrari,91.356,141.38542307692308,83.20069642005735,26,98.49113278652183,316.0,6669.639547772113,2.6812236754599867,56.53569053424961,42.105963201064064,0.9980602970516516,32.95000000000001,30.181707317073165,73.98780487804878,1.6597560975609755
9600,63,George RUSSELL,Mercedes,91.488,146.08237499999998,92.86863144509225,24,91.41027488361782,313.0,5901.286965196187,2.3854466858789625,53.55913322988251,39.5792507204611,0.9981711372201286,32.95000000000001,30.181707317073165,73.98780487804878,1.6597560975609755
9600,77,Valtteri BOTTAS,Kick Sauber,92.786,153.44496,126.36347652845896,25,94.7263910441144,314.0,5677.381622700066,2.5349146530702726,46.027599201950785,33.68876080691643,0.8403901573930392,32.95000000000001,30.181707317073165,73.98780487804878,1.6597560975609755
9600,81,Oscar PIASTRI,McLaren,91.474,144.45203846153848,101.68212971937474,26,98.25060962092662,311.0,6548.818443804034,2.4733983595655067,46.70156284637552,34.07027266681445,0.9402571491908668,32.95000000000001,30.181707317073165,73.98780487804878,1.6597560975609755
9601,1,Max VERSTAPPEN,Red Bull Racing,90.54,186.42406666666662,173.13410040022606,15,57.776370160939535,316.0,3673.894084384515,1.4610156589821661,46.75956937799043,40.1267942583732,0.9145824271422358,37.0670731707317,30.06219512195122,75.13414634146342,0.4817073170731707
9601,3,Daniel RICCIARDO,RB,91.561,167.50099999999998,168.71838472399799,16,61.13549369290996,310.0,4055.520552414093,1.4298608090474119,33.87918660287081,22.464332318399304,0.6215745976511526,37.0670731707317,30.06219512195122,75.13414634146342,0.4817073170731707
9601,4,Lando NORRIS,McLaren,89.646,191.8617333333333,190.3191515468921,15,57.66588734232275,315.0,4231.127392344498,1.4385602435841671,68.1422901261418,63.599173553719005,0.997879512831666,37.0670731707317,30.06219512195122,75.13414634146342,0.4817073170731707
9601,10,Pierre GASLY,Alpine,91.367,147.3862380952381,130.32764483514862,21,79.07389082209656,313.0,4990.8738038277515,1.9661265767725098,34.762124836885604,21.80404523705959,0.6920943888647237,37.0670731707317,30.06219512195122,75.13414634146342,0.4817073170731707
9601,11,Sergio PEREZ,Red Bull Racing,91.44,219.79550000000003,250.65838597118304,14,53.948129621574594,314.0,3544.0588842975208,1.349608525445846,44.25560026098304,36.51979121357112,0.9383427577207482,37.0670731707317,30.06219512195122,75.13414634146342,0.4817073170731707
9601,14,Fernando ALONSO,Aston Martin,91.082,173.22674999999995,128.1416610076032,20,82.22335798173118,316.0,5090.0996628969115,2.22776207046542,49.620541539799916,39.099173553719005,0.915887342322749,37.0670731707317,30.06219512195122,75.13414634146342,0.4817073170731707
9601,16,Charles LECLERC,Ferrari,90.559,158.9798947368421,108.4205150988719,19,72.40664419312745,316.0,5302.461287516311,1.8186167899086558,59.7977925184863,50.33884297520661,0.9877664201826881,37.0670731707317,30.06219512195122,75.13414634146342,0.4817073170731707
9601,18,Lance STROLL,Aston Martin,91.719,166.9304285714286,105.49713976378759,21,85.58987603305785,317.0,5417.086559373641,2.2955089169204004,43.536320139190956,34.90017398869073,0.8823945193562418,37.0670731707317,30.06219512195122,75.13414634146342,0.4817073170731707
9601,20,Kevin MAGNUSSEN,Haas F1 Team,91.265,210.4886923076923,264.86559086025403,13,50.561548499347545,318.0,3789.7561983471073,1.3397129186602872,54.04980426272292,47.084384515006526,0.8377555458895172,37.0670731707317,30.06219512195122,75.13414634146342,0.4817073170731707
9601,22,Yuki TSUNODA,RB,91.114,201.84980000000002,192.16722565765474,15,57.53148107872988,310.0,3960.992116137451,1.3882666376685515,35.44638973466725,25.38734232274902,0.686820356676816,37.0670731707317,30.06219512195122,75.13414634146342,0.4817073170731707
9601,23,Alexander ALBON,Williams,90.949,229.11183333333335,210.38463942298372,12,47.496030882992606,312.0,3288.559754240974,1.2181383210091343,59.751631143975644,56.84754240974337,0.8983797303175294,37.0670731707317,30.06219512195122,75.13414634146342,0.4817073170731707
9601,24,ZHOU Guanyu,Kick Sauber,92.652,170.11711764705882,143.6303925640524,17,68.36358199217051,313.0,4292.897237929535,1.9892344497607655,31.238636363636363,25.309047411918225,0.6866572422792518,37.0670731707317,30.06219512195122,75.13414634146342,0.4817073170731707
9601,27,Nico HULKENBERG,Haas F1 Team,91.187,218.55246153846153,323.06302845006184,13,50.534525880817746,318.0,3638.0143540669856,1.376739886907351,55.11129839060461,48.093736407133534,0.8534145280556764,37.0670731707317,30.06219512195122,75.13414634146342,0.4817073170731707
9601,31,Esteban OCON,Alpine,91.559,164.37721052631582,181.21869973237455,19,71.89674858634189,314.0,4984.913658112223,2.246357111787734,61.535069595476294,50.891692040017396,0.9909743366681165,37.0670731707317,30.06219512195122,75.13414634146342,0.4817073170731707
9601,43,Franco COLAPINTO,Williams,90.989,190.11646153846155,130.73769000419557,13,54.83329708568943,313.0,3816.099608525446,1.5208242714223577,52.76196172248804,47.60635058721183,0.8913658112222705,37.0670731707317,30.06219512195122,75.13414634146342,0.4817073170731707
9601,44,Lewis HAMILTON,Mercedes,90.864,170.17441176470587,105.1531295716528,17,68.71650717703349,317.0,4653.547792518486,1.799206176598521,58.77903436276642,50.94388864723793,0.9946715963462375,37.0670731707317,30.06219512195122,75.13414634146342,0.4817073170731707
9601,55,Carlos SAINZ,Ferrari,90.807,161.49194736842105,94.48441723289262,19,72.18486298390604,315.0,4854.636363636364,1.817257503262288,61.508427577207485,51.496955197912136,0.9909743366681165,37.0670731707317,30.06219512195122,75.13414634146342,0.4817073170731707
9601,63,George RUSSELL,Mercedes,90.125,169.02241176470588,107.71467547185443,17,68.87576120052196,314.0,4778.599771639843,1.716289691170074,56.151370160939535,46.60439321444106,0.9647129186602871,37.0670731707317,30.06219512195122,75.13414634146342,0.4817073170731707
9601,77,Valtteri BOTTAS,Kick Sauber,92.098,189.25775,180.17683594648759,16,61.36499565028273,314.0,3825.529958677686,1.6487603305785123,41.48222053066551,33.53392779469335,0.6888321009134406,37.0670731707317,30.06219512195122,75.13414634146342,0.4817073170731707
9601,81,Oscar PIASTRI,McLaren,90.431,199.41446666666667,174.41060862874394,15,57.73477598956068,315.0,4232.939702044368,1.489723792953458,56.78104610700304,50.83144845585037,0.9425837320574163,37.0670731707317,30.06219512195122,75.13414634146342,0.4817073170731707
9602,1,Max VERSTAPPEN,Red Bull Racing,89.68,273.49600000000004,331.14795905697497,15,57.302911208151386,317.0,3560.57166424066,1.4727316836487143,44.86331877729258,39.33934983017952,0.9105288694808346,31.96344086021505,29.43333333333332,79.03225806451613,1.3580645161290321
9602,3,Daniel RICCIARDO,RB,91.085,150.3406,66.58316831632452,5,18.899272197962155,312.0,1271.1467248908298,0.4404172731683649,71.83532265890345,68.36545366327026,0.8131489568170791,31.96344086021505,29.43333333333332,79.03225806451613,1.3580645161290321
9602,4,Lando NORRIS,McLaren,89.525,328.55184615384616,357.6946651325457,13,51.22037845705968,316.0,3453.3450752062104,1.238282387190684,53.024502668607475,49.500048520135856,0.8488112566715187,31.96344086021505,29.43333333333332,79.03225806451613,1.3580645161290321
9602,10,Pierre GASLY,Alpine,91.312,141.5305,65.83636531583439,8,28.696215429403203,315.0,2319.1902959728286,0.712372634643377,83.49893255701116,79.27025715672004,0.9985443959243085,31.96344086021505,29.43333333333332,79.03225806451613,1.3580645161290321
9602,11,Sergio PEREZ,Red Bull Racing,90.579,184.04415384615385,135.43393601869064,13,44.53541969917516,319.0,2880.0852498787,1.0905385735080058,62.16293061620573,56.18495875788452,0.9983988355167395,31.96344086021505,29.43333333333332,79.03225806451613,1.3580645161290321
9602,14,Fernando ALONSO,Aston Martin,90.214,292.0848571428571,337.17605197981345,14,54.02595827268316,318.0,3569.6237748665694,1.4335759340126153,47.20402717127608,40.700436681222705,0.8149927219796216,31.96344086021505,29.43333333333332,79.03225806451613,1.3580645161290321
9602,16,Charles LECLERC,Ferrari,89.747,274.2630625,322.8072705639289,16,60.67049975739932,317.0,4239.496409509947,1.5430373605046095,51.51310043668122,43.55652595827269,0.9982532751091703,31.96344086021505,29.43333333333332,79.03225806451613,1.3580645161290321
9602,18,Lance STROLL,Aston Martin,91.094,171.6182,114.77107533590507,5,18.827753517709848,316.0,1438.6254730713247,0.4953420669577875,68.15337214944202,66.26647258612324,0.8185346918971373,31.96344086021505,29.43333333333332,79.03225806451613,1.3580645161290321
9602,20,Kevin MAGNUSSEN,Haas F1 Team,90.653,188.3237272727273,138.78033081757195,11,38.09073265405143,318.0,2513.682096069869,1.0068413391557496,61.20698689956332,55.70596797671033,0.8076176613294517,31.96344086021505,29.43333333333332,79.03225806451613,1.3580645161290321
9602,22,Yuki TSUNODA,RB,90.289,295.7437142857143,349.02340043028397,14,53.916593886462884,312.0,3744.9285298398836,1.3645317806889858,42.293740902474525,33.75235322658904,0.8121300339640951,31.96344086021505,29.43333333333332,79.03225806451613,1.3580645161290321
9602,23,Alexander ALBON,Williams,90.474,202.69972727272727,175.23881351307728,11,38.11960213488598,314.0,2661.6742358078604,0.997962154294032,60.59825327510917,57.65589519650655,0.8459970887918487,31.96344086021505,29.43333333333332,79.03225806451613,1.3580645161290321
9602,24,ZHOU Guanyu,Kick Sauber,92.054,141.42624999999998,72.49353265248907,8,28.720572537603104,315.0,1831.0113537117904,0.7982532751091703,74.51140223192625,71.70849102377487,0.8900048520135856,31.96344086021505,29.43333333333332,79.03225806451613,1.3580645161290321
9602,27,Nico HULKENBERG,Haas F1 Team,90.115,268.94686666666666,314.96213725141985,15,57.243182920912176,319.0,3800.275982532751,1.5826783114992722,45.08981077147016,36.99970887918486,0.8075206210577389,31.96344086021505,29.43333333333332,79.03225806451613,1.3580645161290321
9602,31,Esteban OCON,Alpine,90.769,168.4122857142857,111.16817792582074,14,47.741339155749635,316.0,3677.6153808830663,1.278457059679767,59.35414847161572,52.025036390101896,0.8921882581271228,31.96344086021505,29.43333333333332,79.03225806451613,1.3580645161290321
9602,43,Franco COLAPINTO,Williams,90.481,206.08509090909092,150.6320021005162,11,38.03483745754488,315.0,2550.933236293062,1.0613779718583212,60.63328481319748,56.95235322658903,0.8453663270257157,31.96344086021505,29.43333333333332,79.03225806451613,1.3580645161290321
9602,44,Lewis HAMILTON,Mercedes,89.841,321.0084615384615,370.92660067636757,13,51.102037845705965,317.0,3443.1225133430376,1.3993692382338672,67.64124211547792,62.36448326055313,0.9983988355167395,31.96344086021505,29.43333333333332,79.03225806451613,1.3580645161290321
9602,55,Carlos SAINZ,Ferrari,90.108,178.87499999999997,134.18870554157334,13,51.013051916545365,317.0,3419.8320232896654,1.3043668122270742,50.21756428918001,44.53352741387676,0.8905385735080058,31.96344086021505,29.43333333333332,79.03225806451613,1.3580645161290321
9602,63,George RUSSELL,Mercedes,89.867,321.2984615384615,371.3139372193366,13,53.988015526443476,317.0,3741.1583212032992,1.363901018922853,67.29471130519165,60.51431344007763,0.9985443959243085,31.96344086021505,29.43333333333332,79.03225806451613,1.3580645161290321
9602,77,Valtteri BOTTAS,Kick Sauber,91.572,140.570875,71.89628344434345,8,28.66419213973799,316.0,1854.176370693838,0.7878214459000485,74.76545366327025,70.84754973313925,0.8898592916060165,31.96344086021505,29.43333333333332,79.03225806451613,1.3580645161290321
9602,81,Oscar PIASTRI,McLaren,89.64,282.4980666666667,321.03834067734374,15,57.40271712760796,316.0,3830.6692867540028,1.4193595342066958,51.91707908782145,46.29422610383309,0.8475012130033964,31.96344086021505,29.43333333333332,79.03225806451613,1.3580645161290321
9606,1,Max VERSTAPPEN,Red Bull Racing,95.967,97.96451612903225,3.1453430539703002,62,121.93502848179642,309.0,6781.99127658989,3.153361402350092,39.27570929304604,18.402377610831337,0.17958666996890393,36.445625,30.786250000000003,74.65,0.9550000000000001
9606,3,Daniel RICCIARDO,RB,94.486,100.70160655737705,5.151117979173727,61,119.05437417364477,313.0,6965.272862494491,2.8980828558836493,39.976145879241955,16.04241956809167,0.17860290877038343,36.445625,30.786250000000003,74.65,0.9550000000000001
9606,4,Lando NORRIS,McLaren,94.925,97.62906451612903,3.1116242769651614,62,121.9903409559977,310.0,7166.979636203528,2.9829934780814003,44.51682765073337,25.88161479402295,0.2256803984699634,36.445625,30.786250000000003,74.65,0.9550000000000001
9606,10,Pierre GASLY,Alpine,96.927,100.19932786885245,3.886540324733645,61,119.43760147499931,314.0,6987.678802388618,2.9809020611464265,39.62148105341369,17.003439830485153,0.20512397149068493,36.445625,30.786250000000003,74.65,0.9550000000000001
9606,11,Sergio PEREZ,Red Bull Racing,97.477,99.30270491803277,2.9333700774514107,61,120.01675885412367,317.0,6900.522248823578,2.963455240925727,37.44161919700597,19.17521120559179,0.21437023583477807,36.445625,30.786250000000003,74.65,0.9550000000000001
9606,14,Fernando ALONSO,Aston Martin,97.741,99.24326229508198,3.0521935562758435,61,118.00200886100333,316.0,6721.976939376427,3.0740526706843885,35.62737004320427,17.39794710916646,0.22444205949530807,36.445625,30.786250000000003,74.65,0.9550000000000001
9606,16,Charles LECLERC,Ferrari,95.371,98.63596774193549,3.1629039941766774,62,121.10091086711247,319.0,7122.791161011585,3.132612344863645,47.727235201849254,26.839924048542887,0.4630287019455681,36.445625,30.786250000000003,74.65,0.9550000000000001
9606,18,Lance STROLL,Aston Martin,97.851,100.00881967213114,3.4962737424629595,61,119.56743058616131,313.0,6862.392050462759,3.1410863816659322,36.742507712648745,18.8656897311591,0.127479065667695,36.445625,30.786250000000003,74.65,0.9550000000000001
9606,20,Kevin MAGNUSSEN,Haas F1 Team,94.754,101.96996491228067,10.89103204067684,57,111.15971820908666,319.0,6481.163488263298,2.874129722887256,40.297063760697874,22.463469000247667,0.35512809928726713,36.445625,30.786250000000003,74.65,0.9550000000000001
9606,22,Yuki TSUNODA,RB,96.393,99.37370491803279,3.5292304847609444,61,120.01678637276756,308.0,7027.2489886898375,2.9220396818844767,39.6597319684086,16.852417512864967,0.14364732106001815,36.445625,30.786250000000003,74.65,0.9550000000000001
9606,23,Alexander ALBON,Williams,96.888,104.0706,9.54643622021677,15,34.23605492721319,309.0,2175.5406312776904,0.8837612482456865,59.7676325710669,56.451635983378736,0.17179889375051596,36.445625,30.786250000000003,74.65,0.9550000000000001
9606,24,ZHOU Guanyu,Kick Sauber,97.461,100.16759016393442,3.5266400457605926,61,119.6412669583643,310.0,6756.416659787005,3.179449076749498,44.605877982333034,25.041525633616775,0.2677839236082446,36.445625,30.786250000000003,74.65,0.9550000000000001
9606,27,Nico HULKENBERG,Haas F1 Team,97.47,99.2793606557377,3.3577665148559834,61,120.1134868873662,321.0,6805.2541071576,3.164974270067971,38.508159277910785,17.82470623847657,0.291092214975646,36.445625,30.786250000000003,74.65,0.9550000000000001
9606,31,Esteban OCON,Alpine,97.964,99.95101639344263,3.40815874761015,61,119.14678444646248,314.0,6908.111945843309,3.058999972481356,48.52890833539723,27.35716447893448,0.2541346762431547,36.445625,30.786250000000003,74.65,0.9550000000000001
9606,43,Franco COLAPINTO,Williams,97.262,99.33219672131148,3.4349714286146673,61,119.81891802556193,314.0,6652.946782723667,3.31194909651829,35.48396870868224,18.9207800793301,0.17829991185544292,36.445625,30.786250000000003,74.65,0.9550000000000001
9606,44,Lewis HAMILTON,Mercedes,97.393,99.00285483870967,2.870785055305762,62,122.6831778529954,320.0,7048.719117201905,3.2752965133878202,45.92715814964639,25.612042158562424,0.23451388315583807,36.445625,30.786250000000003,74.65,0.9550000000000001
9606,55,Carlos SAINZ,Ferrari,96.561,99.17741935483869,2.959019102666958,62,120.97878312556757,318.0,6827.288835686178,3.22493739508517,48.779823330306286,28.740031371254023,0.3685296788574259,36.445625,30.786250000000003,74.65,0.9550000000000001
9606,63,George RUSSELL,Mercedes,97.047,98.61216129032259,2.7826820271651624,62,122.89820853628333,311.0,7048.565535650403,3.241696249208839,39.3902694075236,17.55414293183632,0.1567186769036022,36.445625,30.786250000000003,74.65,0.9550000000000001
9606,77,Valtteri BOTTAS,Kick Sauber,97.524,100.17998360655739,3.491949103396964,61,119.54764853188036,316.0,6786.589064090922,3.1798068191199538,44.0948567654586,25.12617298219544,0.3464597264646798,36.445625,30.786250000000003,74.65,0.9550000000000001
9606,81,Oscar PIASTRI,McLaren,95.745,98.30366129032257,3.0226036946568393,62,121.35675169927626,319.0,6935.1378684058445,3.053578799636754,37.17177137510664,17.199152425768457,0.12664079914141832,36.445625,30.786250000000003,74.65,0.9550000000000001
9607,1,Max VERSTAPPEN,Red Bull Racing,93.855,171.0557727272727,166.53142516816234,22,92.6266637212128,328.0,5461.342243331308,2.287899707295521,50.49047329761971,36.183354503783065,1.0,36.703703703703695,25.27777777777778,52.24691358024691,3.34074074074074
9607,4,Lando NORRIS,McLaren,93.868,161.52333333333334,172.21467267160745,24,101.02120726790744,326.0,5892.807809134589,2.4642403490362845,48.26442812172088,32.25647539625559,0.8359750372784006,36.703703703703695,25.27777777777778,52.24691358024691,3.34074074074074
9607,10,Pierre GASLY,Alpine,94.375,166.74273913043479,163.4996154536676,23,96.86883525708289,330.0,5627.932236151764,2.4573921687745073,48.747114375655826,29.88810957088419,0.8307836748218921,36.703703703703695,25.27777777777778,52.24691358024691,3.34074074074074
9607,11,Sergio PEREZ,Red Bull Racing,94.638,162.82147826086958,143.8751315741081,23,96.52592919865245,327.0,5651.581266913348,2.397525818744132,50.096205887225935,34.72380847186171,1.0,36.703703703703695,25.27777777777778,52.24691358024691,3.34074074074074
9607,14,Fernando ALONSO,Aston Martin,94.112,166.75395454545455,128.7843866886458,22,96.26210857679351,323.0,5527.391561274645,2.6208648588943504,47.34975423869222,33.51587783730049,0.8809852543215331,36.703703703703695,25.27777777777778,52.24691358024691,3.34074074074074
9607,16,Charles LECLERC,Ferrari,93.623,145.7330769230769,108.74999343480901,26,108.86353344010604,329.0,6780.459877395482,2.801955045010217,61.58137736786878,42.67255757441873,1.0,36.703703703703695,25.27777777777778,52.24691358024691,3.34074074074074
9607,18,Lance STROLL,Aston Martin,94.619,163.38608695652175,132.94930107830513,23,96.81902026840449,323.0,5627.72938642514,2.5773457778759594,50.689954161374054,35.36864196167228,0.9033522946926603,36.703703703703695,25.27777777777778,52.24691358024691,3.34074074074074
9607,20,Kevin MAGNUSSEN,Haas F1 Team,94.096,160.99008695652176,128.33771279947734,23,97.40989672502347,329.0,5676.194676092119,2.612359860827304,42.55602805544817,26.10040315899928,0.8323300381068095,36.703703703703695,25.27777777777778,52.24691358024691,3.34074074074074
9607,22,Yuki TSUNODA,RB,94.313,171.18821052631583,165.28461326342475,19,81.10907383884685,325.0,4883.137571105098,1.991053183851549,49.48307284475617,34.81570663279395,0.8085823162312917,36.703703703703695,25.27777777777778,52.24691358024691,3.34074074074074
9607,23,Alexander ALBON,Williams,94.618,151.14416000000003,107.49052134943993,25,104.50212624951676,324.0,6085.457889214116,2.807809134588833,60.010769315734244,46.517479427845586,1.0,36.703703703703695,25.27777777777778,52.24691358024691,3.34074074074074
9607,24,ZHOU Guanyu,Kick Sauber,97.219,157.3017857142857,131.0409507554133,14,60.539515104655656,324.0,3373.554039874082,1.7156348373557189,57.66852598442591,47.97658364168554,0.8036118628154857,36.703703703703695,25.27777777777778,52.24691358024691,3.34074074074074
9607,27,Nico HULKENBERG,Haas F1 Team,94.364,163.32821739130435,153.6683264781813,23,97.18948472966257,331.0,5400.567073507484,2.6720053018169767,46.11128292925388,30.013585906003204,0.8353675374164687,36.703703703703695,25.27777777777778,52.24691358024691,3.34074074074074
9607,30,Liam LAWSON,RB,94.443,138.82992592592592,79.94149016713824,27,112.59688208303389,330.0,6610.91879042512,2.748908176239704,43.70849687655481,21.522472220686605,0.8155785283874177,36.703703703703695,25.27777777777778,52.24691358024691,3.34074074074074
9607,31,Esteban OCON,Alpine,94.806,166.0020434782609,162.8253536818109,23,96.78859004804772,329.0,5513.2666372121275,2.526647153034738,65.75611641906445,49.720218699950294,1.0,36.703703703703695,25.27777777777778,52.24691358024691,3.34074074074074
9607,43,Franco COLAPINTO,Williams,95.248,145.57084615384613,109.24958500526436,26,108.71767372436287,323.0,6157.82005638786,2.9614682956492895,60.787495162806124,43.252363314721656,0.9999447177842888,36.703703703703695,25.27777777777778,52.24691358024691,3.34074074074074
9607,44,Lewis HAMILTON,Mercedes,93.963,179.1455238095238,147.38018406266383,21,88.89435025128404,328.0,5115.970508643066,2.5706080521345336,55.821450267852214,42.25967857734578,0.9552659192577456,36.703703703703695,25.27777777777778,52.24691358024691,3.34074074074074
9607,55,Carlos SAINZ,Ferrari,93.602,158.57566666666668,139.9433882940606,24,100.57165737007787,329.0,6327.2326724471195,2.5966200916772517,60.6626718948473,42.525432153310874,1.0,36.703703703703695,25.27777777777778,52.24691358024691,3.34074074074074
9607,63,George RUSSELL,Mercedes,94.093,144.96008,126.6700037448235,25,109.14811951179102,331.0,6526.541282376981,2.837687082343845,54.90495388523775,34.05357044237035,0.9726072789528911,36.703703703703695,25.27777777777778,52.24691358024691,3.34074074074074
9607,77,Valtteri BOTTAS,Kick Sauber,95.041,151.7542,128.96716846267503,25,104.69862484122163,331.0,5853.532059424532,2.7889766388689456,48.93196001546363,30.15982769094825,0.8324957198873364,36.703703703703695,25.27777777777778,52.24691358024691,3.34074074074074
9607,81,Oscar PIASTRI,McLaren,93.908,148.75112000000001,125.21213262182545,25,105.2297454023306,322.0,6127.976638868946,2.639642127354062,43.46528966697962,26.559010327497653,0.831391174683824,36.703703703703695,25.27777777777778,52.24691358024691,3.34074074074074
9612,1,Max VERSTAPPEN,Red Bull Racing,92.833,246.93763636363636,284.7152217086312,11,63.00135231316726,326.0,3831.950889679715,1.5874021352313168,50.821281138790035,42.51871886120996,1.0,35.3126984126984,27.88888888888889,41.55555555555556,3.587301587301587
9612,4,Lando NORRIS,McLaren,93.083,195.76007692307692,203.4969334720613,13,73.61330960854093,327.0,4809.233380782918,1.7962277580071175,68.81544483985765,58.70975088967972,1.0,35.3126984126984,27.88888888888889,41.55555555555556,3.587301587301587
9612,10,Pierre GASLY,Alpine,94.363,210.274625,214.878352511914,8,47.45131672597865,327.0,3026.9103914590746,1.1969395017793594,58.979644128113875,50.456654804270464,0.8067615658362989,35.3126984126984,27.88888888888889,41.55555555555556,3.587301587301587
9612,11,Sergio PEREZ,Red Bull Racing,94.244,202.1705,234.38114479091527,8,47.17359430604982,329.0,2806.9879003558717,1.1819928825622776,63.36576512455516,55.52398576512456,1.0,35.3126984126984,27.88888888888889,41.55555555555556,3.587301587301587
9612,14,Fernando ALONSO,Aston Martin,94.251,202.63774999999998,227.36140172242847,8,47.32120996441281,330.0,2813.510177935943,1.2899644128113879,76.49459074733096,70.51046263345195,1.0,35.3126984126984,27.88888888888889,41.55555555555556,3.587301587301587
9612,16,Charles LECLERC,Ferrari,93.059,229.68418181818186,267.84080868707963,11,63.06014234875445,329.0,4313.947900355872,1.651743772241993,62.132953736654805,52.27302491103203,0.9976512455516015,35.3126984126984,27.88888888888889,41.55555555555556,3.587301587301587
9612,18,Lance STROLL,Aston Martin,94.324,202.21587499999998,221.7159539458299,8,47.471886120996444,326.0,2891.5661209964414,1.2490391459074732,53.84590747330961,47.5467615658363,0.7729537366548043,35.3126984126984,27.88888888888889,41.55555555555556,3.587301587301587
9612,20,Kevin MAGNUSSEN,Haas F1 Team,93.398,202.93900000000002,188.56478921988182,13,73.53423487544484,328.0,4903.975160142349,1.948540925266904,64.68455516014235,52.96170818505338,1.0,35.3126984126984,27.88888888888889,41.55555555555556,3.587301587301587
9612,22,Yuki TSUNODA,RB,93.802,239.8856363636364,237.63044223992114,11,62.73081850533808,327.0,3981.429608540925,1.4948042704626334,49.66014234875445,38.801992882562274,0.8046975088967971,35.3126984126984,27.88888888888889,41.55555555555556,3.587301587301587
9612,23,Alexander ALBON,Williams,95.054,127.12519999999999,32.73019910358017,5,31.53302491103203,324.0,2448.9637010676156,0.821067615658363,85.53110320284698,82.91188612099644,1.0,35.3126984126984,27.88888888888889,41.55555555555556,3.587301587301587
9612,24,ZHOU Guanyu,Kick Sauber,95.193,152.3744,71.16008522367017,5,31.557793594306048,326.0,1889.0731672597865,0.9118149466192171,64.06711743772242,60.96654804270462,0.8031316725978648,35.3126984126984,27.88888888888889,41.55555555555556,3.587301587301587
9612,27,Nico HULKENBERG,Haas F1 Team,93.183,215.0915,200.1555529742222,12,73.38540925266904,328.0,4816.399857651246,2.0269750889679714,62.30533807829182,52.962277580071174,1.0,35.3126984126984,27.88888888888889,41.55555555555556,3.587301587301587
9612,30,Liam LAWSON,RB,94.284,212.615625,222.95374020967753,8,47.25110320284698,328.0,2970.342846975089,1.161850533807829,57.308754448398574,50.4706049822064,0.8054804270462633,35.3126984126984,27.88888888888889,41.55555555555556,3.587301587301587
9612,31,Esteban OCON,Alpine,94.917,142.4148,62.775592815679566,5,31.51081850533808,327.0,2314.5928825622777,0.8617081850533808,83.57259786476868,79.15074733096085,1.0,35.3126984126984,27.88888888888889,41.55555555555556,3.587301587301587
9612,43,Franco COLAPINTO,Williams,93.952,188.8520714285714,136.645030619205,14,78.5782206405694,325.0,4746.44,2.186903914590747,61.58170818505338,49.70875444839858,1.0,35.3126984126984,27.88888888888889,41.55555555555556,3.587301587301587
9612,44,Lewis HAMILTON,Mercedes,93.37,203.2549090909091,168.54777791445613,11,63.70128113879004,328.0,3969.6437010676154,1.8304626334519574,61.772597864768684,53.16612099644128,0.984982206405694,35.3126984126984,27.88888888888889,41.55555555555556,3.587301587301587
9612,55,Carlos SAINZ,Ferrari,93.089,229.1208181818182,272.492386886419,11,63.243629893238435,328.0,4297.651174377224,1.6345195729537367,49.93985765124555,38.31345195729537,0.9881850533807829,35.3126984126984,27.88888888888889,41.55555555555556,3.587301587301587
9612,63,George RUSSELL,Mercedes,92.845,169.5664615384615,113.1978730689117,13,74.25217081850533,330.0,4746.665551601423,1.9395729537366548,59.038932384341635,46.42875444839858,0.9730960854092526,35.3126984126984,27.88888888888889,41.55555555555556,3.587301587301587
9612,77,Valtteri BOTTAS,Kick Sauber,95.148,146.9994,69.72160869515275,5,31.421779359430605,329.0,1992.337722419929,0.837153024911032,65.33907473309608,61.02291814946619,0.8030604982206405,35.3126984126984,27.88888888888889,41.55555555555556,3.587301587301587
9612,81,Oscar PIASTRI,McLaren,94.285,114.3068,16.576150100671747,5,31.636298932384342,324.0,2793.003202846975,0.7946619217081851,85.98270462633452,81.54419928825622,1.0,35.3126984126984,27.88888888888889,41.55555555555556,3.587301587301587
9616,1,Max VERSTAPPEN,Red Bull Racing,97.463,98.23821052631578,0.36272152272382596,19,91.51278305332359,310.0,4923.5323369107155,2.335281227173119,29.363712985334608,12.473338203067932,0.25656009439793226,43.22839506172839,26.885185185185183,47.358024691358025,1.6074074074074076
9616,4,Lando NORRIS,McLaren,98.045,98.56968421052633,0.634858131904626,19,91.59178513232567,331.0,4990.58054728325,2.3215148620554027,30.858403101646346,13.575096926448278,0.413889981457549,43.22839506172839,26.885185185185183,47.358024691358025,1.6074074074074076
9616,10,Pierre GASLY,Alpine,99.438,100.4508947368421,1.504837564052288,19,91.3619149294825,336.0,5032.245153677586,2.364612013260662,29.800303421925044,9.958082822947688,0.24324324324324326,43.22839506172839,26.885185185185183,47.358024691358025,1.6074074074074076
9616,11,Sergio PEREZ,Red Bull Racing,98.452,99.82094736842105,1.4055290247217185,19,91.07209080182054,336.0,4966.849862336348,2.3204472663932125,34.57515311569366,17.72500983311794,0.31022082373433724,43.22839506172839,26.885185185185183,47.358024691358025,1.6074074074074076
9616,14,Fernando ALONSO,Aston Martin,99.25,100.70221052631578,1.869662074137501,19,91.28886891049054,348.0,5035.561330561331,2.4212507726021237,27.18194077653537,11.942686969713996,0.21621621621621623,43.22839506172839,26.885185185185183,47.358024691358025,1.6074074074074076
9616,16,Charles LECLERC,Ferrari,97.748,98.6056842105263,0.9621316275323578,19,91.33331460358487,337.0,5012.955498117661,2.392538068213744,35.4629993819183,18.835758835758835,0.4598527841771085,43.22839506172839,26.885185185185183,47.358024691358025,1.6074074074074076
9616,18,Lance STROLL,Aston Martin,99.532,100.40189473684211,1.3422839096788826,19,91.15968983536551,336.0,5078.831544642356,2.403663538798674,27.595999325729057,11.698600887790077,0.22340843962465584,43.22839506172839,26.885185185185183,47.358024691358025,1.6074074074074076
9616,20,Kevin MAGNUSSEN,Haas F1 Team,98.602,99.5628947368421,1.0521587780286887,19,91.50216328594706,331.0,4964.05118840254,2.4687868741922796,30.77142214980053,13.29145361577794,0.388155307074226,43.22839506172839,26.885185185185183,47.358024691358025,1.6074074074074076
9616,22,Yuki TSUNODA,RB,99.136,100.25773684210526,1.1137088744657258,19,91.24318705399787,337.0,5076.145136820813,2.2735854357475977,30.514581109175705,11.696802831937967,0.23352250379277406,43.22839506172839,26.885185185185183,47.358024691358025,1.6074074074074076
9616,23,Alexander ALBON,Williams,99.198,100.03450000000001,0.6116078309577868,18,86.8319379670731,345.0,4653.749957858066,2.3060628195763333,25.70967016912963,12.213519132438051,0.38270495027251783,43.22839506172839,26.885185185185183,47.358024691358025,1.6074074074074076
9616,24,ZHOU Guanyu,Kick Sauber,99.705,101.02305263157893,2.141868674378183,19,91.39085239085239,340.0,4987.005506546047,2.4620441647468674,33.86756194864303,18.533460695622857,0.46496600550654604,43.22839506172839,26.885185185185183,47.358024691358025,1.6074074074074076
9616,27,Nico HULKENBERG,Haas F1 Team,98.746,99.64363157894736,1.2628415415256058,19,91.70393886610103,351.0,4998.935831881778,2.4209698263752317,31.64179356071248,14.598415463280329,0.4515929651064786,43.22839506172839,26.885185185185183,47.358024691358025,1.6074074074074076
9616,30,Liam LAWSON,RB,99.237,100.55236842105263,1.7619994088811448,19,91.2115525088498,347.0,5087.211159184132,2.2875203686014496,28.75153115693656,13.322694836208349,0.24195089059953925,43.22839506172839,26.885185185185183,47.358024691358025,1.6074074074074076
9616,31,Esteban OCON,Alpine,98.835,100.49121052631578,1.974852361675554,19,91.25285160420296,343.0,4948.05045794235,2.3857391695229535,29.41344046749452,14.195201438444682,0.23695004776085857,43.22839506172839,26.885185185185183,47.358024691358025,1.6074074074074076
9616,43,Franco COLAPINTO,Williams,99.335,100.31415789473685,1.3164892013132945,19,91.00640557397314,337.0,4917.032926897792,2.4929482497050066,26.50941169860089,11.734337247850762,0.2418947013541608,43.22839506172839,26.885185185185183,47.358024691358025,1.6074074074074076
9616,44,Lewis HAMILTON,Mercedes,98.323,99.23094736842106,1.1320333114721273,19,91.5026127999101,336.0,4851.758498623363,2.552621228296904,29.605495308198012,12.707984491768276,0.1707029274596842,43.22839506172839,26.885185185185183,47.358024691358025,1.6074074074074076
9616,55,Carlos SAINZ,Ferrari,97.552,98.4427894736842,0.9235767758783384,19,91.80446142608305,346.0,5044.203124122043,2.423498342417261,34.04062482440861,17.29325167163005,0.4785638028881272,43.22839506172839,26.885185185185183,47.358024691358025,1.6074074074074076
9616,63,George RUSSELL,Mercedes,98.192,99.07663157894739,0.7346017331664763,19,91.37523178063718,340.0,5028.7783334269825,2.4187222565600943,29.03618587402371,10.75192448165421,0.19267292240265213,43.22839506172839,26.885185185185183,47.358024691358025,1.6074074074074076
9616,77,Valtteri BOTTAS,Kick Sauber,99.642,101.10942105263157,2.0370260137291862,19,90.2303197168062,336.0,5000.421419340339,2.400067427094454,36.143282575715006,20.94330505141316,0.45811091757037703,43.22839506172839,26.885185185185183,47.358024691358025,1.6074074074074076
9616,81,Oscar PIASTRI,McLaren,97.567,99.93,1.947271532440362,19,91.41096814069788,346.0,5006.1244591785135,2.358824520986683,28.441928414901387,11.72107658594145,0.49407203461257515,43.22839506172839,26.885185185185183,47.358024691358025,1.6074074074074076
9608,1,Max VERSTAPPEN,Red Bull Racing,92.361,206.1283125,176.75143789256666,16,73.58566923615977,331.0,4225.243459472086,1.8385891146928288,30.709530483531886,18.47185237094137,0.8363116094370474,38.217333333333336,28.561333333333327,38.653333333333336,2.225333333333334
9608,4,Lando NORRIS,McLaren,92.33,231.86146666666667,254.64002391110648,15,69.06365335202055,331.0,4439.593961691194,1.6934127540294324,62.755547769212804,53.11889745386592,1.0,38.217333333333336,28.561333333333327,38.653333333333336,2.225333333333334
9608,10,Pierre GASLY,Alpine,93.018,183.9251052631579,136.38748748130305,19,86.35949544498949,333.0,5341.968523709414,2.1634548002803085,41.141789301565055,25.300397103480496,0.8660943704741882,38.217333333333336,28.561333333333327,38.653333333333336,2.225333333333334
9608,11,Sergio PEREZ,Red Bull Racing,93.02,215.56440000000003,168.73966228317516,15,73.51553375379584,334.0,4253.808222377949,1.8622401308105583,45.62549637935062,32.80892314879701,1.0,38.217333333333336,28.561333333333327,38.653333333333336,2.225333333333334
9608,14,Fernando ALONSO,Aston Martin,93.309,198.84441176470588,181.25676937656823,17,77.80506890913338,329.0,4553.376897921046,2.130284980144826,46.409950946040645,35.710581639803785,0.8654519971969166,38.217333333333336,28.561333333333327,38.653333333333336,2.225333333333334
9608,16,Charles LECLERC,Ferrari,92.74,183.36789473684212,142.6303663784542,19,86.19761737911703,334.0,5627.497780892315,2.2464377481896753,50.902884839990655,37.238729268862414,1.0,38.217333333333336,28.561333333333327,38.653333333333336,2.225333333333334
9608,18,Lance STROLL,Aston Martin,93.759,183.50999999999996,127.2690584246921,13,60.85015183368372,328.0,4161.898913805186,1.5973487502919879,63.01973837888344,55.165381920112125,1.0,38.217333333333336,28.561333333333327,38.653333333333336,2.225333333333334
9608,20,Kevin MAGNUSSEN,Haas F1 Team,93.474,197.3651875,147.46940164412868,16,73.29706844195282,333.0,4910.699310908666,1.96531184302733,62.59618079887877,51.014482597523944,1.0,38.217333333333336,28.561333333333327,38.653333333333336,2.225333333333334
9608,22,Yuki TSUNODA,RB,93.506,177.63584615384613,136.2152485103836,13,60.64190609670638,334.0,3843.5289067974772,1.4713851903760804,51.65592151366503,41.070777855641204,0.8632912870824574,38.217333333333336,28.561333333333327,38.653333333333336,2.225333333333334
9608,23,Alexander ALBON,Williams,94.051,150.5167142857143,73.27320770867321,7,34.42799579537491,330.0,2306.2998715253448,0.8964611072179397,64.40200887643074,63.379584209296894,0.8675543097407148,38.217333333333336,28.561333333333327,38.653333333333336,2.225333333333334
9608,24,ZHOU Guanyu,Kick Sauber,94.228,137.822375,68.36456083735472,8,38.73242233123102,331.0,2233.3310558280778,1.0648213034337772,69.57568325157673,67.25951880401776,0.8640504555010512,38.217333333333336,28.561333333333327,38.653333333333336,2.225333333333334
9608,27,Nico HULKENBERG,Haas F1 Team,93.544,188.67054545454548,142.516116614204,11,51.97407147862649,333.0,3703.155220742817,1.4369306236860546,67.36965662228451,59.67460873627657,0.9750058397570661,38.217333333333336,28.561333333333327,38.653333333333336,2.225333333333334
9608,30,Liam LAWSON,RB,93.339,220.0201,151.51356076434217,10,47.346064003737446,333.0,3086.7738262088296,1.1702873160476523,51.1090282644242,44.38262088297127,0.8641672506423733,38.217333333333336,28.561333333333327,38.653333333333336,2.225333333333334
9608,31,Esteban OCON,Alpine,93.597,169.02900000000002,135.21566491719813,14,64.91888577435179,331.0,4007.1414973137116,1.724830647045083,53.7806003270264,43.55033870590984,0.8663279607568325,38.217333333333336,28.561333333333327,38.653333333333336,2.225333333333334
9608,43,Franco COLAPINTO,Williams,94.062,183.3612,83.81519547289739,5,25.822471385190376,328.0,1881.3452464377483,0.7015884139219808,64.28731604765241,61.72973604298061,0.8599042279841158,38.217333333333336,28.561333333333327,38.653333333333336,2.225333333333334
9608,44,Lewis HAMILTON,Mercedes,94.154,133.7256,46.53261448317728,5,26.387292688624154,333.0,1721.1429572529782,0.7503503854239664,83.70807054426535,79.74421864050456,0.9760569960289652,38.217333333333336,28.561333333333327,38.653333333333336,2.225333333333334
9608,55,Carlos SAINZ,Ferrari,92.652,193.34955555555558,149.4497886665255,18,81.94025928521374,331.0,5265.912345246437,2.1075683251576733,47.275052557813595,32.76757766876898,1.0,38.217333333333336,28.561333333333327,38.653333333333336,2.225333333333334
9608,63,George RUSSELL,Mercedes,92.974,233.95115384615383,199.78101407862567,13,64.5652300864284,332.0,4068.4246671338474,1.7317799579537492,69.78562251810325,58.95468348516702,1.0,38.217333333333336,28.561333333333327,38.653333333333336,2.225333333333334
9608,77,Valtteri BOTTAS,Kick Sauber,94.152,141.0355,70.37410170829891,8,38.90189208128942,331.0,2340.51588413922,1.0592151366503153,66.70631861714553,61.469282877832285,0.8635832749357627,38.217333333333336,28.561333333333327,38.653333333333336,2.225333333333334
9608,81,Oscar PIASTRI,McLaren,92.95,193.5983888888889,155.52583073672608,18,82.38133613641672,330.0,5018.56797477225,2.085669236159776,42.687047418827376,29.687456201822005,0.8145877131511329,38.217333333333336,28.561333333333327,38.653333333333336,2.225333333333334
9617,1,Max VERSTAPPEN,Red Bull Racing,98.117,102.31248214285714,11.867788894721757,56,127.50768408016212,313.0,6803.946718081514,3.211579599189372,39.94528259401036,14.914996622382347,0.16950011258725511,46.60193548387097,28.12129032258064,35.535483870967745,1.5
9617,4,Lando NORRIS,McLaren,97.679,102.23908928571429,11.714113813620587,56,127.62925016888089,336.0,6864.30263454177,3.2222753884260302,40.13769421301509,14.97680702544472,0.19471965773474442,46.60193548387097,28.12129032258064,35.535483870967745,1.5
9617,10,Pierre GASLY,Alpine,98.311,103.4975357142857,11.191066047720332,56,127.1381164152218,333.0,6826.725737446521,3.2565300607971177,41.162322675073185,13.02071605494258,0.17819747804548525,46.60193548387097,28.12129032258064,35.535483870967745,1.5
9617,11,Sergio PEREZ,Red Bull Racing,98.514,103.01964285714287,10.905827201266192,56,129.09316595361406,338.0,6850.381276739473,3.3074757937401484,39.69308714253547,14.836185543796443,0.22055843278540868,46.60193548387097,28.12129032258064,35.535483870967745,1.5
9617,14,Fernando ALONSO,Aston Martin,99.261,103.85154545454547,10.733150492017595,55,123.75971065075433,330.0,6711.428957442017,3.1990542670569693,37.30105832019815,15.00833145687908,0.17850709299707274,46.60193548387097,28.12129032258064,35.535483870967745,1.5
9617,16,Charles LECLERC,Ferrari,97.834,101.96558928571429,12.039349121848007,56,127.69790024769196,333.0,7095.358055618104,3.3231817158297683,51.89295766719207,25.865007881107857,0.39692636793514974,46.60193548387097,28.12129032258064,35.535483870967745,1.5
9617,18,Lance STROLL,Aston Martin,99.214,104.12838181818181,10.666537158952092,55,125.35867484800721,336.0,6886.020096825039,3.2650022517451025,38.12317045710426,14.943143436163027,0.18427718982211214,46.60193548387097,28.12129032258064,35.535483870967745,1.5
9617,20,Kevin MAGNUSSEN,Haas F1 Team,98.21,103.39144642857143,11.269657169205095,56,129.2549538392254,338.0,7009.969207385724,3.436922990317496,50.69942017563612,24.880882684080163,0.4171920738572394,46.60193548387097,28.12129032258064,35.535483870967745,1.5
9617,22,Yuki TSUNODA,RB,99.193,103.87661818181819,11.021147154433129,55,125.58221684305336,336.0,6917.948744652105,3.0803591533438417,40.42451024544022,15.184643098401262,0.19953276289124072,46.60193548387097,28.12129032258064,35.535483870967745,1.5
9617,23,Alexander ALBON,Williams,99.084,104.14949090909094,10.519720711592937,55,125.61022292276515,336.0,6768.291854312092,3.346318396757487,37.40140171132628,16.001576221571717,0.19317158297680703,46.60193548387097,28.12129032258064,35.535483870967745,1.5
9617,24,ZHOU Guanyu,Kick Sauber,99.272,104.71196363636362,10.942912896172714,55,125.34682503940554,334.0,6692.358759288449,3.337705471740599,45.83691736095474,23.222134654357127,0.31825602341814907,46.60193548387097,28.12129032258064,35.535483870967745,1.5
9617,27,Nico HULKENBERG,Haas F1 Team,98.404,103.08935714285712,10.852098619339833,56,129.40942355325376,333.0,7078.504728664715,3.3791094348119795,50.70915897320423,25.294415672145913,0.40497635667642423,46.60193548387097,28.12129032258064,35.535483870967745,1.5
9617,30,Liam LAWSON,RB,98.091,103.22394642857144,10.64388742662668,56,126.83099662162162,338.0,6901.733671171171,3.175788288288288,40.8821509009009,16.22466216216216,0.18792229729729729,46.60193548387097,28.12129032258064,35.535483870967745,1.5
9617,31,Esteban OCON,Alpine,97.33,104.5858,10.826709790479873,55,125.4032594010358,333.0,6824.86807588381,3.298215492006305,47.98902274262554,25.4122945282594,0.2698716505291601,46.60193548387097,28.12129032258064,35.535483870967745,1.5
9617,43,Franco COLAPINTO,Williams,97.611,103.25051785714287,10.589171352294407,56,128.97823761261262,337.0,6848.64313063063,3.5120495495495496,38.69611486486487,16.43063063063063,0.20622184684684686,46.60193548387097,28.12129032258064,35.535483870967745,1.5
9617,44,Lewis HAMILTON,Mercedes,108.546,108.546,0.0,1,14.625675523530736,336.0,1078.311585228552,0.4230747579374015,73.10830893942806,71.246791263229,0.801199054267057,46.60193548387097,28.12129032258064,35.535483870967745,1.5
9617,55,Carlos SAINZ,Ferrari,97.763,102.11860714285714,11.818368913442947,56,127.7511821661788,331.0,7059.37522517451,3.3580837649178115,51.50191398333708,25.571267732492682,0.3978270659761315,46.60193548387097,28.12129032258064,35.535483870967745,1.5
9617,63,George RUSSELL,Mercedes,97.656,102.8052181818182,10.750721710557448,55,127.31952263003828,344.0,6923.206062823689,3.3790812879981984,64.57140846656158,39.803535239810856,0.25177324926818284,46.60193548387097,28.12129032258064,35.535483870967745,1.5
9617,77,Valtteri BOTTAS,Kick Sauber,100.575,104.44250909090908,10.32783351191901,55,125.30021391578474,339.0,6737.290165503265,3.324786084215267,48.05744764692637,25.320198153569017,0.34544584553028596,46.60193548387097,28.12129032258064,35.535483870967745,1.5
9617,81,Oscar PIASTRI,McLaren,97.883,102.36296428571428,11.484270206560618,56,128.04475343391127,326.0,6820.227764017113,3.286337536590858,39.374127448772796,12.970051790137356,0.1510639495609097,46.60193548387097,28.12129032258064,35.535483870967745,1.5
9618,1,Max VERSTAPPEN,Red Bull Racing,78.839,279.98690909090914,347.99196740375663,11,45.25497766256687,346.0,2698.323423969996,1.1369477690143952,63.00099277480558,58.48612872979979,1.0,45.61772151898734,19.534177215189874,45.139240506329116,1.6050632911392404
9618,10,Pierre GASLY,Alpine,79.34,217.77105882352942,265.7492362362929,17,64.22287794385306,343.0,4166.20931002151,1.635265567260493,50.37984667144669,41.48474987590315,0.8304561248690089,45.61772151898734,19.534177215189874,45.139240506329116,1.6050632911392404
9618,11,Sergio PEREZ,Red Bull Racing,79.094,177.36685714285716,217.03068360077032,21,73.79791517290828,344.0,4343.015829242733,1.911422425679775,45.128343720699355,35.41845458055264,1.0,45.61772151898734,19.534177215189874,45.139240506329116,1.6050632911392404
9618,12,Kimi ANTONELLI,Mercedes,79.2,219.49176470588236,281.3751960079866,17,64.283657823617,344.0,4257.090232198996,1.6904197231261375,61.80194142628647,54.782637471733494,1.0,45.61772151898734,19.534177215189874,45.139240506329116,1.6050632911392404
9618,18,Lance STROLL,Aston Martin,79.6,231.42475,330.3985533421151,16,57.95703491258066,343.0,3845.0507418233965,1.490541062269042,51.09276929016601,45.4496718327726,0.8248855551265788,45.61772151898734,19.534177215189874,45.139240506329116,1.6050632911392404
9618,20,Kevin MAGNUSSEN,Haas F1 Team,79.335,177.9768095238095,218.141507258066,21,74.11152170316034,348.0,4383.635761954663,1.9824609784347251,49.42452153769786,40.50785946721086,0.8198113727869395,45.61772151898734,19.534177215189874,45.139240506329116,1.6050632911392404
9618,22,Yuki TSUNODA,RB,78.699,178.01185714285714,225.1899719898493,21,77.23385362087033,339.0,4906.2092548673545,1.8947107164524848,47.19298439137389,36.898130274116156,0.8466714466935084,45.61772151898734,19.534177215189874,45.139240506329116,1.6050632911392404
9618,23,Alexander ALBON,Williams,79.812,101.1888,18.985967991124387,5,21.42165352159285,341.0,1505.0385527549502,0.5620760024267829,92.9841156031107,90.5450333682643,1.0,45.61772151898734,19.534177215189874,45.139240506329116,1.6050632911392404
9618,27,Nico HULKENBERG,Haas F1 Team,78.904,196.616375,268.08904960359604,16,58.2448292978876,351.0,3571.98599084441,1.5437096685235232,50.1958524074789,42.83470299487066,0.7982460978434726,45.61772151898734,19.534177215189874,45.139240506329116,1.6050632911392404
9618,29,Patricio O'WARD,McLaren,79.295,203.81255555555558,359.17807911601335,18,67.55165186696817,345.0,4213.8055816005735,1.635596492195687,54.70089901274061,48.75980365120512,0.8385637857812586,45.61772151898734,19.534177215189874,45.139240506329116,1.6050632911392404
9618,30,Liam LAWSON,RB,79.093,162.51104347826086,200.53324997886278,23,83.58513043957862,340.0,5125.743036787822,2.08383431691578,43.35745408416524,34.03276156858419,0.8239479344768629,45.61772151898734,19.534177215189874,45.139240506329116,1.6050632911392404
9618,31,Esteban OCON,Alpine,78.996,185.30964999999998,240.6677332251407,20,70.6758590259776,344.0,4267.182780872538,1.8348133031823948,52.788208041475926,44.129060724725605,0.8406044895482875,45.61772151898734,19.534177215189874,45.139240506329116,1.6050632911392404
9618,34,Felipe DRUGOVICH,Aston Martin,79.819,228.41725000000002,327.7080564106374,16,54.69913407975291,343.0,3452.3778611218354,1.467431470961337,55.03529865975401,49.65947824168551,0.8511389333186256,45.61772151898734,19.534177215189874,45.139240506329116,1.6050632911392404
9618,38,Oliver BEARMAN,Ferrari,81.256,282.20125,336.41857082686073,4,21.67326678065192,344.0,1615.4993657272075,0.5630136230764988,89.54961116320115,87.86542385968782,1.0,45.61772151898734,19.534177215189874,45.139240506329116,1.6050632911392404
9618,43,Franco COLAPINTO,Williams,79.109,163.51089473684212,230.23083969398942,19,67.29805305829794,346.0,4020.1065578291323,1.8311179747393966,67.85130439578623,60.61265236335558,1.0,45.61772151898734,19.534177215189874,45.139240506329116,1.6050632911392404
9618,55,Carlos SAINZ,Ferrari,78.315,169.73513636363634,207.84990367686342,22,80.4477414373173,345.0,5349.241189123601,2.0760024267828583,54.85450333682643,44.72737300755612,1.0,45.61772151898734,19.534177215189874,45.139240506329116,1.6050632911392404
9618,63,George RUSSELL,Mercedes,77.998,176.3962857142857,235.84440951875817,21,76.80673983784678,349.0,4531.321493574541,2.050576360928796,48.16071921019249,37.553582262423475,0.8196459103193425,45.61772151898734,19.534177215189874,45.139240506329116,1.6050632911392404
9618,77,Valtteri BOTTAS,Kick Sauber,79.048,178.9784761904762,229.03785826170002,21,77.1902266835806,342.0,4629.642931994926,2.0828966962660638,43.9802548122001,34.353317522475315,1.0,45.61772151898734,19.534177215189874,45.139240506329116,1.6050632911392404
9618,81,Oscar PIASTRI,McLaren,78.958,176.83823809523813,229.01026801515226,21,77.1027521923777,347.0,4897.099112018091,1.919199161656831,46.75130991120181,37.233026308532345,0.8399426396778997,45.61772151898734,19.534177215189874,45.139240506329116,1.6050632911392404
9618,97,Robert SHWARTZMAN,Kick Sauber,79.988,232.92759999999998,277.5904076872494,15,57.83619215707903,341.0,3618.5068115382496,1.5471292261871932,55.82946335006343,50.32640229441289,0.8413766477304064,45.61772151898734,19.534177215189874,45.139240506329116,1.6050632911392404
9619,1,Max VERSTAPPEN,Red Bull Racing,88.234,696.1886666666666,854.1821576382614,3,9.38500872529524,348.0,872.7603587516741,0.24848829187127147,62.460411509273165,61.384684063146786,0.8634795665760319,37.789908256880736,22.755963302752296,27.513761467889907,1.4238532110091744
9619,4,Lando NORRIS,McLaren,77.948,158.83174285714284,295.83739187391853,35,84.28424171096952,343.0,5096.021955277789,2.102552656142202,59.13225924272554,45.79570634308673,0.8874639827929062,37.789908256880736,22.755963302752296,27.513761467889907,1.4238532110091744
9619,10,Pierre GASLY,Alpine,78.942,181.17258620689657,338.8473194663829,29,70.74635769652205,349.0,4120.782598108843,1.759912341219918,63.73982387078446,51.26106895012378,0.8789010186274908,37.789908256880736,22.755963302752296,27.513761467889907,1.4238532110091744
9619,11,Sergio PEREZ,Red Bull Racing,78.392,170.64674193548385,316.30519922184675,31,75.43139482975529,347.0,4176.427864128891,1.9242725538736252,54.37571527129581,42.94955561868431,0.9030477659185909,37.789908256880736,22.755963302752296,27.513761467889907,1.4238532110091744
9619,14,Fernando ALONSO,Aston Martin,78.579,168.8519696969697,299.60623453140954,33,82.07345481108722,347.0,4765.915628424171,2.127795138184327,57.70435453106611,46.36386510287732,0.9021143622417921,37.789908256880736,22.755963302752296,27.513761467889907,1.4238532110091744
9619,16,Charles LECLERC,Ferrari,77.887,110.53016666666666,69.07802120842939,30,72.74388214764011,353.0,4559.745140213466,1.8336512316870257,45.16594294062741,34.433018140497545,0.7412442676839414,37.789908256880736,22.755963302752296,27.513761467889907,1.4238532110091744
9619,18,Lance STROLL,Aston Martin,78.89,153.16084848484851,268.8696771689148,33,79.77151901302707,346.0,4665.735806176697,2.0158272797370236,62.214074104135385,50.476522868390084,0.9163589140051134,37.789908256880736,22.755963302752296,27.513761467889907,1.4238532110091744
9619,20,Kevin MAGNUSSEN,Haas F1 Team,78.239,147.10533333333333,255.10421044749614,33,79.87756178726512,351.0,4826.089282090824,2.088348687147437,67.58187573556268,54.595511545797656,0.9998376689257741,37.789908256880736,22.755963302752296,27.513761467889907,1.4238532110091744
9619,22,Yuki TSUNODA,RB,77.878,166.33913793103446,311.86428694509743,29,70.43910555578101,347.0,4061.5948216387324,1.7291100198855567,63.6421817296376,50.15186071993831,0.872367192889899,37.789908256880736,22.755963302752296,27.513761467889907,1.4238532110091744
9619,23,Alexander ALBON,Williams,,,,0,1.2290897285012783,148.0,414.5641004829349,0.0803944645103689,42.83624852887464,43.28980155026176,0.508096262327016,37.789908256880736,22.755963302752296,27.513761467889907,1.4238532110091744
9619,24,ZHOU Guanyu,Kick Sauber,78.98,153.72583333333336,286.06441439079765,36,86.81973134207216,347.0,4798.009009374619,2.3253520555172273,59.04090743070492,45.57250111602614,0.8769124629682237,37.789908256880736,22.755963302752296,27.513761467889907,1.4238532110091744
9619,27,Nico HULKENBERG,Haas F1 Team,78.621,150.12457575757574,265.928279488016,33,79.87614139036565,350.0,4808.5929954141475,2.1317722495028613,69.63783937340206,56.38439998376689,0.9998376689257741,37.789908256880736,22.755963302752296,27.513761467889907,1.4238532110091744
9619,30,Liam LAWSON,RB,78.56,168.09829629629624,302.13598897489544,27,67.91639949677366,345.0,3859.6674242116796,1.7162452822531553,58.988920904184084,47.60293819244349,0.8225721358711091,37.789908256880736,22.755963302752296,27.513761467889907,1.4238532110091744
9619,31,Esteban OCON,Alpine,78.656,169.87834482758618,327.0687398968956,29,70.48204212491376,351.0,4168.237490361593,1.8052027109289395,63.48240736983077,52.60809220405016,0.8781299460249178,37.789908256880736,22.755963302752296,27.513761467889907,1.4238532110091744
9619,43,Franco COLAPINTO,Williams,78.908,160.64224137931038,273.49498613114054,29,70.37831256848342,345.0,4146.407897406761,1.9365285499776794,69.50566129621363,59.963637839373405,0.9998782516943305,37.789908256880736,22.755963302752296,27.513761467889907,1.4238532110091744
9619,44,Lewis HAMILTON,Mercedes,78.279,159.11632352941177,278.88864904924503,34,84.2966600381478,356.0,4741.484517673795,2.310742258836898,54.212775455541575,42.39357168946066,0.8775617872651272,37.789908256880736,22.755963302752296,27.513761467889907,1.4238532110091744
9619,55,Carlos SAINZ,Ferrari,77.699,150.84754545454547,267.4196972854616,33,79.743800982103,354.0,4886.7732234893065,2.034454770504444,70.60813278681871,57.89505296051296,0.9997970861572176,37.789908256880736,22.755963302752296,27.513761467889907,1.4238532110091744
9619,63,George RUSSELL,Mercedes,79.041,110.0725,31.03150000000001,2,8.539466742421167,349.0,566.3778255752608,0.2192686985106124,98.57306927478592,97.39328761008076,1.0,37.789908256880736,22.755963302752296,27.513761467889907,1.4238532110091744
9619,77,Valtteri BOTTAS,Kick Sauber,78.351,161.01025806451617,291.7330352132024,31,75.50265817134044,347.0,4136.211517389716,2.025770058033359,63.723834259973216,51.20133111480865,0.8743151657806095,37.789908256880736,22.755963302752296,27.513761467889907,1.4238532110091744
9619,81,Oscar PIASTRI,McLaren,77.877,173.17210344827583,318.51244652650485,29,70.56479039000041,344.0,4417.055030234163,1.7970861572176453,60.29183068868958,48.902885434844364,0.8717178685929954,37.789908256880736,22.755963302752296,27.513761467889907,1.4238532110091744
9620,1,Max VERSTAPPEN,Red Bull Racing,77.003,146.42748,162.13181568492226,25,81.05669714900485,346.0,4811.885691231845,2.0991393222162453,52.98445400753093,41.40053792361485,0.9983862291554599,32.757831325301204,18.249397590361443,53.855421686746986,1.5783132530120483
9620,4,Lando NORRIS,McLaren,76.551,170.7424705882353,198.1009897021088,17,55.84459386767079,343.0,4039.710758472297,1.4629908552985476,66.81689080150619,61.002689618074236,0.9693383539537386,32.757831325301204,18.249397590361443,53.855421686746986,1.5783132530120483
9620,10,Pierre GASLY,Alpine,78.454,188.85136842105263,276.90671940702157,19,62.14131253362022,348.0,3786.5162452931686,1.5666487358795051,51.927972027972025,42.71522323830016,0.786659494351802,32.757831325301204,18.249397590361443,53.855421686746986,1.5783132530120483
9620,11,Sergio PEREZ,Red Bull Racing,77.787,145.26583333333335,147.19333135152934,18,58.83200645508338,348.0,3688.801022054868,1.4508337816030124,64.49300699300699,56.986121570736955,0.9983324367939752,32.757831325301204,18.249397590361443,53.855421686746986,1.5783132530120483
9620,14,Fernando ALONSO,Aston Martin,77.798,162.1339523809524,161.24444469883554,21,71.34873587950511,348.0,4151.637009144702,1.8932759548144165,57.66659494351802,48.644217321140395,0.9017213555675094,32.757831325301204,18.249397590361443,53.855421686746986,1.5783132530120483
9620,16,Charles LECLERC,Ferrari,77.232,135.20121739130434,109.11604259046841,23,74.45852608929532,350.0,5073.29020979021,1.92845615922539,56.623238300161375,47.49585798816568,0.9384615384615385,32.757831325301204,18.249397590361443,53.855421686746986,1.5783132530120483
9620,18,Lance STROLL,Aston Martin,77.9,148.29072,159.48161616801355,25,80.89515868746638,349.0,4821.057019903174,2.0637977407208177,53.166379774072084,44.353308230231306,0.8755244755244755,32.757831325301204,18.249397590361443,53.855421686746986,1.5783132530120483
9620,20,Kevin MAGNUSSEN,Haas F1 Team,77.474,149.20133333333334,206.48585853380962,18,59.10704679935449,349.0,3878.628079612695,1.571705217859064,50.208230231307155,42.7287789133943,0.7900484131253362,32.757831325301204,18.249397590361443,53.855421686746986,1.5783132530120483
9620,22,Yuki TSUNODA,RB,77.302,149.12363157894734,124.92075942275972,19,62.158149542764924,341.0,4004.6296933835397,1.4779989241527702,32.67740720817644,23.11371705217859,0.6253899946207638,32.757831325301204,18.249397590361443,53.855421686746986,1.5783132530120483
9620,23,Alexander ALBON,Williams,77.511,144.69455555555558,119.45839785940461,18,59.73550295857988,346.0,4020.3596557288865,1.5372243141473911,57.25287789133943,52.85637439483593,0.9109198493813878,32.757831325301204,18.249397590361443,53.855421686746986,1.5783132530120483
9620,24,ZHOU Guanyu,Kick Sauber,78.428,212.49952941176468,236.56559921637395,17,56.213448090371166,342.0,3465.9168908015063,1.57154384077461,48.99698762775686,44.354599246906936,0.78536847767617,32.757831325301204,18.249397590361443,53.855421686746986,1.5783132530120483
9620,27,Nico HULKENBERG,Haas F1 Team,77.819,152.17542105263155,238.9602856999939,19,62.36498117267348,350.0,3859.5179128563746,1.6937062937062937,53.337278106508876,44.024314147391074,0.8456697149004841,32.757831325301204,18.249397590361443,53.855421686746986,1.5783132530120483
9620,30,Liam LAWSON,RB,77.494,124.08977272727275,73.90858186049955,22,71.54610005379236,343.0,4403.650618612157,1.7520710059171598,29.85911780527165,19.526627218934912,0.6112963959117805,32.757831325301204,18.249397590361443,53.855421686746986,1.5783132530120483
9620,31,Esteban OCON,Alpine,78.324,186.32538888888885,257.3708064076116,18,59.34685314685315,345.0,3861.205217859064,1.7420118343195266,64.72296933835395,57.34760623991393,0.9391070467993545,32.757831325301204,18.249397590361443,53.855421686746986,1.5783132530120483
9620,43,Franco COLAPINTO,Williams,77.712,161.21718749999997,141.3437388126101,16,55.776923076923076,344.0,3640.6165680473373,1.5284023668639053,55.45008068854223,49.67143625605164,0.8881118881118881,32.757831325301204,18.249397590361443,53.855421686746986,1.5783132530120483
9620,44,Lewis HAMILTON,Mercedes,77.06,175.58352631578947,194.67059806905894,19,65.91565357719203,350.0,4141.6615922539,1.830231307154384,60.975954814416355,53.39257665411512,0.9941904249596557,32.757831325301204,18.249397590361443,53.855421686746986,1.5783132530120483
9620,55,Carlos SAINZ,Ferrari,76.832,150.19344999999998,129.05655424598743,20,64.9536847767617,350.0,4693.550779989241,1.6588488434642281,47.80903711672943,40.03076923076923,0.863743948359333,32.757831325301204,18.249397590361443,53.855421686746986,1.5783132530120483
9620,63,George RUSSELL,Mercedes,77.341,142.7004814814815,117.07335443576495,27,87.03776223776224,348.0,5336.135072619688,2.243518020441097,41.098332436793974,28.46799354491662,0.8261430876815492,32.757831325301204,18.249397590361443,53.855421686746986,1.5783132530120483
9620,77,Valtteri BOTTAS,Kick Sauber,77.639,156.5175833333333,191.57425902569233,24,77.84055944055945,342.0,4534.813071543841,2.104572350726197,50.70043033889188,40.12200107584723,0.8209252286175364,32.757831325301204,18.249397590361443,53.855421686746986,1.5783132530120483
9620,81,Oscar PIASTRI,McLaren,76.492,170.99394117647057,170.6347043973214,17,56.11963421194191,346.0,4340.994082840237,1.4800968262506724,62.405325443786985,56.54911242603551,0.9760623991393222,32.757831325301204,18.249397590361443,53.855421686746986,1.5783132530120483
9621,1,Max VERSTAPPEN,Red Bull Racing,76.171,215.61388235294115,233.83623638573422,17,57.07608458687595,348.0,3352.524362328319,1.4711140178766078,34.74318726836712,29.108131676477,0.8679420100283409,39.41234567901235,21.962962962962962,40.53086419753087,1.4320987654320987
9621,4,Lando NORRIS,McLaren,76.26,271.498,361.4347688915861,14,47.19724220623501,348.0,3427.2634619577066,1.1659036407237846,58.10606060606061,53.82515805537388,0.8307717462393721,39.41234567901235,21.962962962962962,40.53086419753087,1.4320987654320987
9621,10,Pierre GASLY,Alpine,76.892,248.5772,276.0505911780665,15,56.77883148027033,349.0,4078.6385437104864,1.4508938303902332,46.054992369740575,39.618051013734465,0.8500654022236757,39.41234567901235,21.962962962962962,40.53086419753087,1.4320987654320987
9621,11,Sergio PEREZ,Red Bull Racing,77.611,110.60625,53.9699879325306,8,28.380749945498145,348.0,1697.0015260518858,0.7001308044473512,78.27926749509483,74.22585567909309,1.0,39.41234567901235,21.962962962962962,40.53086419753087,1.4320987654320987
9621,14,Fernando ALONSO,Aston Martin,77.168,199.26472727272724,202.8274476513073,11,41.00218007412252,348.0,2885.8895247438413,1.0910180946152168,57.555973403095706,53.354262044909525,0.8479398299542185,39.41234567901235,21.962962962962962,40.53086419753087,1.4320987654320987
9621,16,Charles LECLERC,Ferrari,76.265,195.6785263157895,225.9850354627302,19,66.37459123610203,351.0,4339.310115543928,1.70863309352518,46.69702419882276,38.937867887508176,0.9652278177458034,39.41234567901235,21.962962962962962,40.53086419753087,1.4320987654320987
9621,18,Lance STROLL,Aston Martin,77.294,184.93408333333335,179.7912389307195,12,44.01896664486593,350.0,2955.644974929148,1.1115107913669064,56.362600828428164,52.70263788968825,0.8513734466971877,39.41234567901235,21.962962962962962,40.53086419753087,1.4320987654320987
9621,20,Kevin MAGNUSSEN,Haas F1 Team,76.886,224.2921333333333,243.95387336731417,15,56.84565075212557,351.0,3792.5325376062788,1.501144538914323,70.47362110311751,63.36102027468934,1.0,39.41234567901235,21.962962962962962,40.53086419753087,1.4320987654320987
9621,22,Yuki TSUNODA,RB,77.129,200.02633333333333,198.62771769988865,9,34.0511227381731,345.0,2169.181654676259,0.8215609330717244,46.81196860693264,41.89077828646174,0.7680401133638544,39.41234567901235,21.962962962962962,40.53086419753087,1.4320987654320987
9621,23,Alexander ALBON,Williams,76.988,221.73375000000001,261.71516661809557,16,56.908545890560276,345.0,3621.2381730978855,1.4857750163505559,71.26433398735557,66.54937867887509,1.0,39.41234567901235,21.962962962962962,40.53086419753087,1.4320987654320987
9621,24,ZHOU Guanyu,Kick Sauber,78.072,124.29862500000002,64.46710628285075,8,28.449531284063656,345.0,1713.3435251798562,0.7484194462611728,73.44882275997384,70.3076084586876,0.8507739263134947,39.41234567901235,21.962962962962962,40.53086419753087,1.4320987654320987
9621,27,Nico HULKENBERG,Haas F1 Team,76.995,222.7378,243.44575391496699,15,56.699585785916724,350.0,3869.4995094833225,1.5464355788096795,68.90832788314803,62.05232177894048,1.0,39.41234567901235,21.962962962962962,40.53086419753087,1.4320987654320987
9621,30,Liam LAWSON,RB,77.162,200.60255555555557,207.41285010449363,9,34.6294964028777,344.0,2277.3664704599955,0.8733376934815784,54.34837584477872,50.303030303030305,0.7693481578373664,39.41234567901235,21.962962962962962,40.53086419753087,1.4320987654320987
9621,31,Esteban OCON,Alpine,77.617,131.35625,71.28685596193382,8,28.228362764333987,349.0,2296.839056027905,0.7658600392413342,68.47285807717462,65.53390015260518,0.8507194244604317,39.41234567901235,21.962962962962962,40.53086419753087,1.4320987654320987
9621,43,Franco COLAPINTO,Williams,77.558,126.2298,77.53493804576101,5,19.05842598648354,342.0,1132.6570743405275,0.5186396337475474,93.00670372792675,91.06256812731633,1.0,39.41234567901235,21.962962962962962,40.53086419753087,1.4320987654320987
9621,44,Lewis HAMILTON,Mercedes,76.651,231.284625,267.55963743969187,16,59.583878351863966,351.0,3724.71299324177,1.5718879441901024,50.93596032265097,43.49923697405712,0.8201983867451493,39.41234567901235,21.962962962962962,40.53086419753087,1.4320987654320987
9621,55,Carlos SAINZ,Ferrari,75.946,201.30394736842103,242.20079539320776,19,66.24046217571397,350.0,4533.971495530848,1.682199694789623,46.72536516241552,38.537824286025725,0.9856115107913669,39.41234567901235,21.962962962962962,40.53086419753087,1.4320987654320987
9621,63,George RUSSELL,Mercedes,76.356,231.32237500000002,267.91787494885324,16,59.79289295836058,349.0,3824.6510246348375,1.485229997819926,70.05608240680183,61.721386527141924,1.0,39.41234567901235,21.962962962962962,40.53086419753087,1.4320987654320987
9621,77,Valtteri BOTTAS,Kick Sauber,77.393,183.55558333333332,168.59413562036013,12,43.85148245040332,346.0,2661.830553738827,1.197787224765642,64.09990189666449,60.02267277087421,0.8507739263134947,39.41234567901235,21.962962962962962,40.53086419753087,1.4320987654320987
9621,81,Oscar PIASTRI,McLaren,77.597,113.1182857142857,61.58102684086642,7,25.318835840418576,347.0,2071.377370830608,0.6304229343797689,71.09210813167648,68.0586439938958,0.8125136254632658,39.41234567901235,21.962962962962962,40.53086419753087,1.4320987654320987
9625,1,Max VERSTAPPEN,Red Bull Racing,80.872,86.1375352112676,13.680496127885792,71,122.33919024281577,356.0,6685.5786923591,3.1385609267097347,36.01612274448652,17.593116507017154,0.22092893740253955,35.60251572327045,19.88867924528302,51.0503144654088,2.150943396226415
9625,4,Lando NORRIS,McLaren,79.691,85.36471830985914,13.26650054177348,71,120.99571173980841,354.0,6773.08565382045,3.0295722878146583,42.344982178658945,23.52717754511027,0.30287926041434615,35.60251572327045,19.88867924528302,51.0503144654088,2.150943396226415
9625,10,Pierre GASLY,Alpine,81.274,86.78158571428573,13.02733910172083,70,119.57173089775006,353.0,6795.361355535754,3.003564268211183,35.72023279126754,15.574292715526843,0.23448986411227446,35.60251572327045,19.88867924528302,51.0503144654088,2.150943396226415
9625,11,Sergio PEREZ,Red Bull Racing,79.209,87.56354285714285,13.430604182437444,70,120.14112274448652,354.0,6664.831671864557,3.0465582535085765,35.00952327912675,17.139117843617733,0.22555134773891736,35.60251572327045,19.88867924528302,51.0503144654088,2.150943396226415
9625,14,Fernando ALONSO,Aston Martin,82.722,101.78013333333334,22.352837337771888,15,27.129371797727778,350.0,1700.557529516596,0.7218200044553352,56.090081309868566,53.740142570728445,0.1810815326353308,35.60251572327045,19.88867924528302,51.0503144654088,2.150943396226415
9625,16,Charles LECLERC,Ferrari,78.336,85.7819014084507,13.328397173540102,71,121.00751837825797,351.0,6950.226553798173,3.037870349743818,47.950796391178436,28.62675428826019,0.4257351303185565,35.60251572327045,19.88867924528302,51.0503144654088,2.150943396226415
9625,18,Lance STROLL,Aston Martin,81.311,86.87558571428572,13.100452907648277,70,119.5021719759412,355.0,6841.151954778347,2.9930385386500333,34.35063488527512,17.42871463577634,0.22326798841612833,35.60251572327045,19.88867924528302,51.0503144654088,2.150943396226415
9625,20,Kevin MAGNUSSEN,Haas F1 Team,80.637,86.19511267605634,13.098228162671035,71,122.14315549120072,358.0,6840.344035419916,3.1411505903319226,36.355368678993095,17.665627088438406,0.37767320115838715,35.60251572327045,19.88867924528302,51.0503144654088,2.150943396226415
9625,22,Yuki TSUNODA,RB,,,,0,6.643545333036311,322.0,565.3573735798619,0.17631989307195367,69.10021719759412,69.2901537090666,0.7501670750723992,35.60251572327045,19.88867924528302,51.0503144654088,2.150943396226415
9625,23,Alexander ALBON,Williams,,,,0,8.465972376921364,323.0,663.4684228113166,0.22613611049231455,69.03191133882825,69.709400757407,0.729588995321898,35.60251572327045,19.88867924528302,51.0503144654088,2.150943396226415
9625,24,ZHOU Guanyu,Kick Sauber,81.553,87.40008571428572,13.304857693707058,70,119.4357596346625,356.0,6551.960904433058,3.1613945199376254,42.912619737135216,24.790487859211407,0.3658108710180441,35.60251572327045,19.88867924528302,51.0503144654088,2.150943396226415
9625,27,Nico HULKENBERG,Haas F1 Team,80.748,86.5569857142857,13.071042651047781,70,121.13920138115394,357.0,6743.756571619514,3.1342169748273556,36.834484294943195,17.791935843172197,0.3363778124303854,35.60251572327045,19.88867924528302,51.0503144654088,2.150943396226415
9625,30,Liam LAWSON,RB,79.502,87.43752857142857,13.326832538391356,70,120.43390076059399,354.0,6849.494274649654,2.964533474493634,37.725238904521774,17.986794082411613,0.2679073914133675,35.60251572327045,19.88867924528302,51.0503144654088,2.150943396226415
9625,31,Esteban OCON,Alpine,80.659,86.38718840579709,12.354920235961337,69,117.92373022944976,357.0,6702.673785921141,3.025423256850078,55.72362998440633,38.38048563154377,0.19063265760748496,35.60251572327045,19.88867924528302,51.0503144654088,2.150943396226415
9625,43,Franco COLAPINTO,Williams,80.09,86.90975714285716,13.251325991263469,70,121.02493522413842,353.0,6587.429693812164,3.28938790293372,33.70799320201711,17.463015072576827,0.24999303485359262,35.60251572327045,19.88867924528302,51.0503144654088,2.150943396226415
9625,44,Lewis HAMILTON,Mercedes,80.371,85.92950704225356,13.153453569816966,71,122.26286478057474,359.0,6810.084205836489,3.234963243484072,43.11046446870127,24.255402094007575,0.3347070617063934,35.60251572327045,19.88867924528302,51.0503144654088,2.150943396226415
9625,55,Carlos SAINZ,Ferrari,80.137,85.29808450704226,13.24232307685218,71,121.07086767654266,351.0,6935.257156382268,3.0992704388505237,47.35205502339051,28.242036088215638,0.40412675428826017,35.60251572327045,19.88867924528302,51.0503144654088,2.150943396226415
9625,63,George RUSSELL,Mercedes,80.731,85.98264788732395,13.137694516696788,71,122.3949933169971,359.0,6899.559144575629,3.186316551570506,43.47630318556472,22.617620850969036,0.28951325462241034,35.60251572327045,19.88867924528302,51.0503144654088,2.150943396226415
9625,77,Valtteri BOTTAS,Kick Sauber,81.085,87.12025714285716,13.289716144110091,70,119.45505680552462,355.0,6518.937458231232,3.229783916239697,44.482874805079085,25.915794163510803,0.35823680106928046,35.60251572327045,19.88867924528302,51.0503144654088,2.150943396226415
9625,81,Oscar PIASTRI,McLaren,80.064,86.2142676056338,13.585613796371582,71,120.77514479839608,361.0,6750.925178213411,3.015343060815326,34.49791156159501,15.82479394074404,0.25943974159055466,35.60251572327045,19.88867924528302,51.0503144654088,2.150943396226415
9626,1,Max VERSTAPPEN,Red Bull Racing,71.712,123.6043448275862,139.01777668819688,29,94.50150281436144,332.0,5136.1649270451935,2.455707962183726,52.42111590797311,37.15175692660801,1.0,54.140243902439025,26.103658536585368,54.9390243902439,1.0865853658536584
9626,4,Lando NORRIS,McLaren,70.61,130.4162142857143,143.5324010228445,28,91.31930706595989,339.0,5493.864528116291,2.26148969889065,63.335919995628174,49.301491884802445,1.0,54.140243902439025,26.103658536585368,54.9390243902439,1.0865853658536584
9626,10,Pierre GASLY,Alpine,71.216,144.31465384615387,207.57250630950853,26,85.03175036887262,336.0,5001.911251980982,2.1599540958522323,48.1950379802175,33.015356030384176,0.8180774905732554,54.140243902439025,26.103658536585368,54.9390243902439,1.0865853658536584
9626,11,Sergio PEREZ,Red Bull Racing,71.845,138.20085185185187,160.54385568544322,27,88.05934750532816,331.0,5022.909940433903,2.234165801409913,52.39543144434122,38.992513252090276,1.0,54.140243902439025,26.103658536585368,54.9390243902439,1.0865853658536584
9626,14,Fernando ALONSO,Aston Martin,71.215,149.46192000000002,177.20946649339473,25,81.6932072790863,336.0,4666.787966555549,2.3036231488059458,49.45057106945735,38.38898300453577,0.850592928575332,54.140243902439025,26.103658536585368,54.9390243902439,1.0865853658536584
9626,16,Charles LECLERC,Ferrari,71.038,124.44746666666667,128.4987131517234,30,97.67375266408,330.0,6173.975845674627,2.5002459150773264,61.48554565823269,44.04502978304826,1.0,54.140243902439025,26.103658536585368,54.9390243902439,1.0865853658536584
9626,18,Lance STROLL,Aston Martin,71.783,138.36452,146.15494301736635,25,81.95453303459206,335.0,4872.022788130499,2.1297338652385376,66.84310618066561,54.9835510137166,1.0,54.140243902439025,26.103658536585368,54.9390243902439,1.0865853658536584
9626,22,Yuki TSUNODA,RB,71.483,150.89891666666668,200.79033168330855,24,78.99087381824144,329.0,4721.94999726761,1.9434395322148752,48.578720148642,33.74763648286792,0.7796054429203781,54.140243902439025,26.103658536585368,54.9390243902439,1.0865853658536584
9626,23,Alexander ALBON,Williams,70.955,131.13462962962961,127.01434354321829,27,88.134761462375,334.0,5358.735450024592,2.3242800153013827,60.03344445051642,50.35728728345811,1.0,54.140243902439025,26.103658536585368,54.9390243902439,1.0865853658536584
9626,24,ZHOU Guanyu,Kick Sauber,72.883,147.94276,200.69467879747685,25,85.52221432865184,328.0,4782.517733209465,2.3654844527023333,47.76118913601836,36.94693699109241,0.8186786163178316,54.140243902439025,26.103658536585368,54.9390243902439,1.0865853658536584
9626,27,Nico HULKENBERG,Haas F1 Team,71.124,145.078,169.98361335728808,25,82.56423848297722,333.0,5229.583474506803,2.2078802120334444,62.8761680966173,50.70943767418984,1.0,54.140243902439025,26.103658536585368,54.9390243902439,1.0865853658536584
9626,30,Liam LAWSON,RB,71.301,141.56184000000002,169.76351328025228,25,82.06841903929177,330.0,4915.637029345866,2.0268320673260836,45.21296245696486,31.89420186895459,0.7783485436362643,54.140243902439025,26.103658536585368,54.9390243902439,1.0865853658536584
9626,31,Esteban OCON,Alpine,71.827,148.84716,198.97832368430088,25,82.23766326028745,337.0,4928.176020547571,2.146292147111864,67.44220995682824,54.37127711896825,1.0,54.140243902439025,26.103658536585368,54.9390243902439,1.0865853658536584
9626,43,Franco COLAPINTO,Williams,71.619,120.09989999999998,91.58258920244248,30,97.66664845073501,333.0,5833.091261817585,2.6384501885348928,56.207880212033444,43.51101153068473,1.0,54.140243902439025,26.103658536585368,54.9390243902439,1.0865853658536584
9626,44,Lewis HAMILTON,Mercedes,71.754,128.55613793103447,127.40189731378959,29,94.90278157276354,331.0,5556.3025301929065,2.6801464560904966,59.056997650144815,45.266080113667414,0.9901087491119733,54.140243902439025,26.103658536585368,54.9390243902439,1.0865853658536584
9626,50,Oliver BEARMAN,Haas F1 Team,70.805,128.25593103448278,120.55976762411849,29,94.29564457074157,338.0,5872.5776818405375,2.449478113558118,58.36980162850429,47.09568828897754,1.0,54.140243902439025,26.103658536585368,54.9390243902439,1.0865853658536584
9626,55,Carlos SAINZ,Ferrari,71.1,126.85017241379309,140.45329882281746,29,94.59620744302967,330.0,6151.867424449423,2.39242581561834,58.187933766872504,41.98983551013717,0.9974862014317722,54.140243902439025,26.103658536585368,54.9390243902439,1.0865853658536584
9626,63,George RUSSELL,Mercedes,70.791,159.3718260869565,268.86218470947586,23,75.82540029509809,328.0,4469.402317066506,1.995628176403082,69.25165309579758,55.17066506366468,0.9916388873708946,54.140243902439025,26.103658536585368,54.9390243902439,1.0865853658536584
9626,77,Valtteri BOTTAS,Kick Sauber,71.651,134.97771428571428,169.87930282889866,28,91.64795890485819,327.0,4954.73080496202,2.510246461555276,52.29160063391442,37.78523416580141,0.8180228427782938,54.140243902439025,26.103658536585368,54.9390243902439,1.0865853658536584
9626,81,Oscar PIASTRI,McLaren,70.95,127.67779310344825,151.82265472637505,29,94.44953276135308,334.0,5750.919613093612,2.379747527187278,62.605880102737856,48.41925788294442,1.0,54.140243902439025,26.103658536585368,54.9390243902439,1.0865853658536584
9631,1,Max VERSTAPPEN,Red Bull Racing,69.219,225.50490909090905,301.9838480335887,11,50.868395558536406,332.0,3063.0985170280946,1.2556077203964529,46.55108428347865,39.58208510321187,0.9971681943512929,39.53387096774193,21.25645161290323,78.2258064516129,2.0709677419354837
9631,4,Lando NORRIS,McLaren,68.928,187.01615384615386,211.14814842112315,13,60.0470228780088,331.0,3779.9797302332513,1.4465310380803338,45.636187495342426,38.27140621506819,0.7750950145316342,39.53387096774193,21.25645161290323,78.2258064516129,2.0709677419354837
9631,10,Pierre GASLY,Alpine,69.61,180.81285714285713,165.3745440360228,14,64.01997168194352,331.0,4131.454206721813,1.604143378791266,44.328638497652584,35.92905581637976,0.8023697742007602,39.53387096774193,21.25645161290323,78.2258064516129,2.0709677419354837
9631,11,Sergio PEREZ,Red Bull Racing,70.024,177.44544444444443,170.3618063202294,9,42.313883299798796,337.0,2547.3656010134882,1.0403159698934348,57.307325434085996,51.39041657351517,0.9855428869513376,39.53387096774193,21.25645161290323,78.2258064516129,2.0709677419354837
9631,14,Fernando ALONSO,Aston Martin,70.978,137.94199999999998,102.65397721471878,5,25.420895744839406,330.0,1691.6417765854385,0.6417020642372755,62.25150905432596,60.65161338400775,0.7990908413443625,39.53387096774193,21.25645161290323,78.2258064516129,2.0709677419354837
9631,16,Charles LECLERC,Ferrari,69.153,153.34864705882353,156.27225777391772,17,76.70705715776138,329.0,4847.569267456592,1.9939637826961771,44.47388031895074,34.06036217303823,0.9242119382964453,39.53387096774193,21.25645161290323,78.2258064516129,2.0709677419354837
9631,18,Lance STROLL,Aston Martin,71.28,145.685,118.19430489664043,5,25.515388628064684,329.0,1871.7742752813176,0.6499739175795514,63.1426335792533,60.9550637156271,0.8015500409866607,39.53387096774193,21.25645161290323,78.2258064516129,2.0709677419354837
9631,22,Yuki TSUNODA,RB,71.121,113.752,55.012060223191064,5,25.591027647365674,328.0,1588.540055145689,0.6385721737834414,64.35412474849095,60.45666592145465,0.7677919368060213,39.53387096774193,21.25645161290323,78.2258064516129,2.0709677419354837
9631,23,Alexander ALBON,Williams,69.844,208.92427272727272,216.4447379536742,11,50.92525523511439,333.0,3166.970116998286,1.3711901035844698,51.66756092108205,48.44146359639318,0.7975258961174454,39.53387096774193,21.25645161290323,78.2258064516129,2.0709677419354837
9631,24,ZHOU Guanyu,Kick Sauber,72.978,178.0735,150.56002374551485,4,21.238020716893956,327.0,1399.5090543259557,0.5798494671734108,66.84618824055444,65.52559803264029,0.7978239809225725,39.53387096774193,21.25645161290323,78.2258064516129,2.0709677419354837
9631,27,Nico HULKENBERG,Haas F1 Team,69.964,221.92442857142854,298.65986642612944,7,34.48312094790968,333.0,2629.5092778895596,0.90625232878754,79.0388255458678,74.9546165884194,0.9976153215589836,39.53387096774193,21.25645161290323,78.2258064516129,2.0709677419354837
9631,30,Liam LAWSON,RB,69.827,246.01859999999996,306.086094377448,10,46.87726358148893,329.0,2846.134361725911,1.1482971905507118,54.12527013935465,47.7069826365601,0.7705492212534466,39.53387096774193,21.25645161290323,78.2258064516129,2.0709677419354837
9631,31,Esteban OCON,Alpine,71.052,140.4614,112.9331690826039,5,25.53245398315821,330.0,2122.6317162232654,0.7247186824651614,62.88777107086966,59.38505104702288,0.7998360533571801,39.53387096774193,21.25645161290323,78.2258064516129,2.0709677419354837
9631,43,Franco COLAPINTO,Williams,70.275,177.40925,171.9176281986158,8,38.11461360757136,333.0,2681.6010880095387,1.0459795811908488,50.66703927267307,47.534987704001786,0.7969297265071913,39.53387096774193,21.25645161290323,78.2258064516129,2.0709677419354837
9631,44,Lewis HAMILTON,Mercedes,69.941,140.32666666666668,116.82446791542526,12,55.230941202772186,330.0,3305.4475743348985,1.5252999478351592,70.54765630821969,63.4094940010433,0.9971681943512929,39.53387096774193,21.25645161290323,78.2258064516129,2.0709677419354837
9631,50,Oliver BEARMAN,Haas F1 Team,69.629,218.1444545454545,254.46452297122914,11,51.16171100678143,336.0,3218.671734108354,1.3427975258961173,49.025933378046055,44.497801624562186,0.781205753036739,39.53387096774193,21.25645161290323,78.2258064516129,2.0709677419354837
9631,55,Carlos SAINZ,Ferrari,69.257,191.52276923076923,271.5458904362076,13,63.73105298457411,330.0,4242.025337208436,1.598479767493852,53.56010134883374,44.70020120724346,0.9975408003577018,39.53387096774193,21.25645161290323,78.2258064516129,2.0709677419354837
9631,63,George RUSSELL,Mercedes,69.443,191.43115384615388,200.7842464203597,13,64.43498025188165,330.0,4114.570310753409,1.6352932409270438,61.73261792980103,51.55436321633505,0.9534987704001788,39.53387096774193,21.25645161290323,78.2258064516129,2.0709677419354837
9631,77,Valtteri BOTTAS,Kick Sauber,70.595,160.5439090909091,126.34669765692304,11,51.40956852224458,329.0,3114.971905507117,1.402787092927938,53.36470675907296,46.71704299873314,0.7976749385200089,39.53387096774193,21.25645161290323,78.2258064516129,2.0709677419354837
9631,81,Oscar PIASTRI,McLaren,68.899,164.42013333333333,140.28076137273976,15,68.78396303748417,332.0,4317.485058499143,1.7348535658394812,36.44735077129443,28.558909009613235,0.7639913555406513,39.53387096774193,21.25645161290323,78.2258064516129,2.0709677419354837
9635,1,Max VERSTAPPEN,Red Bull Racing,71.852,74.5,6.403305409448051,24,90.88569238931792,344.0,4866.4170842421745,2.303189294346519,33.523433354949006,19.74674291104168,0.42303837764546365,45.946052631578944,28.080263157894734,49.44736842105263,1.6618421052631578
9635,4,Lando NORRIS,McLaren,71.917,74.43516666666666,6.4173126882589155,24,90.90390850674999,341.0,4962.844720863055,2.252431763249425,26.55621057595944,11.927371337617167,0.5457171490891941,45.946052631578944,28.080263157894734,49.44736842105263,1.6618421052631578
9635,10,Pierre GASLY,Alpine,72.4,75.192625,6.281847975267707,24,90.19984672522548,340.0,4997.418263278902,2.294228615221364,28.420326593173378,11.159582620998645,0.3161586983434534,45.946052631578944,28.080263157894734,49.44736842105263,1.6618421052631578
9635,11,Sergio PEREZ,Red Bull Racing,71.678,75.21845833333333,6.719591716138505,24,90.13299534280493,346.0,4915.158521487944,2.2491894122501916,34.39827860637859,19.289512468313387,0.4343571302246065,45.946052631578944,28.080263157894734,49.44736842105263,1.6618421052631578
9635,14,Fernando ALONSO,Aston Martin,73.111,76.33017391304347,5.9922325494156174,23,86.25927017626599,348.0,4589.337911925956,2.246595531450805,24.944526321994932,13.253080233449271,0.39020220479867945,45.946052631578944,28.080263157894734,49.44736842105263,1.6618421052631578
9635,16,Charles LECLERC,Ferrari,71.914,74.67425,6.371627442877788,24,90.60779343276543,338.0,4919.663326062607,2.3723987502210693,33.180510522902786,16.816365029770676,0.5055709485350469,45.946052631578944,28.080263157894734,49.44736842105263,1.6618421052631578
9635,18,Lance STROLL,Aston Martin,73.56,76.31604347826087,6.046482797089641,23,85.99575546778283,346.0,4684.241054058834,2.2147615398219656,24.797382538466074,9.880799386900902,0.3995165949419324,45.946052631578944,28.080263157894734,49.44736842105263,1.6618421052631578
9635,22,Yuki TSUNODA,RB,72.838,76.16166666666668,6.346944722112802,24,89.44060602487768,344.0,4888.185344573483,2.22378117078347,28.30926133349054,10.57006425750162,0.5327477450922596,45.946052631578944,28.080263157894734,49.44736842105263,1.6618421052631578
9635,23,Alexander ALBON,Williams,71.692,75.46162500000001,6.410734798058773,24,89.84183222307375,352.0,4872.318752579143,2.3710428579850262,25.551435477215115,13.830100807640157,0.2850910805871603,45.946052631578944,28.080263157894734,49.44736842105263,1.6618421052631578
9635,24,ZHOU Guanyu,Kick Sauber,73.559,76.04578260869565,5.949526798549114,23,86.09756528915875,344.0,4420.964039379826,2.3202853268879324,64.98473147438543,49.178800919648644,0.1520367859458822,45.946052631578944,28.080263157894734,49.44736842105263,1.6618421052631578
9635,27,Nico HULKENBERG,Haas F1 Team,72.879,74.03663157894736,2.0920524852660938,19,72.72139362141131,348.0,3975.15746035489,1.8820963273005955,34.18463715144727,23.03743441608206,0.493662677592407,45.946052631578944,28.080263157894734,49.44736842105263,1.6618421052631578
9635,30,Liam LAWSON,RB,72.596,75.298125,6.329482978572711,24,89.77008783823617,344.0,4928.346695749573,2.2263160997465072,27.807345398809172,12.527265224311737,0.32317396686906796,45.946052631578944,28.080263157894734,49.44736842105263,1.6618421052631578
9635,31,Esteban OCON,Alpine,72.882,75.86254166666667,6.360732662065267,24,89.73996344986146,344.0,4816.989034958439,2.2992984731474384,27.270353121499735,11.466367977362495,0.30006484701998465,45.946052631578944,28.080263157894734,49.44736842105263,1.6618421052631578
9635,43,Franco COLAPINTO,Williams,72.701,75.82108333333333,6.226639689783639,24,90.09992336261274,349.0,4831.205800860696,2.4444968460767553,24.93833637917821,10.8120025938808,0.3331957790485174,45.946052631578944,28.080263157894734,49.44736842105263,1.6618421052631578
9635,44,Lewis HAMILTON,Mercedes,72.546,75.67933333333333,6.323801340087219,24,89.79390438012145,355.0,4792.027530507576,2.4357130224606496,41.640865412957616,26.559217119613276,0.44915404114838176,45.946052631578944,28.080263157894734,49.44736842105263,1.6618421052631578
9635,50,Oliver BEARMAN,Haas F1 Team,72.974,75.91266666666667,6.3329306779896335,24,89.7414372457702,351.0,4871.604079467075,2.3492306785356365,30.767435005600426,17.32429405175971,0.5044508636444025,45.946052631578944,28.080263157894734,49.44736842105263,1.6618421052631578
9635,55,Carlos SAINZ,Ferrari,71.975,74.73958333333333,6.573809505128836,24,90.6245947061251,324.0,4954.41101220303,2.3511760891351767,33.41042268466663,17.179272534339443,0.47468018628780284,45.946052631578944,28.080263157894734,49.44736842105263,1.6618421052631578
9635,63,George RUSSELL,Mercedes,72.142,74.95845833333333,6.463195778013424,24,89.79284324706714,343.0,4863.697930790544,2.3563048988976005,27.265165359900962,9.620939692271413,0.223368507929022,45.946052631578944,28.080263157894734,49.44736842105263,1.6618421052631578
9635,77,Valtteri BOTTAS,Kick Sauber,72.698,76.23791666666666,6.090009879005855,24,89.39863231739669,344.0,4688.98932971762,2.4536343807109593,38.48163650297707,22.896185816188176,0.5151800978600484,45.946052631578944,28.080263157894734,49.44736842105263,1.6618421052631578
9635,81,Oscar PIASTRI,McLaren,71.783,74.462375,6.391476966844857,24,90.94511584035843,322.0,4909.632671107705,2.3000648470199847,26.850203383835407,11.560455108176619,0.45823262394623593,45.946052631578944,28.080263157894734,49.44736842105263,1.6618421052631578
9627,1,Max VERSTAPPEN,Red Bull Racing,87.771,202.59539999999998,213.58035795637514,15,45.16309603201067,308.0,2973.91734744915,1.100700233411137,61.23299433144381,57.954318106035345,1.0,23.379439252336446,20.271962616822428,93.35514018691589,0.5803738317757009
9627,4,Lando NORRIS,McLaren,83.405,227.9224444444444,257.43487372153896,27,78.24062187395799,310.0,5063.812270756919,1.8286512170723574,46.956485495165055,42.42214071357119,1.0,23.379439252336446,20.271962616822428,93.35514018691589,0.5803738317757009
9627,10,Pierre GASLY,Alpine,89.42,184.33582352941175,186.65527844957,17,49.99083027675892,310.0,3905.5085028342783,1.2882627542514171,64.38108536178726,60.27842614204735,1.0,23.379439252336446,20.271962616822428,93.35514018691589,0.5803738317757009
9627,11,Sergio PEREZ,Red Bull Racing,88.158,216.20592857142856,230.28845910306995,14,42.97690896965655,310.0,2879.0215488496165,1.0795681893964655,56.510920306768924,53.458986328776255,1.0,23.379439252336446,20.271962616822428,93.35514018691589,0.5803738317757009
9627,14,Fernando ALONSO,Aston Martin,85.035,253.94706250000002,285.52936032907996,16,51.52617539179727,306.0,3243.145715238413,1.338112704234745,66.29989163054351,62.13354451483828,1.0,23.379439252336446,20.271962616822428,93.35514018691589,0.5803738317757009
9627,16,Charles LECLERC,Ferrari,84.525,272.87831818181814,299.9433664379428,22,69.06414638212738,312.0,4511.193356118706,1.7638796265421808,37.997540846948986,30.53567855951984,1.0,23.379439252336446,20.271962616822428,93.35514018691589,0.5803738317757009
9627,18,Lance STROLL,Aston Martin,86.334,203.2759333333333,223.18840463413164,15,43.32802600866955,308.0,2843.2311603867956,1.341030343447816,72.05322607535845,69.34178059353118,1.0,23.379439252336446,20.271962616822428,93.35514018691589,0.5803738317757009
9627,22,Yuki TSUNODA,RB,84.111,255.1844583333333,288.4931828065121,24,71.16292930976992,308.0,4806.316688896299,1.7673391130376792,42.808811270423476,35.80393464488163,1.0,23.379439252336446,20.271962616822428,93.35514018691589,0.5803738317757009
9627,23,Alexander ALBON,Williams,84.657,233.44336363636364,262.6327508538293,22,63.935978659553186,315.0,4081.732869289763,1.6716405468489497,36.05668556185395,39.49416472157386,1.0,23.379439252336446,20.271962616822428,93.35514018691589,0.5803738317757009
9627,24,ZHOU Guanyu,Kick Sauber,92.263,158.6536,184.7720258530495,10,28.61541347115705,297.0,1809.1610536845615,0.7576692230743581,84.42426642214072,81.87495831943981,1.0,23.379439252336446,20.271962616822428,93.35514018691589,0.5803738317757009
9627,27,Nico HULKENBERG,Haas F1 Team,91.623,152.05290000000002,167.6544774823804,10,28.72219906635545,308.0,2344.571148716239,0.7527092364121374,79.9145965321774,76.93464488162721,1.0,23.379439252336446,20.271962616822428,93.35514018691589,0.5803738317757009
9627,30,Liam LAWSON,RB,84.484,252.56387499999997,286.5984571109192,24,73.65717739246415,308.0,4816.537054018006,2.2067355785261755,36.182310770256755,29.15621873957986,1.0,23.379439252336446,20.271962616822428,93.35514018691589,0.5803738317757009
9627,31,Esteban OCON,Alpine,84.475,250.53241666666665,281.89786661749156,24,75.86549683227743,310.0,4987.410011670557,2.037054018006002,42.84786595531844,36.06852284094698,1.0,23.379439252336446,20.271962616822428,93.35514018691589,0.5803738317757009
9627,43,Franco COLAPINTO,Williams,91.27,100.81099999999999,11.984609658502299,3,9.65113371123708,309.0,697.772757585862,0.26129543181060355,95.82748416138713,95.61603867955985,1.0,23.379439252336446,20.271962616822428,93.35514018691589,0.5803738317757009
9627,44,Lewis HAMILTON,Mercedes,91.15,165.85677777777778,192.76680106098132,9,26.034719906635544,308.0,1656.0735661887295,0.7462487495831944,83.04343114371457,81.13321107035678,1.0,23.379439252336446,20.271962616822428,93.35514018691589,0.5803738317757009
9627,50,Oliver BEARMAN,Haas F1 Team,91.229,163.83377777777775,186.25147683457902,9,26.161637212404134,305.0,2479.996457152384,0.6840196732244082,80.9245998666222,79.84428142714238,1.0,23.379439252336446,20.271962616822428,93.35514018691589,0.5803738317757009
9627,55,Carlos SAINZ,Ferrari,89.406,165.2270714285714,177.03836793937566,14,38.13483661220407,308.0,2479.681477159053,0.9730326775591864,71.83577859286429,67.99583194398133,1.0,23.379439252336446,20.271962616822428,93.35514018691589,0.5803738317757009
9627,63,George RUSSELL,Mercedes,83.578,265.27426086956524,298.0432074711166,23,71.34132210736912,312.0,4666.028717905969,1.8306935645215072,49.84669889963321,41.855951983994665,1.0,23.379439252336446,20.271962616822428,93.35514018691589,0.5803738317757009
9627,77,Valtteri BOTTAS,Kick Sauber,86.472,180.2328823529412,184.13022588275186,17,50.048016005335114,300.0,3161.3398216072023,1.3964238079359788,68.2810520173391,64.02300766922308,1.0,23.379439252336446,20.271962616822428,93.35514018691589,0.5803738317757009
9627,81,Oscar PIASTRI,McLaren,84.686,272.21827272727273,295.8677868384,22,66.47774258086028,309.0,4314.892964321441,1.6269589863287763,48.156552184061354,42.767755918639544,1.0,23.379439252336446,20.271962616822428,93.35514018691589,0.5803738317757009
9636,1,Max VERSTAPPEN,Red Bull Racing,80.472,110.36120289855072,176.00536607066553,69,93.60719041278296,319.0,5474.599511762095,2.2986684420772305,25.551531291611184,15.461606746560141,0.8194185530403906,25.769651741293536,21.662686567164172,85.2587064676617,0.735820895522388
9636,4,Lando NORRIS,McLaren,81.517,110.8147391304348,175.12040775045486,69,95.72512205947625,314.0,5901.782978251221,2.2869285397248116,26.32929427430093,16.48566355969818,0.8184642698624057,25.769651741293536,21.662686567164172,85.2587064676617,0.735820895522388
9636,10,Pierre GASLY,Alpine,81.645,110.68765217391305,175.2116358168548,69,95.72418996893032,312.0,5744.792543275633,2.4442743009320904,27.697314691522415,17.141588992454505,0.8169107856191744,25.769651741293536,21.662686567164172,85.2587064676617,0.735820895522388
9636,11,Sergio PEREZ,Red Bull Racing,82.143,111.10682608695652,171.45360037850577,69,93.11797603195738,318.0,5404.186728806037,2.335352862849534,29.15357301375943,20.56156236129605,0.827208166888593,25.769651741293536,21.662686567164172,85.2587064676617,0.735820895522388
9636,14,Fernando ALONSO,Aston Martin,82.293,111.49200000000002,173.311307508203,69,94.37649800266311,314.0,5647.575499334221,2.449622725255215,28.43011540168664,19.5288948069241,0.8841322680869951,25.769651741293536,21.662686567164172,85.2587064676617,0.735820895522388
9636,16,Charles LECLERC,Ferrari,81.631,110.7966811594203,174.03456786258218,69,95.73475366178428,317.0,5662.805725699068,2.4493342210386153,31.444429649356415,20.583488681757657,0.9162228140257435,25.769651741293536,21.662686567164172,85.2587064676617,0.735820895522388
9636,18,Lance STROLL,Aston Martin,,,,0,2.889924545051043,273.0,302.68883710608077,0.07374611628939193,76.60707944962273,77.46134043497558,0.8238126941855304,25.769651741293536,21.662686567164172,85.2587064676617,0.735820895522388
9636,22,Yuki TSUNODA,RB,81.828,110.96997101449276,174.3233437586245,69,95.58226808699511,314.0,5726.964647137151,2.379715934309809,28.685130936529074,18.34016866400355,0.8335108743897026,25.769651741293536,21.662686567164172,85.2587064676617,0.735820895522388
9636,23,Alexander ALBON,Williams,,,,0,0.0,0.0,0.0,0.0,0.0,0.0,0.0,25.769651741293536,21.662686567164172,85.2587064676617,0.735820895522388
9636,24,ZHOU Guanyu,Kick Sauber,83.058,111.51317391304347,156.25827466562214,69,95.6633155792277,305.0,5562.708988015978,2.561029738126942,37.57228140257435,28.614292055037726,0.9323790501553484,25.769651741293536,21.662686567164172,85.2587064676617,0.735820895522388
9636,27,Nico HULKENBERG,Haas F1 Team,83.764,98.605,33.26329750641088,30,45.809010208610744,318.0,3253.3858632933866,1.2844429649356415,51.17336884154461,47.658766089658236,0.8994895694629383,25.769651741293536,21.662686567164172,85.2587064676617,0.735820895522388
9636,30,Liam LAWSON,RB,82.123,111.09053623188406,173.1247810201999,69,95.48601864181092,314.0,5591.22592099423,2.390213049267643,28.480581446959608,17.006213936972927,0.8252552152685309,25.769651741293536,21.662686567164172,85.2587064676617,0.735820895522388
9636,31,Esteban OCON,Alpine,81.771,110.64256521739131,176.15161662493782,69,95.63202396804262,313.0,5590.299533954727,2.5643142476697736,28.193364403018197,18.81491344873502,0.824722592099423,25.769651741293536,21.662686567164172,85.2587064676617,0.735820895522388
9636,43,Franco COLAPINTO,Williams,84.296,90.28766666666668,10.962568748042383,30,46.56107412339104,318.0,2859.3867066134044,3.289968930315135,60.61653351087439,57.93191300488238,0.8821793164669329,25.769651741293536,21.662686567164172,85.2587064676617,0.735820895522388
9636,44,Lewis HAMILTON,Mercedes,82.041,111.09598550724635,172.89111338370682,69,95.67782956058589,319.0,5432.204039059033,2.64063470927652,26.762294718153573,15.463826009764759,0.8030847758544163,25.769651741293536,21.662686567164172,85.2587064676617,0.735820895522388
9636,50,Oliver BEARMAN,Haas F1 Team,82.494,111.18736231884058,171.94845041599802,69,95.89141145139814,318.0,5712.068952507768,2.5005992010652465,32.299689303151354,21.978339991122947,0.9272525521526853,25.769651741293536,21.662686567164172,85.2587064676617,0.735820895522388
9636,55,Carlos SAINZ,Ferrari,84.201,130.83148648648648,232.69259051904945,37,52.67523302263648,323.0,3464.244607190413,1.3479138925876608,54.28453173546382,47.82547714158899,0.8345983133599645,25.769651741293536,21.662686567164172,85.2587064676617,0.735820895522388
9636,63,George RUSSELL,Mercedes,81.645,110.69788405797104,174.57581019456276,69,95.69090102086108,315.0,5539.697625388371,2.5743675099866845,26.56549045716822,13.777274744784732,0.8158455392809587,25.769651741293536,21.662686567164172,85.2587064676617,0.735820895522388
9636,77,Valtteri BOTTAS,Kick Sauber,82.877,111.2817536231884,172.18764111505038,69,95.83506435863293,308.0,5459.288282290279,2.6243675099866843,39.24296493564137,30.114425210830003,0.9349090102086107,25.769651741293536,21.662686567164172,85.2587064676617,0.735820895522388
9636,81,Oscar PIASTRI,McLaren,81.532,110.86698550724638,173.63097009983957,69,95.80297381269419,315.0,5828.885042166001,2.338659565024412,26.116977363515314,15.33555259653795,0.8197958277851753,25.769651741293536,21.662686567164172,85.2587064676617,0.735820895522388
9637,1,Max VERSTAPPEN,Red Bull Racing,96.038,154.55141666666668,169.8448777021542,24,115.26035892651336,341.0,5999.741726579222,2.9185006311398936,47.13956423906482,27.510235442621152,0.9360079029691016,15.683132530120483,14.065060240963856,19.626506024096386,0.9951807228915662
9637,4,Lando NORRIS,McLaren,95.954,145.60642307692308,131.24071629794594,26,123.65764776905768,353.0,6287.429504417979,3.0924757148345314,60.48422150266176,38.64222600296361,0.9052192525108391,15.683132530120483,14.065060240963856,19.626506024096386,0.9951807228915662
9637,10,Pierre GASLY,Alpine,96.478,165.89091304347824,183.29409073705264,23,109.87135722517974,350.0,6127.373689698699,2.8065967839306296,58.394434992590966,36.6414576587454,0.9166346523242412,15.683132530120483,14.065060240963856,19.626506024096386,0.9951807228915662
9637,11,Sergio PEREZ,Red Bull Racing,96.536,154.18362499999998,196.47730381645707,24,114.03413643598046,346.0,5846.267603314856,2.81823171066352,56.84874595247242,34.663520114154,0.9573568958893585,15.683132530120483,14.065060240963856,19.626506024096386,0.9951807228915662
9637,14,Fernando ALONSO,Aston Martin,96.262,149.410875,131.52345356922484,24,114.95658855167115,350.0,5892.987871137699,2.9684978870534,64.27106086383843,44.881839635585315,0.93880687119258,15.683132530120483,14.065060240963856,19.626506024096386,0.9951807228915662
9637,16,Charles LECLERC,Ferrari,96.007,146.4391153846154,123.05296130257426,26,123.89868832665606,349.0,6557.387080840788,3.149936886010647,61.12106909609791,38.07650513144174,0.9100488447395861,15.683132530120483,14.065060240963856,19.626506024096386,0.9951807228915662
9637,18,Lance STROLL,Aston Martin,96.817,152.23529166666665,141.70153733889623,24,114.82064650677789,350.0,5932.586081993304,2.960649799681686,64.50260688216892,44.48405685747215,0.9364469568080785,15.683132530120483,14.065060240963856,19.626506024096386,0.9951807228915662
9637,20,Kevin MAGNUSSEN,Haas F1 Team,96.811,161.97634782608694,157.1034842371239,23,110.36529279402887,352.0,5878.7088524230285,2.9302453213325284,58.35031008177378,38.62510290324351,0.9107623072279238,15.683132530120483,14.065060240963856,19.626506024096386,0.9951807228915662
9637,22,Yuki TSUNODA,RB,98.574,173.8005,179.76318588499353,22,105.22095384446517,348.0,5652.046594588662,2.5910213489929204,62.29197080291971,43.60309532956479,0.9215740080127326,15.683132530120483,14.065060240963856,19.626506024096386,0.9951807228915662
9637,23,Alexander ALBON,Williams,96.948,144.31048,163.32021872753418,25,121.45634158388673,346.0,6195.6183524504695,3.254376817957302,55.348498984688,36.59316173645794,0.9265133637012238,15.683132530120483,14.065060240963856,19.626506024096386,0.9951807228915662
9637,24,ZHOU Guanyu,Kick Sauber,98.35,170.95613636363638,176.77730118461974,22,105.92151912628286,347.0,5504.219307392569,2.8599418253663353,59.95378958344767,45.41221667306954,0.913890565830635,15.683132530120483,14.065060240963856,19.626506024096386,0.9951807228915662
9637,27,Nico HULKENBERG,Haas F1 Team,97.2,155.57826086956527,140.3132781866961,23,110.39097744360902,345.0,5753.924976675265,2.920421491685418,55.453542615663245,36.35409692113495,0.8772295702760551,15.683132530120483,14.065060240963856,19.626506024096386,0.9951807228915662
9637,30,Liam LAWSON,RB,98.73,138.36707407407405,88.13150140469845,27,128.50942255920003,348.0,6652.630624690951,3.1905939234108014,54.1536179330806,31.565518378111094,0.9136311191692764,15.683132530120483,14.065060240963856,19.626506024096386,0.9951807228915662
9637,31,Esteban OCON,Alpine,97.152,156.57241666666667,160.61621204725793,24,114.56100104275286,346.0,5956.554305471708,3.023160090006037,58.90895121014214,37.091268316777345,0.9168541792437298,15.683132530120483,14.065060240963856,19.626506024096386,0.9951807228915662
9637,43,Franco COLAPINTO,Williams,98.025,137.06181481481485,125.01414027933208,27,129.30558760507665,348.0,6692.127135871656,3.4599747266633702,50.72166364485468,30.606010658755014,0.9151145541453767,15.683132530120483,14.065060240963856,19.626506024096386,0.9951807228915662
9637,44,Lewis HAMILTON,Mercedes,95.001,148.48363999999998,133.9444512301663,25,119.02409307941386,346.0,5744.513802755063,3.246803139234949,62.51303441084463,39.237363481696946,0.8935294440480764,15.683132530120483,14.065060240963856,19.626506024096386,0.9951807228915662
9637,55,Carlos SAINZ,Ferrari,96.218,146.76528,128.53496756089996,25,119.89226716426101,346.0,6377.97415070523,3.079194336205477,57.216782832994895,34.618297568739365,0.9098841995499698,15.683132530120483,14.065060240963856,19.626506024096386,0.9951807228915662
9637,63,George RUSSELL,Mercedes,95.397,131.0551785714286,101.93872126081209,28,132.5099061522419,348.0,6684.15048570331,3.4174853191372594,58.80511497722408,32.41600351243071,0.8962186488118106,15.683132530120483,14.065060240963856,19.626506024096386,0.9951807228915662
9637,77,Valtteri BOTTAS,Kick Sauber,97.765,156.87816666666666,157.5023035330665,24,114.9198726743867,351.0,5752.314197903518,3.0594917951813843,63.55962899950607,44.180890181658526,0.9140003292903792,15.683132530120483,14.065060240963856,19.626506024096386,0.9951807228915662
9637,81,Oscar PIASTRI,McLaren,96.451,153.74527999999998,156.1784286435281,25,119.15065034849898,350.0,6429.215575434938,2.9804621041655235,57.589813950935735,37.70484605674771,0.9208056637945228,15.683132530120483,14.065060240963856,19.626506024096386,0.9951807228915662
9638,1,Max VERSTAPPEN,Red Bull Racing,95.834,160.03852173913043,174.32281762016163,23,114.8380847550908,351.0,5643.653604843148,2.923500275178866,49.71799669785361,28.166648321408914,0.8727022564667034,12.880172413793101,11.150862068965516,24.29310344827586,0.9017241379310343
9638,4,Lando NORRIS,McLaren,93.836,162.72256521739132,172.6950270731933,23,115.14523940561365,350.0,5831.451348376445,2.8806824435883325,55.4537699504678,34.54155200880572,0.8386351128233351,12.880172413793101,11.150862068965516,24.29310344827586,0.9017241379310343
9638,10,Pierre GASLY,Alpine,94.651,131.40686206896552,87.36411881226208,29,138.31430930104568,360.0,6960.933571821684,3.4456796917996697,53.74193725921849,24.314144193725923,0.8483764446890478,12.880172413793101,11.150862068965516,24.29310344827586,0.9017241379310343
9638,11,Sergio PEREZ,Red Bull Racing,96.055,155.04308695652173,148.74158147165198,23,115.07611447440837,345.0,5771.2632361034675,2.847330764997248,47.66587782058338,24.411887727022563,0.8528893780957623,12.880172413793101,11.150862068965516,24.29310344827586,0.9017241379310343
9638,14,Fernando ALONSO,Aston Martin,95.44,159.1602608695652,161.79396522394913,23,115.09471656576775,346.0,5919.493780957622,2.9716565767749037,67.57611447440837,46.628508530544856,0.9980737479361586,12.880172413793101,11.150862068965516,24.29310344827586,0.9017241379310343
9638,16,Charles LECLERC,Ferrari,94.313,140.94711111111113,125.61664426321306,27,133.01199779856907,351.0,7005.413153549807,3.3953219592735278,66.43197578425976,39.76136488717666,0.9938910291689598,12.880172413793101,11.150862068965516,24.29310344827586,0.9017241379310343
9638,18,Lance STROLL,Aston Martin,95.251,142.03153846153847,121.74566447634585,26,124.12300495321959,350.0,6117.498789212988,3.2317556411667585,61.75410016510732,37.246230049532194,0.9264722069345074,12.880172413793101,11.150862068965516,24.29310344827586,0.9017241379310343
9638,20,Kevin MAGNUSSEN,Haas F1 Team,94.686,209.79577777777774,285.440054932449,18,92.67969179966978,347.0,4680.74347826087,2.4494771601541,59.26164006604293,40.08255365987892,0.8398458998348927,12.880172413793101,11.150862068965516,24.29310344827586,0.9017241379310343
9638,22,Yuki TSUNODA,RB,94.997,161.54927272727275,138.7603780047335,22,110.23676389653275,349.0,5761.079966978536,2.7384149697303246,50.5873417721519,28.44821133736929,0.8041827187671987,12.880172413793101,11.150862068965516,24.29310344827586,0.9017241379310343
9638,23,Alexander ALBON,Williams,99.629,104.708,5.079000000000001,2,15.033241607044578,344.0,833.4278481012658,0.3985140341221794,75.13604843148046,73.32922399559713,0.8047881122729774,12.880172413793101,11.150862068965516,24.29310344827586,0.9017241379310343
9638,24,ZHOU Guanyu,Kick Sauber,95.765,138.05762962962964,95.87063025925754,27,128.73247110621904,350.0,6290.511887727022,3.448541552008806,53.37495872317006,31.217611447440838,0.8401210787011557,12.880172413793101,11.150862068965516,24.29310344827586,0.9017241379310343
9638,27,Nico HULKENBERG,Haas F1 Team,94.818,167.45877272727273,185.61350276115832,22,111.22410566868464,347.0,5703.286351128233,2.9149146945514586,74.13362685745734,52.74166208035223,0.998293891029169,12.880172413793101,11.150862068965516,24.29310344827586,0.9017241379310343
9638,30,Liam LAWSON,RB,95.671,161.20413636363637,163.5141893440598,22,109.97264722069345,347.0,5555.309576224546,2.7898183819482663,50.99664281783159,29.413758943313155,0.7940561364887176,12.880172413793101,11.150862068965516,24.29310344827586,0.9017241379310343
9638,31,Esteban OCON,Alpine,95.221,152.69444,150.83791959930502,25,119.61386901485966,353.0,6187.324766097964,3.078976334617501,47.697523390203635,24.219262520638416,0.847220693450743,12.880172413793101,11.150862068965516,24.29310344827586,0.9017241379310343
9638,43,Franco COLAPINTO,Williams,95.868,129.98824137931035,91.15628562875624,29,140.50115575123831,353.0,7024.6909741331865,3.7275729223995597,52.10143093010457,27.076279581728123,0.9208035222894881,12.880172413793101,11.150862068965516,24.29310344827586,0.9017241379310343
9638,44,Lewis HAMILTON,Mercedes,93.825,163.81704347826084,163.51930837205853,23,115.34248761695102,347.0,5685.782498624106,3.1866263070996146,52.33137039075399,31.29620253164557,0.8357182168409466,12.880172413793101,11.150862068965516,24.29310344827586,0.9017241379310343
9638,55,Carlos SAINZ,Ferrari,94.105,136.46081481481482,103.33596626467764,27,133.41590533847,352.0,7051.392184920198,3.3850853054485417,66.52328013208586,40.687947165657675,0.9980187121629059,12.880172413793101,11.150862068965516,24.29310344827586,0.9017241379310343
9638,63,George RUSSELL,Mercedes,94.015,141.8311111111111,110.67926643412063,27,133.29251513483766,352.0,6714.596422674738,3.442652724270776,52.10429279031371,24.77226197028068,0.8382498624105669,12.880172413793101,11.150862068965516,24.29310344827586,0.9017241379310343
9638,77,Valtteri BOTTAS,Kick Sauber,95.02,147.4273076923077,131.85510205372273,26,128.88073747936158,354.0,6211.6752889378095,3.4540451293340673,55.9274078150798,31.259878921298846,0.8453494771601541,12.880172413793101,11.150862068965516,24.29310344827586,0.9017241379310343
9638,81,Oscar PIASTRI,McLaren,94.798,153.28920833333333,151.2215022808648,24,119.65277930654926,351.0,5983.440891579527,3.0405613648871768,53.77011557512383,30.4336818932306,0.8354980737479362,12.880172413793101,11.150862068965516,24.29310344827586,0.9017241379310343
9639,1,Max VERSTAPPEN,Red Bull Racing,94.137,195.06453333333334,226.66395585767248,15,83.29750041752492,350.0,4384.30390246618,2.120748204642877,39.05221844903413,24.460056783388076,0.9981072203974837,16.830487804878047,14.853658536585366,18.573170731707318,0.6524390243902439
9639,4,Lando NORRIS,McLaren,94.008,222.0785,262.1109817124227,12,64.50169793464343,353.0,3451.958915548628,1.6075265824194176,39.72393252797417,29.382397149696597,0.6121471914490898,16.830487804878047,14.853658536585366,18.573170731707318,0.6524390243902439
9639,10,Pierre GASLY,Alpine,94.905,164.73261538461537,119.6156896343378,13,69.30022824695207,349.0,3763.960195958359,1.7365139453320715,26.49501753604632,13.468351611646161,0.5077659633691477,16.830487804878047,14.853658536585366,18.573170731707318,0.6524390243902439
9639,11,Sergio PEREZ,Red Bull Racing,95.061,175.92200000000003,193.50858322808625,17,87.1579357568335,348.0,4564.137504871124,2.1673996548460726,49.30796637532706,34.238378889940435,0.9749485052608139,16.830487804878047,14.853658536585366,18.573170731707318,0.6524390243902439
9639,14,Fernando ALONSO,Aston Martin,95.938,264.0060714285714,305.3088847311532,14,74.00250514947392,350.0,4212.698602683294,1.9105383287869508,59.244279908701216,47.88776930356845,0.8931136224461392,16.830487804878047,14.853658536585366,18.573170731707318,0.6524390243902439
9639,16,Charles LECLERC,Ferrari,94.941,179.40984615384616,155.2871884213971,13,69.21972944385682,355.0,4173.817124088404,1.7680231587151367,54.1257028336024,41.65584813227189,0.7959138228580972,16.830487804878047,14.853658536585366,18.573170731707318,0.6524390243902439
9639,18,Lance STROLL,Aston Martin,96.95,258.72227272727275,303.5867901049029,11,87.18198519178311,349.0,5053.462339252908,2.200411957913489,72.10816678728497,62.765462339252906,0.9035795802482881,16.830487804878047,14.853658536585366,18.573170731707318,0.6524390243902439
9639,20,Kevin MAGNUSSEN,Haas F1 Team,94.883,205.396,192.31985346859489,11,60.484885598174024,351.0,3628.494405166175,1.5942214552134943,72.93893002282469,62.03150921338307,0.9594722485108278,16.830487804878047,14.853658536585366,18.573170731707318,0.6524390243902439
9639,22,Yuki TSUNODA,RB,96.215,202.3818125,189.8629038965415,16,83.4817124088404,350.0,4605.591493625786,2.044146300729277,44.053164838835386,28.78383343539498,0.736235595390525,16.830487804878047,14.853658536585366,18.573170731707318,0.6524390243902439
9639,23,Alexander ALBON,Williams,94.407,162.6716923076923,133.87207678077468,13,72.74430774369537,354.0,3928.404442465067,1.992985581473028,65.50615153370818,56.22846963202138,0.9558536992707232,16.830487804878047,14.853658536585366,18.573170731707318,0.6524390243902439
9639,24,ZHOU Guanyu,Kick Sauber,96.988,268.62500000000006,303.10716139982105,14,74.21154595557535,352.0,3949.5040917441406,1.9971608305962256,58.589879196125366,48.9132104882258,0.850915771307688,16.830487804878047,14.853658536585366,18.573170731707318,0.6524390243902439
9639,27,Nico HULKENBERG,Haas F1 Team,94.908,172.8426923076923,139.84034995961787,13,69.74525413349663,351.0,4239.546623615209,1.8605466792851975,58.10282246840728,45.74581083337973,0.8269220063463787,16.830487804878047,14.853658536585366,18.573170731707318,0.6524390243902439
9639,30,Liam LAWSON,RB,96.544,217.5864375,228.80312126694443,16,83.01737871107893,354.0,4437.152063721941,2.1106778811340723,51.44945134517908,36.13524202083217,0.7920124770233388,16.830487804878047,14.853658536585366,18.573170731707318,0.6524390243902439
9639,31,Esteban OCON,Alpine,95.46,178.30783333333332,138.81414647039963,12,64.70962534097868,352.0,3544.876635305907,1.6964872237376831,24.853420920781605,14.019707175861493,0.5062628736847965,16.830487804878047,14.853658536585366,18.573170731707318,0.6524390243902439
9639,43,Franco COLAPINTO,Williams,94.723,167.0759230769231,128.6784144814336,13,72.48872054809782,355.0,4162.888319500919,1.9501476076421769,47.388180248426444,36.63320893443993,0.7843814404277837,16.830487804878047,14.853658536585366,18.573170731707318,0.6524390243902439
9639,44,Lewis HAMILTON,Mercedes,94.341,251.06766666666667,298.80928931849195,15,78.99916495017536,347.0,4181.518064911206,2.1994655681122306,54.83983744363414,41.788120024494795,0.831765295329288,16.830487804878047,14.853658536585366,18.573170731707318,0.6524390243902439
9639,55,Carlos SAINZ,Ferrari,93.918,163.28878571428572,128.68658638400652,14,74.08595446194957,355.0,4671.767800478762,1.8905528029839114,56.482157768746866,43.07565551411234,0.7920725936647554,16.830487804878047,14.853658536585366,18.573170731707318,0.6524390243902439
9639,63,George RUSSELL,Mercedes,93.57,217.008125,234.0711931327932,16,83.1352780715916,349.0,4595.335467349551,2.160886266213884,47.764126259533484,33.15370483772198,0.7794911763068529,16.830487804878047,14.853658536585366,18.573170731707318,0.6524390243902439
9639,77,Valtteri BOTTAS,Kick Sauber,96.412,199.6315,195.0997183440219,12,64.54595557534932,352.0,3292.63647497634,1.7566108111117296,36.441741357234314,25.561877192005788,0.563046261760285,16.830487804878047,14.853658536585366,18.573170731707318,0.6524390243902439
9639,81,Oscar PIASTRI,McLaren,93.785,211.46141666666665,231.42639819658228,12,64.62973890775483,356.0,3717.9199465568113,1.6360296164337806,36.026220564493684,25.497745365473474,0.6147080109113177,16.830487804878047,14.853658536585366,18.573170731707318,0.6524390243902439
9640,1,Max VERSTAPPEN,Red Bull Racing,92.797,242.44331578947367,456.68186830463947,19,79.04955118324418,349.0,4128.824009429685,1.9861274820926649,65.04488167558256,49.800163206093025,0.9985039441472482,14.06530612244898,11.834693877551018,26.755102040816325,0.6734693877551022
9640,4,Lando NORRIS,McLaren,93.008,253.77166666666665,411.23474249089844,18,74.80669144981412,351.0,3804.8353431861456,1.858645389427872,62.57829358962734,49.92456251700064,0.8344818206546377,14.06530612244898,11.834693877551018,26.755102040816325,0.6734693877551022
9640,10,Pierre GASLY,Alpine,92.664,205.10370833333332,313.2871339106613,24,93.73732886027744,354.0,5360.0952942243175,2.3899718922839788,63.03649469580198,44.52643032006528,0.9985039441472482,14.06530612244898,11.834693877551018,26.755102040816325,0.6734693877551022
9640,11,Sergio PEREZ,Red Bull Racing,94.155,109.94666666666666,13.437519984481263,9,37.53232387342461,349.0,2135.116828361592,0.9140447910055308,76.80179526702331,69.80034454619638,0.9795539033457249,14.06530612244898,11.834693877551018,26.755102040816325,0.6734693877551022
9640,14,Fernando ALONSO,Aston Martin,94.258,125.39175,46.05337239483662,8,33.99288240094297,352.0,2335.517725995104,0.8664430138725179,74.38367032369209,68.87369661800707,0.8805875419348989,14.06530612244898,11.834693877551018,26.755102040816325,0.6734693877551022
9640,16,Charles LECLERC,Ferrari,92.783,214.0562380952381,365.57802598740545,21,86.3294496327863,353.0,4997.356650648291,2.1931272100825097,70.16252606763986,54.25043068274549,0.9791912231389972,14.06530612244898,11.834693877551018,26.755102040816325,0.6734693877551022
9640,18,Lance STROLL,Aston Martin,94.484,109.006,14.522000000000006,2,12.89609212077251,350.0,1114.5374920663705,0.329041617553722,77.03962281258501,75.3778221053586,0.8836249886662435,14.06530612244898,11.834693877551018,26.755102040816325,0.6734693877551022
9640,20,Kevin MAGNUSSEN,Haas F1 Team,93.297,170.44281818181818,120.42053403032543,11,45.140629250158675,351.0,2332.5987850213073,1.1828814942424517,64.99696255326866,56.717381448907425,0.7725995103817209,14.06530612244898,11.834693877551018,26.755102040816325,0.6734693877551022
9640,22,Yuki TSUNODA,RB,93.029,207.47947826086948,323.05676568352766,23,93.48322604043884,352.0,5027.491749025297,2.2667512920482364,57.11333756460241,38.59044337655273,0.8819022576842869,14.06530612244898,11.834693877551018,26.755102040816325,0.6734693877551022
9640,23,Alexander ALBON,Williams,94.425,121.88188888888891,41.28929041247176,9,38.98726085773869,352.0,2359.9756550911234,1.0440656451174177,79.98168464956025,74.73370205821017,0.9984586091214072,14.06530612244898,11.834693877551018,26.755102040816325,0.6734693877551022
9640,24,ZHOU Guanyu,Kick Sauber,93.566,153.29418750000002,95.13937398510326,16,63.69883942333847,354.0,3258.398857557349,1.6930365400308278,69.77681566778493,59.01387251790734,0.8802701967540122,14.06530612244898,11.834693877551018,26.755102040816325,0.6734693877551022
9640,27,Nico HULKENBERG,Haas F1 Team,93.062,279.495,408.8228366547055,15,63.77649832260404,352.0,3643.5921207725087,1.6989754284159941,66.9540756188231,54.89527609030737,0.9028017045969716,14.06530612244898,11.834693877551018,26.755102040816325,0.6734693877551022
9640,30,Liam LAWSON,RB,94.087,146.28474999999997,84.00935027684419,16,63.63133556986128,351.0,3352.598921026385,1.58223773687551,67.93122676579925,55.65617916402212,0.8821742678393326,14.06530612244898,11.834693877551018,26.755102040816325,0.6734693877551022
9640,31,Esteban OCON,Alpine,93.221,145.75129411764706,87.98924044166837,17,67.58228307190136,356.0,4582.777586363224,2.03336657901895,72.07784023936894,60.23556079426965,0.9985946141989301,14.06530612244898,11.834693877551018,26.755102040816325,0.6734693877551022
9640,43,Franco COLAPINTO,Williams,93.746,158.93578571428571,108.22518090878756,14,59.66864629612839,359.0,3115.961238552906,3.0635597062290327,69.02466225405749,58.57575482818025,0.8813582373741953,14.06530612244898,11.834693877551018,26.755102040816325,0.6734693877551022
9640,44,Lewis HAMILTON,Mercedes,92.567,208.07881818181815,341.09832288247867,22,89.86707770423429,353.0,4548.199882128933,2.5287877414090127,58.4734336748572,41.66941699156769,0.8347538308096836,14.06530612244898,11.834693877551018,26.755102040816325,0.6734693877551022
9640,55,Carlos SAINZ,Ferrari,92.41,201.81282608695656,329.8762644098742,23,90.04578837609938,354.0,5357.60050775229,2.286744038444102,62.21946686009611,45.50330945688639,0.9782845226221779,14.06530612244898,11.834693877551018,26.755102040816325,0.6734693877551022
9640,63,George RUSSELL,Mercedes,92.312,205.76,344.2327888606052,24,93.97434037537401,347.0,4926.93449088766,2.408332577749569,61.28538398766887,42.5057575482818,0.8810408921933085,14.06530612244898,11.834693877551018,26.755102040816325,0.6734693877551022
9640,77,Valtteri BOTTAS,Kick Sauber,94.43,124.81355555555554,48.361843371059734,9,37.37102185148245,351.0,1894.0403028379726,0.9970532233203373,79.40579381630248,72.79372563242362,0.8797715114697615,14.06530612244898,11.834693877551018,26.755102040816325,0.6734693877551022
9640,81,Oscar PIASTRI,McLaren,93.024,245.7444210526316,370.43031137971866,19,78.68374285973343,352.0,4009.2230029921116,1.9920663704778312,61.434490887659805,48.387342460785206,0.8533411914044791,14.06530612244898,11.834693877551018,26.755102040816325,0.6734693877551022
9644,1,Max VERSTAPPEN,Red Bull Racing,96.248,98.86008,3.779348609694533,50,143.75537700865266,355.0,6870.449381953028,3.6749072929542645,41.1982694684796,14.466625463535228,0.18059332509270704,17.723776223776223,17.825174825174823,47.86013986013986,2.8986013986013983
9644,4,Lando NORRIS,McLaren,94.876,99.39583999999999,4.212994604126617,50,141.13402348578492,358.0,6870.657694684796,3.509177997527812,42.19938195302843,15.056736711990112,0.15831273176761435,17.723776223776223,17.825174825174823,47.86013986013986,2.8986013986013983
9644,10,Pierre GASLY,Alpine,98.314,102.49593333333334,5.139910316554388,15,51.575679851668724,361.0,2764.320673671199,1.2768541409147096,59.47360939431397,49.24783683559951,0.17098269468479604,17.723776223776223,17.825174825174823,47.86013986013986,2.8986013986013983
9644,11,Sergio PEREZ,Red Bull Racing,96.326,99.79082,4.348582402070818,50,143.76776885043265,366.0,6985.229295426452,3.5622064276885044,48.81597651421508,20.884672435105067,0.2643077873918418,17.723776223776223,17.825174825174823,47.86013986013986,2.8986013986013983
9644,14,Fernando ALONSO,Aston Martin,96.553,99.91126,4.002600828511381,50,138.65562422744128,365.0,6669.788720642769,3.5761124845488257,40.979079110012364,15.119406674907292,0.16860321384425217,17.723776223776223,17.825174825174823,47.86013986013986,2.8986013986013983
9644,16,Charles LECLERC,Ferrari,95.674,98.81258,3.908575249832092,50,140.8153584672435,362.0,7115.823825710754,3.5688813349814588,53.63235475896168,26.874907292954266,0.42543263288009886,17.723776223776223,17.825174825174823,47.86013986013986,2.8986013986013983
9644,18,Lance STROLL,Aston Martin,97.179,100.20890000000001,5.446518165764252,50,140.81591470951793,361.0,6897.436557478369,3.5891841779975278,40.87920271940668,14.608158220024722,0.1811495673671199,17.723776223776223,17.825174825174823,47.86013986013986,2.8986013986013983
9644,20,Kevin MAGNUSSEN,Haas F1 Team,96.557,99.92312,3.737321969753208,50,144.2757107540173,359.0,6965.026421508034,3.769097651421508,43.656304079110015,14.942521631644006,0.3160383189122373,17.723776223776223,17.825174825174823,47.86013986013986,2.8986013986013983
9644,22,Yuki TSUNODA,RB,96.957,99.78490000000002,3.837173044052092,50,141.23414709517922,365.0,6845.915234857849,3.538257107540173,43.49527194066749,13.83238566131026,0.17673053152039556,17.723776223776223,17.825174825174823,47.86013986013986,2.8986013986013983
9644,23,Alexander ALBON,Williams,98.008,101.296,4.726131424325819,25,77.31906674907293,369.0,3816.2076637824475,2.0380407911001237,53.78665018541409,41.18368355995056,0.18244746600741657,17.723776223776223,17.825174825174823,47.86013986013986,2.8986013986013983
9644,24,ZHOU Guanyu,Kick Sauber,96.324,100.00832000000003,4.321159739884652,50,141.26072311495673,358.0,6694.059703337453,3.7231458590852906,50.753152039555005,23.990111248454884,0.33782447466007415,17.723776223776223,17.825174825174823,47.86013986013986,2.8986013986013983
9644,27,Nico HULKENBERG,Haas F1 Team,96.585,99.72465999999999,3.9123044902461257,50,143.8690976514215,358.0,6938.049814585908,3.716254635352287,44.26087762669963,15.79876390605686,0.34468479604449936,17.723776223776223,17.825174825174823,47.86013986013986,2.8986013986013983
9644,30,Liam LAWSON,RB,96.98,100.34858,4.107353435437471,50,141.30219406674908,355.0,6757.541841779976,3.6102595797280594,42.953430160692214,14.08257107540173,0.16705809641532757,17.723776223776223,17.825174825174823,47.86013986013986,2.8986013986013983
9644,31,Esteban OCON,Alpine,96.511,100.58248979591836,4.275260045187603,49,138.76733621755253,356.0,6719.090173053152,3.5490420271940666,44.05546971569839,15.953028430160693,0.17079728059332508,17.723776223776223,17.825174825174823,47.86013986013986,2.8986013986013983
9644,43,Franco COLAPINTO,Williams,96.867,99.70442857142856,3.5295805844378765,49,142.77061186650187,363.0,6818.838967861558,3.7561186650185414,59.003646477132264,33.22793572311495,0.2873918417799753,17.723776223776223,17.825174825174823,47.86013986013986,2.8986013986013983
9644,44,Lewis HAMILTON,Mercedes,95.48,98.67285999999999,3.9415232588936986,50,144.20364647713225,364.0,6922.420951792336,3.7994437577255873,51.64539555006181,22.39851668726823,0.3168726823238566,17.723776223776223,17.825174825174823,47.86013986013986,2.8986013986013983
9644,55,Carlos SAINZ,Ferrari,95.875,98.76557999999999,3.8020717462457223,50,141.15837453646478,366.0,7041.228430160692,3.6398022249690976,54.37231149567367,25.5053152039555,0.4100432632880099,17.723776223776223,17.825174825174823,47.86013986013986,2.8986013986013983
9644,63,George RUSSELL,Mercedes,95.717,98.52894,3.577245775229878,50,144.0025957972806,340.0,6942.051823238566,3.772280593325093,43.821817058096414,12.395550061804697,0.16217552533992582,17.723776223776223,17.825174825174823,47.86013986013986,2.8986013986013983
9644,77,Valtteri BOTTAS,Kick Sauber,96.601,100.76914285714288,4.494436120451189,49,138.86427688504327,360.0,6577.45825092707,3.690636588380717,51.197805933250926,25.10877626699629,0.348053152039555,17.723776223776223,17.825174825174823,47.86013986013986,2.8986013986013983
9644,81,Oscar PIASTRI,McLaren,96.598,99.55413999999999,4.323388578464814,50,141.34709517923363,367.0,6783.997311495674,3.5881953028430162,42.09048207663783,14.009023485784919,0.16022867737948085,17.723776223776223,17.825174825174823,47.86013986013986,2.8986013986013983
9645,1,Max VERSTAPPEN,Red Bull Racing,83.213,146.6574,140.8887765352514,25,103.01798093587522,322.0,5529.173201906412,2.5365576256499134,46.88220320623917,26.651213171577123,0.8443999133448874,25.320987654320994,20.33456790123457,57.864197530864196,3.3567901234567907
9645,4,Lando NORRIS,McLaren,82.378,158.1228695652174,166.78930983997756,23,95.34272097053726,318.0,5321.0496642114385,2.3058383882149047,48.971024696707104,31.164861351819756,0.7803292894280762,25.320987654320994,20.33456790123457,57.864197530864196,3.3567901234567907
9645,10,Pierre GASLY,Alpine,83.62,138.70392592592592,142.05605998074765,27,110.98331889081456,321.0,6010.608968804159,2.7504874350086657,52.58616767764298,28.325173310225303,0.818728336221837,25.320987654320994,20.33456790123457,57.864197530864196,3.3567901234567907
9645,11,Sergio PEREZ,Red Bull Racing,84.039,149.20784,130.1876402470465,25,103.29175693240902,323.0,5650.737218370884,2.565803726169844,44.51397313691508,25.86958405545927,0.885886048526863,25.320987654320994,20.33456790123457,57.864197530864196,3.3567901234567907
9645,14,Fernando ALONSO,Aston Martin,83.227,155.58013636363637,144.50222354857178,22,95.33356802426343,319.0,5162.221133015598,2.555784228769497,56.74225519930676,40.69627383015598,0.8758123916811091,25.320987654320994,20.33456790123457,57.864197530864196,3.3567901234567907
9645,16,Charles LECLERC,Ferrari,81.953,129.8433103448276,93.72421726132747,29,119.27225953206239,320.0,6995.7876408145585,3.0246967071057194,61.45699740034662,38.0669410745234,0.9991876083188909,25.320987654320994,20.33456790123457,57.864197530864196,3.3567901234567907
9645,18,Lance STROLL,Aston Martin,83.099,156.9265,152.00976805029518,22,95.21533795493934,314.0,5192.636806759098,2.4631715771230502,56.43219237435009,38.64016464471404,0.8571273830155979,25.320987654320994,20.33456790123457,57.864197530864196,3.3567901234567907
9645,20,Kevin MAGNUSSEN,Haas F1 Team,83.715,143.79430769230768,128.48237683546307,26,107.43322140381282,324.0,5876.913669844021,2.7979311091854417,48.09483318890815,26.327339688041594,0.8097378682842288,25.320987654320994,20.33456790123457,57.864197530864196,3.3567901234567907
9645,22,Yuki TSUNODA,RB,83.045,143.2178076923077,139.7820334812573,26,107.2321273830156,319.0,5867.149317590988,2.6345320623916813,51.922985268630846,26.71772097053726,0.8173743500866552,25.320987654320994,20.33456790123457,57.864197530864196,3.3567901234567907
9645,23,Alexander ALBON,Williams,83.161,130.4559642857143,98.43028217346898,28,115.0379657712305,316.0,6404.229094454073,2.9783903812824954,64.4122616984402,44.192157712305026,0.9989168110918544,25.320987654320994,20.33456790123457,57.864197530864196,3.3567901234567907
9645,24,ZHOU Guanyu,Kick Sauber,83.88,137.11312,127.56377086596963,25,107.15657495667244,316.0,5576.559575389948,2.8499241767764296,50.329235268630846,28.525346620450605,0.767655979202773,25.320987654320994,20.33456790123457,57.864197530864196,3.3567901234567907
9645,27,Nico HULKENBERG,Haas F1 Team,83.245,142.26569230769232,145.7018893507111,26,107.17401429809358,321.0,5866.63891897747,2.8489493067590987,70.83465121317158,48.51018197573657,0.9990792894280762,25.320987654320994,20.33456790123457,57.864197530864196,3.3567901234567907
9645,30,Liam LAWSON,RB,83.562,134.32735714285715,117.89631245936111,28,115.39379332755632,320.0,6258.298310225303,2.888160745233969,49.89942590987868,24.364384748700175,0.8107127383015598,25.320987654320994,20.33456790123457,57.864197530864196,3.3567901234567907
9645,31,Esteban OCON,Alpine,84.28,186.76135,327.68143043118494,20,83.1502924610052,318.0,4581.892168544194,2.1408145580589255,56.616876083188906,41.30545927209705,0.8192699306759099,25.320987654320994,20.33456790123457,57.864197530864196,3.3567901234567907
9645,43,Franco COLAPINTO,Williams,84.2,123.69675,83.19322747745798,28,118.17693890814559,314.0,6445.409770363952,3.1687608318890814,60.44302426343154,40.00844887348354,0.9991334488734835,25.320987654320994,20.33456790123457,57.864197530864196,3.3567901234567907
9645,44,Lewis HAMILTON,Mercedes,83.188,144.72170833333334,128.93161466790548,24,103.57896447140381,321.0,5485.017168544194,2.8168327556325825,47.47205372616985,26.587521663778162,0.7832538994800693,25.320987654320994,20.33456790123457,57.864197530864196,3.3567901234567907
9645,55,Carlos SAINZ,Ferrari,82.535,128.545,94.15656940363785,29,118.88707755632582,320.0,6965.519443240902,3.0213388214904677,60.04939341421144,36.40186308492201,0.9983752166377816,25.320987654320994,20.33456790123457,57.864197530864196,3.3567901234567907
9645,63,George RUSSELL,Mercedes,83.16,141.2466,112.401786857683,25,107.22654896013864,321.0,5866.254766031196,2.762294194107452,47.20845970537262,23.280545927209705,0.7863409878682842,25.320987654320994,20.33456790123457,57.864197530864196,3.3567901234567907
9645,77,Valtteri BOTTAS,Kick Sauber,83.064,134.68457142857142,134.82503608895402,28,115.04809358752166,313.0,5976.687770797227,2.999566724436742,55.861622616984405,30.56369150779896,0.8147746967071057,25.320987654320994,20.33456790123457,57.864197530864196,3.3567901234567907
9645,81,Oscar PIASTRI,McLaren,82.425,146.54836,169.80853659787073,25,103.05702989601386,316.0,5545.8712629982665,2.5711113518197575,49.7664103119584,28.778596187175044,0.7930025996533796,25.320987654320994,20.33456790123457,57.864197530864196,3.3567901234567907
9650,1,Max VERSTAPPEN,Red Bull Racing,81.315,130.75915789473683,96.23261090014799,19,114.16477272727273,327.0,6158.16380083732,2.7673444976076556,47.89847488038278,25.741626794258373,0.9818331339712919,21.625423728813566,18.2,64.59322033898304,1.6271186440677967
9650,4,Lando NORRIS,McLaren,81.012,164.68285714285713,170.34657491665845,14,87.01510167464114,322.0,4684.446546052632,2.0907595693779903,53.286034688995215,36.235047846889955,0.769063995215311,21.625423728813566,18.2,64.59322033898304,1.6271186440677967
9650,10,Pierre GASLY,Alpine,81.978,146.27117647058822,121.85328076455926,17,103.16439892344498,326.0,5959.216507177033,2.5213068181818183,43.452377392344495,22.36812200956938,0.7997906698564593,21.625423728813566,18.2,64.59322033898304,1.6271186440677967
9650,11,Sergio PEREZ,Red Bull Racing,82.718,111.26116666666667,29.251827016539593,6,38.5471740430622,324.0,2294.0476226076553,0.9367523923444976,71.26749401913875,64.2215909090909,0.9110346889952153,21.625423728813566,18.2,64.59322033898304,1.6271186440677967
9650,14,Fernando ALONSO,Aston Martin,82.433,137.79463636363633,103.79294362709277,11,65.5437350478469,326.0,3621.3727571770337,1.7008821770334928,50.62522428229665,39.30472488038278,0.7374401913875598,21.625423728813566,18.2,64.59322033898304,1.6271186440677967
9650,16,Charles LECLERC,Ferrari,81.308,159.18043749999998,156.23425238002739,16,97.7492523923445,323.0,5734.607281698564,2.4919258373205744,59.67561303827751,40.45005980861244,0.9436303827751196,21.625423728813566,18.2,64.59322033898304,1.6271186440677967
9650,18,Lance STROLL,Aston Martin,82.522,128.7366153846154,98.32412801274901,13,76.50216806220095,325.0,4269.414025119617,1.9707685406698565,61.245514354066984,47.88516746411483,0.8722338516746412,21.625423728813566,18.2,64.59322033898304,1.6271186440677967
9650,20,Kevin MAGNUSSEN,Haas F1 Team,82.56,136.8739230769231,89.09187342242367,13,76.99162679425838,329.0,4413.103842703349,2.018166866028708,76.83290968899522,60.78738038277512,1.0,21.625423728813566,18.2,64.59322033898304,1.6271186440677967
9650,22,Yuki TSUNODA,RB,82.722,102.743,20.45913953876523,6,38.590834330143544,325.0,2153.668585526316,0.9590311004784688,67.47413277511961,59.20903110047847,0.7726525119617225,21.625423728813566,18.2,64.59322033898304,1.6271186440677967
9650,23,Alexander ALBON,Williams,82.526,130.05346153846153,98.75305100845893,13,76.57909688995215,322.0,4537.231160287081,2.0026166267942584,69.3723086124402,58.00598086124402,1.0,21.625423728813566,18.2,64.59322033898304,1.6271186440677967
9650,24,ZHOU Guanyu,Kick Sauber,82.948,109.64642857142857,33.91315354109731,7,43.917090311004785,326.0,2404.3223684210525,1.1822667464114833,68.30846291866028,60.452153110047846,0.8154156698564593,21.625423728813566,18.2,64.59322033898304,1.6271186440677967
9650,27,Nico HULKENBERG,Haas F1 Team,82.088,185.49784615384618,163.22910982129767,13,81.85586124401914,328.0,4929.0485197368425,2.159614234449761,69.640625,53.045753588516746,1.0,21.625423728813566,18.2,64.59322033898304,1.6271186440677967
9650,30,Liam LAWSON,RB,82.082,134.24233333333333,97.55267570110236,18,108.54881877990431,325.0,5896.88793361244,2.679724880382775,46.77698863636363,23.234748803827753,0.7736244019138756,21.625423728813566,18.2,64.59322033898304,1.6271186440677967
9650,31,Esteban OCON,Alpine,82.906,100.01983333333334,16.771416551349766,6,38.39279306220096,324.0,2784.958806818182,1.029081937799043,56.15931519138756,48.85227272727273,0.7974730861244019,21.625423728813566,18.2,64.59322033898304,1.6271186440677967
9650,43,Franco COLAPINTO,Williams,83.423,103.71685714285715,17.153440091701484,7,44.5141745829905,321.0,2751.33644999626,1.222903732515521,72.78121026254769,65.860124167851,0.9351484778218266,21.625423728813566,18.2,64.59322033898304,1.6271186440677967
9650,44,Lewis HAMILTON,Mercedes,81.474,140.16770588235295,119.29432775468793,17,103.24444610666467,326.0,5431.279078465106,2.754132695040766,71.26718527937767,50.4324930810083,1.0,21.625423728813566,18.2,64.59322033898304,1.6271186440677967
9650,55,Carlos SAINZ,Ferrari,81.281,150.04899999999998,130.44993852635352,17,103.20263295684045,323.0,5931.457027451567,2.6392400329119603,45.53743735507518,25.450819059017128,0.8922133293440048,21.625423728813566,18.2,64.59322033898304,1.6271186440677967
9650,63,George RUSSELL,Mercedes,81.075,166.8816,166.72282245563545,15,87.0917794898646,325.0,4792.528386565936,2.228663325604009,74.6756675891989,55.628394045927145,1.0,21.625423728813566,18.2,64.59322033898304,1.6271186440677967
9650,77,Valtteri BOTTAS,Kick Sauber,82.506,145.27266666666668,139.06922446233585,12,71.13269504076595,323.0,3899.0515371381553,1.8622933652479616,61.060213927743284,49.0298451641858,0.8148702221557335,21.625423728813566,18.2,64.59322033898304,1.6271186440677967
9650,81,Oscar PIASTRI,McLaren,81.171,165.25573333333332,166.549351778371,15,87.46951903657715,323.0,4748.514398982721,2.160520607375271,49.92482609020869,33.114219462936646,0.7652030817563019,21.625423728813566,18.2,64.59322033898304,1.6271186440677967
9654,1,Max VERSTAPPEN,Red Bull Racing,84.577,85.99047368421053,2.0541947677969388,19,96.61017659383418,331.0,4939.017539658785,2.3998802753666566,39.2975755761748,18.73953906016163,0.36593834181382817,25.987837837837837,21.29054054054054,52.37837837837838,3.631081081081081
9654,4,Lando NORRIS,McLaren,84.329,85.44815789473685,0.8876254700431111,19,97.0228075426519,296.0,5014.915653995809,2.393894043699491,29.950912900329243,9.099072134091589,0.4303501945525292,25.987837837837837,21.29054054054054,52.37837837837838,3.631081081081081
9654,10,Pierre GASLY,Alpine,84.93,86.21057894736842,1.8642876250810838,19,95.73121819814426,326.0,4972.061179287639,2.39131996408261,31.414247231367852,8.638132295719844,0.23011074528584255,25.987837837837837,21.29054054054054,52.37837837837838,3.631081081081081
9654,11,Sergio PEREZ,Red Bull Racing,84.892,88.40855555555557,7.31632038832987,18,90.1243938940437,331.0,4584.2320263394195,2.261418736905118,45.84782999102065,25.39024244238252,0.5817419934151452,25.987837837837837,21.29054054054054,52.37837837837838,3.631081081081081
9654,14,Fernando ALONSO,Aston Martin,84.281,86.4515789473684,2.0632382650833496,19,96.07141574378929,332.0,4971.295360670458,2.5071535468422628,28.012511224184376,8.895779706674649,0.20832086201736008,25.987837837837837,21.29054054054054,52.37837837837838,3.631081081081081
9654,16,Charles LECLERC,Ferrari,83.923,85.71473684210527,1.705479029546129,19,96.06207722238851,333.0,5263.868901526489,2.4702184974558516,52.79167913798264,31.239988027536665,0.5937144567494762,25.987837837837837,21.29054054054054,52.37837837837838,3.631081081081081
9654,18,Lance STROLL,Aston Martin,85.369,86.73342105263158,2.308017885449933,19,95.60448967375038,336.0,4983.022208919485,2.485782699790482,29.007782101167315,8.793774319066149,0.2690212511224184,25.987837837837837,21.29054054054054,52.37837837837838,3.631081081081081
9654,20,Kevin MAGNUSSEN,Haas F1 Team,84.568,86.25547368421053,2.248990987050368,19,96.45704878778808,330.0,5200.662675845555,2.5268482490272373,48.85770727327147,26.67847949715654,0.6016162825501347,25.987837837837837,21.29054054054054,52.37837837837838,3.631081081081081
9654,22,Yuki TSUNODA,RB,85.838,87.29468421052633,2.7889799880890553,19,95.47524693205627,333.0,4900.060101765938,2.365459443280455,30.661658186171806,9.105537264292128,0.24908709967075726,25.987837837837837,21.29054054054054,52.37837837837838,3.631081081081081
9654,23,Alexander ALBON,Williams,85.443,87.18473684210525,2.338440614960167,19,95.61143370248429,334.0,4918.915653995809,2.494462735707872,29.679078120323258,9.90122717749177,0.19503142771625262,25.987837837837837,21.29054054054054,52.37837837837838,3.631081081081081
9654,24,ZHOU Guanyu,Kick Sauber,85.051,89.2036842105263,5.810837090278018,19,94.66836276563903,331.0,4833.996468123316,2.4978150254414846,42.60161628255013,21.081831786890152,0.4562107153546842,25.987837837837837,21.29054054054054,52.37837837837838,3.631081081081081
9654,27,Nico HULKENBERG,Haas F1 Team,84.284,85.89747368421054,1.8339914586388102,19,96.47416941035618,323.0,5167.386052080215,2.4714756061059564,46.236336426219694,23.08650104759054,0.5966477102663873,25.987837837837837,21.29054054054054,52.37837837837838,3.631081081081081
9654,30,Liam LAWSON,RB,85.762,87.25484210526315,2.5937147362352673,19,95.39620154574321,332.0,4889.796297405787,2.392127493858966,31.280390629680667,8.058474627044514,0.2085555089569229,25.987837837837837,21.29054054054054,52.37837837837838,3.631081081081081
9654,31,Esteban OCON,Alpine,85.598,87.04631578947368,2.2975697928264527,19,95.37390002993116,328.0,4919.55989224783,2.385214007782101,31.084405866507034,11.18228075426519,0.19054175396587847,25.987837837837837,21.29054054054054,52.37837837837838,3.631081081081081
9654,43,Franco COLAPINTO,Williams,85.599,86.41161111111111,0.7517171556501576,18,87.5662932119106,330.0,4393.370978371578,2.3295189024024925,48.40596728775987,29.006530465520342,0.32244922413276617,25.987837837837837,21.29054054054054,52.37837837837838,3.631081081081081
9654,44,Lewis HAMILTON,Mercedes,84.337,85.74426315789474,1.4666066039493755,19,96.34971565399582,328.0,4902.226578868602,2.516671655193056,49.67069739598922,26.878659084106555,0.3524693205627058,25.987837837837837,21.29054054054054,52.37837837837838,3.631081081081081
9654,55,Carlos SAINZ,Ferrari,84.405,85.51589473684211,1.3703648340472532,19,96.6857228374738,329.0,5417.968811733014,2.472433403172703,45.33193654594433,23.518706973959894,0.6388506435199042,25.987837837837837,21.29054054054054,52.37837837837838,3.631081081081081
9654,63,George RUSSELL,Mercedes,84.38,85.46489473684211,1.1666174177707032,19,96.80227476803353,333.0,5001.960311284047,2.4763244537563605,50.07303202633942,27.276623765339718,0.3985633043998803,25.987837837837837,21.29054054054054,52.37837837837838,3.631081081081081
9654,77,Valtteri BOTTAS,Kick Sauber,85.447,86.67478947368421,2.2274601911251057,19,95.94121520502843,334.0,4895.3140377132595,2.483328344806944,42.68644118527387,20.592876384316074,0.43005088296917093,25.987837837837837,21.29054054054054,52.37837837837838,3.631081081081081
9654,81,Oscar PIASTRI,McLaren,84.454,85.44321052631578,1.0491719832398845,19,97.0762645914397,321.0,5174.705058365758,2.4148458545345703,46.03495959293625,23.6939838371745,0.579347500748279,25.987837837837837,21.29054054054054,52.37837837837838,3.631081081081081
9646,1,Max VERSTAPPEN,Red Bull Racing,80.52,167.60542857142855,159.68982151556645,21,91.09035326086956,325.0,5033.652740036232,2.2184103260869565,52.83254076086956,34.6995018115942,1.0,21.72051282051282,18.807692307692307,59.52564102564103,2.115384615384615
9646,4,Lando NORRIS,McLaren,80.772,166.98,175.44086374046384,21,91.45697463768116,320.0,4948.764719202899,2.207823822463768,53.18421648550725,35.17798913043478,0.799026268115942,21.72051282051282,18.807692307692307,59.52564102564103,2.115384615384615
9646,10,Pierre GASLY,Alpine,81.437,137.60317647058824,87.45168867587964,17,75.05061141304348,325.0,4711.037137681159,1.9000792572463767,49.29908288043478,34.46127717391305,0.8268229166666666,21.72051282051282,18.807692307692307,59.52564102564103,2.115384615384615
9646,11,Sergio PEREZ,Red Bull Racing,81.425,176.48620000000003,145.15758088663506,20,91.3427875905797,327.0,5203.295742753623,2.185971467391304,40.030457427536234,22.277626811594203,0.9806951992753623,21.72051282051282,18.807692307692307,59.52564102564103,2.115384615384615
9646,14,Fernando ALONSO,Aston Martin,81.208,204.8694117647059,179.47339276078154,17,79.19967164855072,327.0,4388.583389945652,2.0949388586956523,54.47073143115942,39.86730072463768,0.8297101449275363,21.72051282051282,18.807692307692307,59.52564102564103,2.115384615384615
9646,16,Charles LECLERC,Ferrari,80.852,141.813625,107.52417357731412,24,107.80729166666667,324.0,6243.055423460145,2.7611526268115942,48.91819519927536,26.671195652173914,0.9243659420289855,21.72051282051282,18.807692307692307,59.52564102564103,2.115384615384615
9646,18,Lance STROLL,Aston Martin,81.911,183.14376923076924,163.17517434441848,13,58.52456974637681,325.0,3352.2035778985505,1.4973958333333333,60.88971920289855,50.58922101449275,0.8326539855072463,21.72051282051282,18.807692307692307,59.52564102564103,2.115384615384615
9646,20,Kevin MAGNUSSEN,Haas F1 Team,81.387,146.01458333333332,111.34357467463664,24,107.9889605978261,325.0,6057.93993432971,2.8272192028985508,66.7950634057971,42.53532608695652,0.9875452898550725,21.72051282051282,18.807692307692307,59.52564102564103,2.115384615384615
9646,22,Yuki TSUNODA,RB,81.771,155.64780000000002,118.24340010402271,15,66.70595561594203,323.0,3705.6163383152175,1.614753170289855,56.393738677536234,40.91734601449275,0.8276154891304348,21.72051282051282,18.807692307692307,59.52564102564103,2.115384615384615
9646,23,Alexander ALBON,Williams,82.39,123.62625,67.48737502257367,8,37.638360507246375,319.0,2503.0417232789855,0.9854506340579711,64.3268795289855,59.05978260869565,0.8280117753623188,21.72051282051282,18.807692307692307,59.52564102564103,2.115384615384615
9646,24,ZHOU Guanyu,Kick Sauber,81.501,133.45877777777778,85.10152760644556,18,79.07484148550725,322.0,4209.734544836957,2.06736865942029,60.610677083333336,44.803894927536234,0.8287477355072463,21.72051282051282,18.807692307692307,59.52564102564103,2.115384615384615
9646,27,Nico HULKENBERG,Haas F1 Team,82.442,116.03055555555557,45.96439683085912,9,41.89402173913044,326.0,2490.443104619565,1.1191689311594204,83.71257925724638,75.47124094202898,0.978317481884058,21.72051282051282,18.807692307692307,59.52564102564103,2.115384615384615
9646,30,Liam LAWSON,RB,82.411,121.62925,70.16753400033024,8,41.98562047101449,322.0,2344.79834692029,1.0326653079710144,67.90523097826087,58.76766304347826,0.827728713768116,21.72051282051282,18.807692307692307,59.52564102564103,2.115384615384615
9646,31,Esteban OCON,Alpine,82.714,113.055,39.814585532328614,9,41.8984375,323.0,2947.786571557971,1.1090353260869565,65.39294610507247,56.74796195652174,0.8277853260869565,21.72051282051282,18.807692307692307,59.52564102564103,2.115384615384615
9646,43,Franco COLAPINTO,Williams,82.594,126.2525,85.81557636728894,8,37.74944793613046,319.0,2244.9875997961612,1.0127965573863316,85.3178189230508,78.3022478908329,1.0,21.72051282051282,18.807692307692307,59.52564102564103,2.115384615384615
9646,44,Lewis HAMILTON,Mercedes,81.011,137.30024,86.51879214287726,25,111.61264934035445,324.0,5972.907479757658,2.9677254968574824,44.21052035558576,21.372062737104354,0.7971236056848423,21.72051282051282,18.807692307692307,59.52564102564103,2.115384615384615
9646,55,Carlos SAINZ,Ferrari,81.041,141.90641666666667,96.34243758027779,24,107.73053620972765,324.0,6273.6381858331915,2.7586773115905103,44.17886869373195,22.031821527659815,0.9258252647075477,21.72051282051282,18.807692307692307,59.52564102564103,2.115384615384615
9646,63,George RUSSELL,Mercedes,80.575,135.2711111111111,84.09724001254973,27,115.89757091897401,322.0,6433.180907083404,2.9202196931091104,47.59464356491705,21.982220712303945,0.8352867901024857,21.72051282051282,18.807692307692307,59.52564102564103,2.115384615384615
9646,77,Valtteri BOTTAS,Kick Sauber,81.731,135.37517647058823,89.52691670713621,17,78.9124058660325,322.0,4321.260460902554,2.039352245059736,58.91325519506257,42.65873959571938,0.8284921578619557,21.72051282051282,18.807692307692307,59.52564102564103,2.115384615384615
9646,81,Oscar PIASTRI,McLaren,80.829,167.58575000000002,185.60217395463744,20,91.3986750467131,320.0,5332.692542891116,2.270313119302418,70.80867448049375,53.20559424721137,1.0,21.72051282051282,18.807692307692307,59.52564102564103,2.115384615384615
9655,1,Max VERSTAPPEN,Red Bull Racing,82.905,95.88973684210526,24.323250191496125,57,134.22151512509808,308.0,7111.925754801964,3.2509807340249326,42.7737192340104,13.973440269665533,0.2994217301601139,22.773509933774836,18.926490066225167,57.25165562913907,1.6576158940397352
9655,4,Lando NORRIS,McLaren,82.384,96.51682456140351,24.105989239862758,57,132.27884810972597,328.0,7099.5995118123965,3.2089907883648623,42.23348734489873,13.829889867201349,0.29982855316304885,22.773509933774836,18.926490066225167,57.25165562913907,1.6576158940397352
9655,10,Pierre GASLY,Alpine,83.705,96.18354385964913,20.57572445065128,57,132.14692122163137,332.0,7063.891291081859,3.239357219655363,44.16990672129718,14.052247697091216,0.3282189870107227,22.773509933774836,18.926490066225167,57.25165562913907,1.6576158940397352
9655,11,Sergio PEREZ,Red Bull Racing,85.288,97.12223684210528,22.128952872501205,38,93.76840147618633,328.0,5031.395984075785,2.3004387876674515,37.70621567430913,17.905907651178335,0.45200941504663933,22.773509933774836,18.926490066225167,57.25165562913907,1.6576158940397352
9655,14,Fernando ALONSO,Aston Martin,83.667,96.24078947368422,20.152782774835682,57,131.78531368959406,332.0,6920.96649521983,3.393949960770639,40.958213465841396,15.118472670211839,0.30840089501060647,22.773509933774836,18.926490066225167,57.25165562913907,1.6576158940397352
9655,16,Charles LECLERC,Ferrari,83.242,95.99498245614036,23.110336006493405,57,132.37305669369132,314.0,7209.024089733531,3.294452677767123,53.93502455467411,23.60166216255485,0.5134978060616627,22.773509933774836,18.926490066225167,57.25165562913907,1.6576158940397352
9655,18,Lance STROLL,Aston Martin,90.935,121.488125,22.137852952790496,8,25.483509138988172,302.0,1661.3330136866882,0.6525731554935634,61.38630750007265,58.66480690436754,0.17879870978990497,22.773509933774836,18.926490066225167,57.25165562913907,1.6576158940397352
9655,20,Kevin MAGNUSSEN,Haas F1 Team,84.259,96.45545614035088,19.228089460036433,57,134.14825792578387,334.0,6977.220352773661,3.4903088948943712,44.667858076889544,15.976288030686078,0.4553511754278906,22.773509933774836,18.926490066225167,57.25165562913907,1.6576158940397352
9655,22,Yuki TSUNODA,RB,86.144,96.96150877192981,18.98550568300452,57,132.0237991456717,329.0,6936.572719611775,3.246098857989713,45.04780170284486,14.75977101676692,0.29390056083456834,22.773509933774836,18.926490066225167,57.25165562913907,1.6576158940397352
9655,23,Alexander ALBON,Williams,85.559,97.833,19.425491233906325,56,129.93700055211693,326.0,6882.588411356173,3.37907186237759,39.67741841745852,14.231366053526283,0.3218841716793072,22.773509933774836,18.926490066225167,57.25165562913907,1.6576158940397352
9655,24,ZHOU Guanyu,Kick Sauber,83.889,96.3342456140351,20.082250553862103,57,131.94760700897916,329.0,6864.285270101415,3.4051375933513497,53.26513236276988,25.09784093220585,0.47246680033708194,22.773509933774836,18.926490066225167,57.25165562913907,1.6576158940397352
9655,27,Nico HULKENBERG,Haas F1 Team,85.767,98.33020512820514,19.469908582587973,39,95.20977537558481,329.0,5101.701798738849,2.452125650190335,50.48786795687676,30.129195362217768,0.6131113242088746,22.773509933774836,18.926490066225167,57.25165562913907,1.6576158940397352
9655,30,Liam LAWSON,RB,86.076,96.98933333333335,19.187684963468364,57,131.84267573300787,333.0,6884.472524917909,3.2905588004533173,44.21425042861709,12.636271176590242,0.29860808415424406,22.773509933774836,18.926490066225167,57.25165562913907,1.6576158940397352
9655,31,Esteban OCON,Alpine,,,,0,8.878708627553541,292.0,681.0265597303345,0.22593206055850987,45.56353703542266,65.06901461656932,0.7346642257286491,22.773509933774836,18.926490066225167,57.25165562913907,1.6576158940397352
9655,43,Franco COLAPINTO,Williams,,,,0,10.970476273501292,293.0,790.6611454973411,0.300525964025223,68.59866910760468,67.08650800569552,0.7333275215761486,22.773509933774836,18.926490066225167,57.25165562913907,1.6576158940397352
9655,44,Lewis HAMILTON,Mercedes,83.865,96.8732456140351,22.537726196648862,57,131.88539214831604,337.0,6898.098857989713,3.4577921134455,43.1458751053381,15.128236422282278,0.31682794292854444,22.773509933774836,18.926490066225167,57.25165562913907,1.6576158940397352
9655,55,Carlos SAINZ,Ferrari,83.465,96.19642105263156,20.86605725746571,57,132.28428210269374,331.0,7191.105832098335,3.3072385435736495,54.045070176968004,26.191846104669747,0.5407549472583035,22.773509933774836,18.926490066225167,57.25165562913907,1.6576158940397352
9655,63,George RUSSELL,Mercedes,83.355,96.04861403508771,20.735321669273038,57,132.39517042977945,330.0,7005.9114869380755,3.3636125882660624,42.275651643274344,12.159009676575712,0.2869845697846744,22.773509933774836,18.926490066225167,57.25165562913907,1.6576158940397352
9655,77,Valtteri BOTTAS,Kick Sauber,85.533,96.7718596491228,19.983945318845763,57,131.83791009211635,328.0,6915.243628861186,3.3982797198733037,53.04353006131404,25.33321709818964,0.4842065498503473,22.773509933774836,18.926490066225167,57.25165562913907,1.6576158940397352
9655,81,Oscar PIASTRI,McLaren,83.218,96.00978947368421,22.226589072105508,57,132.27600034870542,326.0,7042.870514049923,3.256908726353413,42.12701595327347,11.332112864324529,0.30901112951500886,22.773509933774836,18.926490066225167,57.25165562913907,1.6576158940397352
9461,4,Lando NORRIS,McLaren,84.542,152.4043333333333,157.35142970345782,24,100.87571265678449,325.0,5723.476909920182,2.4842645381984036,50.149657924743444,31.750513112884835,0.8464652223489167,41.56829268292683,27.948780487804882,56.19512195121951,2.112195121951219
9461,10,Pierre GASLY,Alpine,85.333,164.4292608695652,143.7639482643011,23,96.60239452679589,323.0,5845.206955530217,2.444412770809578,46.73192702394527,28.95096921322691,0.8666476624857469,41.56829268292683,27.948780487804882,56.19512195121951,2.112195121951219
9461,11,Sergio PEREZ,Red Bull Racing,85.483,145.44484,119.35832568117904,25,104.65963511972635,332.0,5949.38409350057,2.580957810718358,43.419441277080956,23.767844925883693,0.893557582668187,41.56829268292683,27.948780487804882,56.19512195121951,2.112195121951219
9461,14,Fernando ALONSO,Aston Martin,85.504,170.564,140.49853370829825,22,92.95193842645382,328.0,5435.741391106043,2.492474344355758,47.79144811858609,33.22417331812999,0.8936716077537058,41.56829268292683,27.948780487804882,56.19512195121951,2.112195121951219
9461,16,Charles LECLERC,Ferrari,84.321,109.59466666666665,24.382143876205802,18,76.71174458380844,328.0,4518.21818700114,1.9843785632839224,34.83164196123147,19.330216647662485,0.5918472063854048,41.56829268292683,27.948780487804882,56.19512195121951,2.112195121951219
9461,20,Kevin MAGNUSSEN,Haas F1 Team,85.444,158.02904166666667,162.20305463972184,24,101.06465222348916,325.0,5777.625142531357,2.6490877993158497,51.09201824401368,29.779019384264537,0.8823261117445839,41.56829268292683,27.948780487804882,56.19512195121951,2.112195121951219
9461,24,ZHOU Guanyu,Kick Sauber,85.921,170.53127272727275,189.34932627798182,22,92.85456100342076,325.0,5074.13740022805,2.580387685290764,53.27377423033067,37.26043329532497,0.8667046750285062,41.56829268292683,27.948780487804882,56.19512195121951,2.112195121951219
9461,27,Nico HULKENBERG,Haas F1 Team,85.373,165.4480909090909,182.04202008050706,22,93.24754846066135,326.0,5161.185803876853,2.5097491448118587,50.51254275940707,32.33751425313569,0.8526225769669328,41.56829268292683,27.948780487804882,56.19512195121951,2.112195121951219
9461,28,Ryo HIRAKAWA,McLaren,85.874,201.4186111111111,174.0520374061667,18,76.65638540478905,326.0,4623.305872291904,1.8758266818700113,52.861687571265676,41.664994298745725,0.8780501710376283,41.56829268292683,27.948780487804882,56.19512195121951,2.112195121951219
9461,30,Liam LAWSON,RB,85.563,141.3947307692308,82.01992459554131,26,108.67867730900798,329.0,6212.768358038768,2.723261117445838,45.3457810718358,23.9539338654504,0.8502280501710376,41.56829268292683,27.948780487804882,56.19512195121951,2.112195121951219
9461,34,Felipe DRUGOVICH,Aston Martin,85.471,181.19133333333335,181.69091634770805,21,88.76710376282782,328.0,4994.397434435576,2.419327251995439,54.51305587229191,38.55667046750285,0.8924173318129989,41.56829268292683,27.948780487804882,56.19512195121951,2.112195121951219
9461,37,Isack HADJAR,Red Bull Racing,85.877,166.17933333333335,188.13903839734954,21,89.04099201824401,328.0,4985.926225769669,2.2185860889395665,58.31419612314709,42.73386545039909,0.9980615735461802,41.56829268292683,27.948780487804882,56.19512195121951,2.112195121951219
9461,39,Arthur LECLERC,Ferrari,86.179,177.54542857142857,214.07669839670868,21,89.02189281641961,328.0,4721.619327251996,2.5969783352337514,54.817502850627136,37.941847206385404,0.8547320410490308,41.56829268292683,27.948780487804882,56.19512195121951,2.112195121951219
9461,40,Ayumu IWASA,RB,86.121,170.93977272727273,124.38447847553233,22,96.99201824401368,326.0,6013.266875712657,2.3196123147092362,47.938198403648805,31.03261117445838,0.8698403648802736,41.56829268292683,27.948780487804882,56.19512195121951,2.112195121951219
9461,43,Franco COLAPINTO,Williams,85.382,161.63052173913044,139.26616142445266,23,96.94977194982896,329.0,5375.903705815279,2.627080957810718,50.898403648802734,33.401368301026224,0.8810718358038768,41.56829268292683,27.948780487804882,56.19512195121951,2.112195121951219
9461,44,Lewis HAMILTON,Mercedes,84.806,143.56542307692308,101.50797252060589,26,109.02269099201824,326.0,5963.34732041049,3.1140820980615738,44.23586088939567,24.050171037628278,0.8415051311288484,41.56829268292683,27.948780487804882,56.19512195121951,2.112195121951219
9461,46,Luke BROWNING,Williams,86.519,152.84152380952384,152.45896935354335,21,89.1630558722919,326.0,4828.851596351197,2.417958950969213,50.444526795895094,35.00684150513113,0.8124857468643102,41.56829268292683,27.948780487804882,56.19512195121951,2.112195121951219
9461,61,Jack DOOHAN,Alpine,86.304,161.83665217391305,184.03657743375686,23,96.39498289623717,324.0,5757.552394526796,2.380957810718358,48.608494868871155,30.883010262257695,0.8519954389965793,41.56829268292683,27.948780487804882,56.19512195121951,2.112195121951219
9461,63,George RUSSELL,Mercedes,85.165,140.5430769230769,109.23008256179075,26,108.72491448118586,326.0,6209.55763968073,2.8094640820980614,47.41453819840365,22.894412770809577,0.8378563283922463,41.56829268292683,27.948780487804882,56.19512195121951,2.112195121951219
9461,77,Valtteri BOTTAS,Kick Sauber,85.611,169.3098181818182,205.25411193724904,22,93.43688711516533,325.0,5210.534435575827,2.4496579247434433,56.08882554161916,36.69874572405929,0.8582098061573546,41.56829268292683,27.948780487804882,56.19512195121951,2.112195121951219
9656,1,Max VERSTAPPEN,Red Bull Racing,84.598,147.54932,151.52162899222543,25,103.04485960398254,330.0,5638.81659022262,2.60437409106164,52.924935675131444,32.75646045418951,0.963642465600179,31.649367088607598,26.474683544303797,66.10126582278481,1.2189873417721517
9656,4,Lando NORRIS,McLaren,83.517,153.67741666666666,164.61565411231823,24,98.82637878957378,324.0,5663.492672558452,2.388354402058396,48.830182347018685,31.106387739120706,0.8307976283700638,31.649367088607598,26.474683544303797,66.10126582278481,1.2189873417721517
9656,10,Pierre GASLY,Alpine,84.517,142.86523076923078,131.68121991394094,26,106.91827944960286,327.0,6139.796565611366,2.6756907931535965,48.32738561360331,25.450945295894396,0.8455643808032218,31.649367088607598,26.474683544303797,66.10126582278481,1.2189873417721517
9656,11,Sergio PEREZ,Red Bull Racing,84.555,141.10576923076923,117.65862433305408,26,106.82095312674795,326.0,6165.492672558452,2.592851549390312,47.26048775030764,26.12775478241414,0.9586642801208188,31.649367088607598,26.474683544303797,66.10126582278481,1.2189873417721517
9656,14,Fernando ALONSO,Aston Martin,84.574,151.63112500000003,159.58670706294026,24,99.21210426222173,330.0,5424.394339411568,2.6979527911399486,48.307752545027405,30.373419845620315,0.8535630383711824,31.649367088607598,26.474683544303797,66.10126582278481,1.2189873417721517
9656,16,Charles LECLERC,Ferrari,84.201,138.2737037037037,112.04395343290582,27,111.2270388186598,328.0,6660.183297908044,2.840977738002014,62.07724577693254,38.23626803893053,1.0,31.649367088607598,26.474683544303797,66.10126582278481,1.2189873417721517
9656,18,Lance STROLL,Aston Martin,84.686,135.00410714285712,100.02911785694464,28,114.77586978409218,329.0,6363.261214900996,3.0472088600514597,49.432710594026176,28.732296677480704,0.9088264906589104,31.649367088607598,26.474683544303797,66.10126582278481,1.2189873417721517
9656,20,Kevin MAGNUSSEN,Haas F1 Team,84.235,157.88820833333332,179.15806683716923,24,99.35048663161427,330.0,5793.110806577917,2.5937465040832306,66.76731177984115,45.34041839131894,1.0,31.649367088607598,26.474683544303797,66.10126582278481,1.2189873417721517
9656,22,Yuki TSUNODA,RB,84.497,140.338,109.11609911499804,27,110.874818212328,329.0,6529.688443897528,2.692247454972592,46.085356303837116,22.354178319722564,0.8507103702875042,31.649367088607598,26.474683544303797,66.10126582278481,1.2189873417721517
9656,23,Alexander ALBON,Williams,84.269,179.0597619047619,182.63497166672437,21,87.30344557556774,327.0,5012.399149793042,2.3361114218592682,63.9554760040273,51.83667076854234,1.0,31.649367088607598,26.474683544303797,66.10126582278481,1.2189873417721517
9656,24,ZHOU Guanyu,Kick Sauber,84.557,169.56931818181815,192.8478903237156,22,91.29276205392102,331.0,4875.317093634635,2.457042174739904,56.36514151471082,39.44110079427229,0.8474661595256741,31.649367088607598,26.474683544303797,66.10126582278481,1.2189873417721517
9656,27,Nico HULKENBERG,Haas F1 Team,83.979,138.2141851851852,116.65285222911581,27,111.41044859603983,329.0,6361.236156169594,2.975836223291196,63.42258641906253,41.413357198791815,1.0,31.649367088607598,26.474683544303797,66.10126582278481,1.2189873417721517
9656,30,Liam LAWSON,RB,84.503,155.184,150.3434400630769,24,99.21814520639893,331.0,5538.763843830406,2.5106835216467167,50.822519297460566,30.19487638438304,0.8482492448819778,31.649367088607598,26.474683544303797,66.10126582278481,1.2189873417721517
9656,43,Franco COLAPINTO,Williams,85.265,149.61855555555556,124.22314832511077,9,40.062594395032725,328.0,2218.904010740057,1.0845220115231862,71.40364714437546,64.92834368182581,0.8507020193544779,31.649367088607598,26.474683544303797,66.10126582278481,1.2189873417721517
9656,44,Lewis HAMILTON,Mercedes,84.119,135.58446153846154,89.09527936265792,26,111.3144822956872,327.0,6143.642389662695,3.1350897801644573,58.095877384348604,37.18834256306987,1.0,31.649367088607598,26.474683544303797,66.10126582278481,1.2189873417721517
9656,55,Carlos SAINZ,Ferrari,84.099,137.37307407407408,103.40742538848937,27,111.20154388320188,327.0,6765.892655367232,2.8073502265480785,58.73351233428428,35.57979526766236,1.0,31.649367088607598,26.474683544303797,66.10126582278481,1.2189873417721517
9656,61,Jack DOOHAN,Alpine,84.961,146.23665384615384,134.87614930769814,26,107.11053308720703,325.0,6277.402248699446,2.6698551211053307,47.327236113441856,27.316663869776807,0.8486323208592046,31.649367088607598,26.474683544303797,66.10126582278481,1.2189873417721517
9656,63,George RUSSELL,Mercedes,84.534,159.61130434782606,170.7510676800116,23,95.00928567433014,326.0,5457.1331878950605,2.435979191139453,69.35123342842759,48.58421435363876,1.0,31.649367088607598,26.474683544303797,66.10126582278481,1.2189873417721517
9656,77,Valtteri BOTTAS,Kick Sauber,84.23,158.35295652173912,191.27712440364778,23,95.44179672204508,333.0,5202.806567097387,2.5087542652570343,56.67612015438832,36.80975555182637,0.846115119986575,31.649367088607598,26.474683544303797,66.10126582278481,1.2189873417721517
9656,81,Oscar PIASTRI,McLaren,83.751,136.13544444444443,110.7531472654835,27,111.14795547351345,326.0,6285.587123119091,2.809755551826369,61.63869776808189,40.289534038149576,1.0,31.649367088607598,26.474683544303797,66.10126582278481,1.2189873417721517
9657,1,Max VERSTAPPEN,Red Bull Racing,83.844,158.9579375,138.68432723160754,16,65.8293571001576,331.0,4034.038639204391,1.6452910167925656,58.352915602412914,46.703548720178254,0.8787022444432367,40.27407407407407,27.90493827160494,60.5679012345679,2.2246913580246916
9657,4,Lando NORRIS,McLaren,83.626,200.3338571428571,202.19104621791215,14,57.822835715450246,325.0,3944.4911689582086,1.4789413618825065,70.40508668007173,62.87962610727678,1.0,40.27407407407407,27.90493827160494,60.5679012345679,2.2246913580246916
9657,10,Pierre GASLY,Alpine,84.408,213.9221875,186.15105954110854,16,65.51877615346991,329.0,3939.4230748328896,1.6370849410358133,46.5606217053421,33.0103798706592,0.750557034943753,40.27407407407407,27.90493827160494,60.5679012345679,2.2246913580246916
9657,11,Sergio PEREZ,Red Bull Racing,84.283,163.75818750000002,155.44561127658875,16,65.31481984674745,332.0,4237.928536492582,1.6200206510515733,47.70930927666975,37.74664420411934,0.9470680941253192,40.27407407407407,27.90493827160494,60.5679012345679,2.2246913580246916
9657,14,Fernando ALONSO,Aston Martin,84.453,196.71205555555554,186.26589698584482,18,73.06640943426987,329.0,4235.301233628607,1.947176783870442,54.16374110102712,41.43448725612738,0.8389217977283844,40.27407407407407,27.90493827160494,60.5679012345679,2.2246913580246916
9657,16,Charles LECLERC,Ferrari,84.098,148.63563157894737,120.83575416904182,19,76.9845660561926,327.0,5202.841856420847,1.9618498994619857,62.06282267268083,46.923102005325795,1.0,40.27407407407407,27.90493827160494,60.5679012345679,2.2246913580246916
9657,18,Lance STROLL,Aston Martin,84.531,192.7979473684211,193.69393449473284,19,76.92777566436607,330.0,4485.237052334112,2.0236943644367154,55.344926906146405,42.672898212053695,0.8715287212651487,40.27407407407407,27.90493827160494,60.5679012345679,2.2246913580246916
9657,20,Kevin MAGNUSSEN,Haas F1 Team,84.094,215.47653846153847,324.26664633781195,13,53.99576109994022,330.0,3840.0604858431607,1.4632900385848595,73.36171947176784,63.82674854627466,1.0,40.27407407407407,27.90493827160494,60.5679012345679,2.2246913580246916
9657,22,Yuki TSUNODA,RB,84.343,161.62623529411763,168.56778953969106,17,69.43785663822618,332.0,4327.462094451388,1.6404543231346123,31.5051899353296,17.763817183848705,0.6045867072441715,40.27407407407407,27.90493827160494,60.5679012345679,2.2246913580246916
9657,23,Alexander ALBON,Williams,84.378,179.1622857142857,136.63798702955847,14,58.02037932721048,328.0,3658.7475680669527,1.5320906472474323,51.608499538068585,45.13319928264768,0.8178903320471713,40.27407407407407,27.90493827160494,60.5679012345679,2.2246913580246916
9657,24,ZHOU Guanyu,Kick Sauber,84.668,199.143,261.68344424050105,14,61.29655996956687,334.0,3499.142220531493,1.7421879245693168,36.123851964567145,28.269333188413672,0.6339872832998207,40.27407407407407,27.90493827160494,60.5679012345679,2.2246913580246916
9657,27,Nico HULKENBERG,Haas F1 Team,84.093,212.35384615384618,292.98674119878535,13,54.07439813053639,331.0,3707.657735992609,1.4765501874898104,53.674528558230534,44.48845171458073,0.8378349002771589,40.27407407407407,27.90493827160494,60.5679012345679,2.2246913580246916
9657,30,Liam LAWSON,RB,84.519,146.40549999999996,133.16566193248417,18,73.48338500027194,330.0,4285.277097949638,1.8308587589057486,32.26899439821613,17.803665633327896,0.5987382389731876,40.27407407407407,27.90493827160494,60.5679012345679,2.2246913580246916
9657,43,Franco COLAPINTO,Williams,84.766,164.64385714285714,111.89241345650942,14,58.053189753630285,331.0,3561.3139174416706,1.595148746396911,49.84608690922935,40.48643063033665,0.7938761081198673,40.27407407407407,27.90493827160494,60.5679012345679,2.2246913580246916
9657,44,Lewis HAMILTON,Mercedes,83.823,159.77688235294116,90.75351267541843,17,68.99005488832128,329.0,4004.699418509864,2.0899951089614697,65.11945002988968,55.36351285256236,1.0,40.27407407407407,27.90493827160494,60.5679012345679,2.2246913580246916
9657,55,Carlos SAINZ,Ferrari,83.871,132.92545,86.1749915813602,20,80.95282865061681,327.0,4962.6701809684255,2.021846638769632,47.48285419270692,31.22786805064942,0.7953372099342427,40.27407407407407,27.90493827160494,60.5679012345679,2.2246913580246916
9657,61,Jack DOOHAN,Alpine,84.434,214.8884375,184.20565349052427,16,65.31941045303748,328.0,4335.469081416218,1.8392886278348834,68.06928808397237,56.29890683635177,0.9864578234622288,40.27407407407407,27.90493827160494,60.5679012345679,2.2246913580246916
9657,63,George RUSSELL,Mercedes,84.075,168.744375,110.5861114007287,16,69.5155698059888,326.0,4542.504646486604,1.753709037552307,66.1874898103364,52.07260474974186,1.0,40.27407407407407,27.90493827160494,60.5679012345679,2.2246913580246916
9657,77,Valtteri BOTTAS,Kick Sauber,84.479,187.03406666666666,260.41355719175266,15,61.62822672680833,330.0,3559.3574262268353,1.6281723819357643,38.66344220422803,28.006086625726862,0.624313895983914,40.27407407407407,27.90493827160494,60.5679012345679,2.2246913580246916
9657,81,Oscar PIASTRI,McLaren,83.433,183.7014,175.16294232848833,15,61.78805499701103,328.0,4101.149394054671,1.6074126406173577,63.43187870224444,53.17645780120645,0.9574479647845225,40.27407407407407,27.90493827160494,60.5679012345679,2.2246913580246916
9658,1,Max VERSTAPPEN,Red Bull Racing,82.945,263.95015384615385,308.98468043499304,13,61.474550898203596,333.0,3463.046695071396,1.5604560110548134,33.7205204974666,22.978120681713495,0.8995854444956242,29.672839506172846,25.811111111111103,65.79012345679013,1.474074074074074
9658,4,Lando NORRIS,McLaren,82.595,230.5537333333333,221.87101320886623,15,65.49055734684477,324.0,4011.0745624136343,1.592065868263473,47.941904652233994,39.07646245969599,0.8116651312759097,29.672839506172846,25.811111111111103,65.79012345679013,1.474074074074074
9658,10,Pierre GASLY,Alpine,82.984,204.6325,205.53815038545764,16,73.6173998157531,327.0,4495.256909258406,1.8257139567019807,45.38041225241824,31.037309995393827,0.8089590050667895,29.672839506172846,25.811111111111103,65.79012345679013,1.474074074074074
9658,11,Sergio PEREZ,Red Bull Racing,83.264,203.68629411764704,207.69164820098788,17,73.51589129433441,335.0,4358.152752187932,1.7715338553661908,37.15442192538001,23.383694150161215,0.9979847996315062,29.672839506172846,25.811111111111103,65.79012345679013,1.474074074074074
9658,14,Fernando ALONSO,Aston Martin,83.196,205.86994444444446,178.49345185171742,18,77.49746660525103,330.0,4613.386457853524,2.0921234454168585,44.100472132657764,32.64417319207738,0.8488599723629664,29.672839506172846,25.811111111111103,65.79012345679013,1.474074074074074
9658,16,Charles LECLERC,Ferrari,82.98,209.1630909090909,202.93819811077037,11,48.7535697835099,328.0,3653.7057807461997,1.2825886688162138,68.9415016121603,59.43367111929986,0.9979272224781207,29.672839506172846,25.811111111111103,65.79012345679013,1.474074074074074
9658,18,Lance STROLL,Aston Martin,83.729,194.0543076923077,193.0315160550751,13,56.69132888070014,330.0,3397.6770497466605,1.495048364808844,58.596672040534315,50.6480884385076,0.8566904652233993,29.672839506172846,25.811111111111103,65.79012345679013,1.474074074074074
9658,20,Kevin MAGNUSSEN,Haas F1 Team,83.632,216.76800000000003,206.3590128930646,10,44.56932289267618,330.0,2968.342411331184,1.187010594196223,78.72547213265776,70.63634269921695,0.9981575310916628,29.672839506172846,25.811111111111103,65.79012345679013,1.474074074074074
9658,22,Yuki TSUNODA,RB,83.419,214.64072727272725,222.9134938707231,11,48.7360663288807,329.0,2964.4488714877934,1.164267618608936,55.03454629203132,45.81851681252879,0.8145439889451865,29.672839506172846,25.811111111111103,65.79012345679013,1.474074074074074
9658,23,Alexander ALBON,Williams,83.821,123.84540000000001,56.92590030065401,5,24.278443113772454,329.0,1693.124251497006,0.6383003224320589,85.33429295255642,83.89359742054353,0.9981575310916628,29.672839506172846,25.811111111111103,65.79012345679013,1.474074074074074
9658,24,ZHOU Guanyu,Kick Sauber,83.88,146.944,95.99020068111119,5,24.41910409949332,333.0,1355.0766927683096,0.6438277291570704,74.07513818516813,70.38254260709351,0.8123560571165361,29.672839506172846,25.811111111111103,65.79012345679013,1.474074074074074
9658,27,Nico HULKENBERG,Haas F1 Team,82.886,210.465,196.55243274219478,16,69.31385306310456,332.0,4186.233245048365,1.8974550898203593,44.82542607093505,32.61054813450023,0.8101681252878857,29.672839506172846,25.811111111111103,65.79012345679013,1.474074074074074
9658,30,Liam LAWSON,RB,83.472,211.7084545454546,210.57907851246057,11,48.830089820359284,329.0,2877.942192538001,1.224032703823123,52.94737448180562,44.379548595117456,0.8121833256563795,29.672839506172846,25.811111111111103,65.79012345679013,1.474074074074074
9658,43,Franco COLAPINTO,Williams,83.912,121.67840000000001,62.2014708623518,5,24.217584062643944,333.0,1506.2293298019347,0.6615614923998158,71.87488484569323,67.23929064947029,0.8328535237217872,29.672839506172846,25.811111111111103,65.79012345679013,1.474074074074074
9658,44,Lewis HAMILTON,Mercedes,83.887,166.47116666666665,93.96979708469571,6,28.418182865039153,332.0,1564.3394173192078,0.7933555964993091,73.65321280515892,69.23952095808383,0.8340626439428834,29.672839506172846,25.811111111111103,65.79012345679013,1.474074074074074
9658,55,Carlos SAINZ,Ferrari,82.824,233.15906666666663,220.44355523095297,15,65.53011285122064,329.0,4482.572547213265,1.6953017042837402,41.51151543067711,31.221096269000462,0.9841087056655919,29.672839506172846,25.811111111111103,65.79012345679013,1.474074074074074
9658,61,Jack DOOHAN,Alpine,84.105,159.0538,121.13984157394295,5,24.26445186549977,326.0,1711.8810456011054,0.6559765085214188,66.20215338553662,63.43804698295716,0.8089014279134039,29.672839506172846,25.811111111111103,65.79012345679013,1.474074074074074
9658,63,George RUSSELL,Mercedes,83.132,208.10882352941175,169.2211748981493,17,77.52187931828651,327.0,4488.594484108706,1.9915361584523261,52.90217641639797,37.116766467065865,0.8342929525564257,29.672839506172846,25.811111111111103,65.79012345679013,1.474074074074074
9658,77,Valtteri BOTTAS,Kick Sauber,83.204,253.5219230769231,281.2055942485611,13,61.206701980654074,332.0,3532.5909143251956,1.6509097190234914,55.53932519576232,44.09304467987103,0.8120681713496085,29.672839506172846,25.811111111111103,65.79012345679013,1.474074074074074
9658,81,Oscar PIASTRI,McLaren,82.804,227.6352666666667,228.43398480946067,15,65.44190465223399,327.0,3962.9290073698758,1.647224781206817,47.94276830953478,37.66835559649931,0.8110893597420543,29.672839506172846,25.811111111111103,65.79012345679013,1.474074074074074
9662,1,Max VERSTAPPEN,Red Bull Racing,87.765,90.40525862068965,5.475597131852994,58,129.98039798923227,339.0,6470.762723459949,3.3323418305125077,41.69657039174277,12.837264642017907,0.14961777566257176,31.805405405405406,26.76824324324324,51.445945945945944,1.9006756756756753
9662,4,Lando NORRIS,McLaren,87.438,89.54703448275862,4.04763135062163,58,132.3615217585294,318.0,6982.069484517683,3.259942294535828,52.60787054939171,22.627442815074808,0.3606591510752848,31.805405405405406,26.76824324324324,51.445945945945944,1.9006756756756753
9662,10,Pierre GASLY,Alpine,89.212,90.79839655172414,4.038693438177045,58,130.41458698949998,328.0,6650.701656801213,3.3448050209702846,52.24301734138434,19.09432166334513,0.24682471221630625,31.805405405405406,26.76824324324324,51.445945945945944,1.9006756756756753
9662,11,Sergio PEREZ,Red Bull Racing,,,,0,10.191885540914363,317.0,683.3758291442339,4.505220262351647,66.02061334364497,64.67878283113716,0.7026383890062167,31.805405405405406,26.76824324324324,51.445945945945944,1.9006756756756753
9662,14,Fernando ALONSO,Aston Martin,87.948,90.96603448275862,5.047795626653889,58,130.2426009101996,336.0,6627.497932716618,3.4340997650138316,50.83274338915494,22.07775365120914,0.23787144174425176,31.805405405405406,26.76824324324324,51.445945945945944,1.9006756756756753
9662,16,Charles LECLERC,Ferrari,88.018,90.09665517241379,4.404595685980271,58,132.38436598352123,335.0,7057.58978553794,3.4128915196763736,51.54751777268806,20.941967339897083,0.402540230226955,31.805405405405406,26.76824324324324,51.445945945945944,1.9006756756756753
9662,18,Lance STROLL,Aston Martin,88.604,91.35338596491228,5.160989014270138,57,130.05833011094916,340.0,6608.754751777269,3.4342484904369552,42.01820399179036,13.317826229215623,0.1634789850977126,31.805405405405406,26.76824324324324,51.445945945945944,1.9006756756756753
9662,20,Kevin MAGNUSSEN,Haas F1 Team,85.637,92.47729824561404,7.191186152469605,57,132.44570034801748,337.0,6944.699217704275,3.4962075017103422,53.026354144977546,22.47871739195098,0.387429727237574,31.805405405405406,26.76824324324324,51.445945945945944,1.9006756756756753
9662,22,Yuki TSUNODA,RB,89.2,91.3777894736842,5.156139759435983,57,129.93583985246437,333.0,6629.894048008567,3.2835896368125166,43.80561587197715,13.84490912876647,0.13536988012730897,31.805405405405406,26.76824324324324,51.445945945945944,1.9006756756756753
9662,23,Alexander ALBON,Williams,89.438,91.31464912280701,4.9553603281848595,57,132.38368184657486,336.0,6694.877242035754,3.528034742258842,49.704006662898955,21.910229334602455,0.21279633540557422,31.805405405405406,26.76824324324324,51.445945945945944,1.9006756756756753
9662,24,ZHOU Guanyu,Kick Sauber,87.982,91.42215789473684,6.19532220191941,57,130.39590707635563,333.0,6523.209702846604,3.459204616437134,48.570005056664385,20.07115024242244,0.28403581308188824,31.805405405405406,26.76824324324324,51.445945945945944,1.9006756756756753
9662,27,Nico HULKENBERG,Haas F1 Team,89.152,90.8505172413793,4.054772659307578,58,134.86290490496447,337.0,6959.47999643059,3.4973378149260834,53.73134239566912,22.856598947024004,0.37362800797168266,31.805405405405406,26.76824324324324,51.445945945945944,1.9006756756756753
9662,30,Liam LAWSON,RB,88.751,92.31576363636364,7.110704345533343,55,124.51572027722419,325.0,6252.1186828876525,3.20952437609685,43.348552901633006,14.197566852077694,0.1201403967994289,31.805405405405406,26.76824324324324,51.445945945945944,1.9006756756756753
9662,43,Franco COLAPINTO,Williams,89.411,95.0295,10.65381100556546,26,64.91209641422408,323.0,3398.909924118435,1.7667906561523583,63.06674601993751,51.259276893319445,0.19738134206219313,31.805405405405406,26.76824324324324,51.445945945945944,1.9006756756756753
9662,44,Lewis HAMILTON,Mercedes,87.278,90.1748448275862,4.84095522706049,58,134.59720279720278,339.0,6777.115726826365,3.609730694837078,52.539324505281954,22.05814610920994,0.21568219015027526,31.805405405405406,26.76824324324324,51.445945945945944,1.9006756756756753
9662,55,Carlos SAINZ,Ferrari,87.765,89.64891379310345,4.128598039096375,58,132.48909388483855,319.0,6935.910340723107,3.438833506918613,50.560630858503195,19.459604225561673,0.3169766403808957,31.805405405405406,26.76824324324324,51.445945945945944,1.9006756756756753
9662,61,Jack DOOHAN,Alpine,89.121,91.58252631578947,5.086553998793369,57,128.48299360214253,332.0,6828.213837226604,3.332480285671775,53.08921291474483,23.419253087338195,0.22026484154143727,31.805405405405406,26.76824324324324,51.445945945945944,1.9006756756756753
9662,63,George RUSSELL,Mercedes,88.195,90.19505172413795,4.178997254013066,58,134.7993750929921,333.0,6877.606814462134,3.5451867281654517,53.50052075583991,20.798809700937362,0.20291623270346676,31.805405405405406,26.76824324324324,51.445945945945944,1.9006756756756753
9662,77,Valtteri BOTTAS,Kick Sauber,89.482,94.91836666666664,12.524751109924525,30,71.31858354411546,329.0,3726.1813718196695,1.8877845558696622,63.87135842880524,48.19747061449189,0.5603332837375391,31.805405405405406,26.76824324324324,51.445945945945944,1.9006756756756753
9662,81,Oscar PIASTRI,McLaren,87.69,90.98939655172414,6.74183157079392,58,132.28995685165899,341.0,6842.936170212766,3.374468085106383,50.952417794970984,21.905073649754502,0.38773991965481325,31.805405405405406,26.76824324324324,51.445945945945944,1.9006756756756753
