average_lap,lap_std,total_laps,average_speed,max_speed,average_rpm,average_gear,average_throttle,average_brake,drs_usage,track_temp,air_temp,humidity,wind_speed,Actual,Predicted
171.14894999999996,175.83726733985458,20,82.2028692879915,315.0,4710.946121147716,2.071413390010627,53.30653560042508,39.83443145589798,1.0,34.21585365853659,19.373170731707315,38.74390243902439,3.3780487804878048,99.60423861515692,99.273363166849
176.76816666666664,277.3920198512186,18,74.98273113708821,320.0,4656.976354941551,2.0598299681190224,58.26641870350691,45.945164718384696,0.8973963868225292,34.21585365853659,19.373170731707315,38.74390243902439,3.3780487804878048,98.57344527825248,98.12357646291608
168.8736818181818,176.10819411331576,22,90.1193411264612,313.0,5341.925982996812,2.167534537725824,48.77082890541977,30.20233793836344,0.7999468650371945,34.21585365853659,19.373170731707315,38.74390243902439,3.3780487804878048,100.0,99.02622306189322
156.12699999999998,148.58956563018367,24,98.44755579171094,316.0,6126.219447396386,2.379489904357067,62.16620616365569,46.367056323060574,1.0,34.21585365853659,19.373170731707315,38.74390243902439,3.3780487804878048,99.9655547303043,99.32513486724454
163.88621739130437,165.60347879956495,23,94.42964930924548,311.0,5601.275929861849,2.4205632306057385,66.65812964930925,48.2826780021254,1.0,34.21585365853659,19.373170731707315,38.74390243902439,3.3780487804878048,97.60888758092996,99.55201904421139
164.22565217391303,150.55373252404772,23,93.9624335812965,317.0,5629.492454835282,2.359086078639745,52.79989373007439,36.21721572794899,1.0,34.21585365853659,19.373170731707315,38.74390243902439,3.3780487804878048,99.4176399430486,99.36845339398005
192.0534210526316,199.55225319312808,19,78.2144527098831,315.0,4432.014346439957,2.150212539851222,49.6961211477152,36.75069075451647,0.8268862911795962,34.21585365853659,19.373170731707315,38.74390243902439,3.3780487804878048,99.65233440279847,98.55432292191207
161.35082608695652,167.7594251181428,23,94.08910733262486,314.0,5853.871094580234,2.380393198724761,65.12146652497343,48.42635494155154,1.0,34.21585365853659,19.373170731707315,38.74390243902439,3.3780487804878048,99.57220054037826,99.29035424923298
184.618,198.60900243019145,19,78.63815090329437,314.0,4448.176620616366,2.160414452709883,68.77433581296494,57.10414452709883,1.0,34.21585365853659,19.373170731707315,38.74390243902439,3.3780487804878048,98.93573954915414,98.92695825009241
158.47058333333334,259.26271648511874,24,98.20563230605738,318.0,5694.29394261424,2.605472901168969,74.15244420828905,53.52731137088204,1.0,34.21585365853659,19.373170731707315,38.74390243902439,3.3780487804878048,95.272731003211,99.42906637266327
158.4246956521739,161.58984350009638,23,93.68028692879916,312.0,5650.947183846972,2.2236981934112645,47.30982996811903,27.18002125398512,0.811211477151966,34.21585365853659,19.373170731707315,38.74390243902439,3.3780487804878048,99.66302866402668,99.20237477478972
194.127125,218.7553507310949,16,66.75276301806589,318.0,4123.227470775771,1.78384697130712,73.09011689691818,64.88607863974495,1.0,34.21585365853659,19.373170731707315,38.74390243902439,3.3780487804878048,99.2370409155509,99.19900801810631
251.6214666666666,294.8923335587338,15,63.19936238044633,307.0,3716.0875664187033,1.6985122210414452,56.39856535600425,47.251009564293305,0.8147715196599362,34.21585365853659,19.373170731707315,38.74390243902439,3.3780487804878048,98.87780415872577,98.91674456441429
145.4633076923077,153.17996728829718,26,106.34888416578109,313.0,5911.196811902231,2.8340063761955365,65.23666312433582,44.2605738575983,0.976673751328374,34.21585365853659,19.373170731707315,38.74390243902439,3.3780487804878048,94.82427658314444,99.30693329299083
185.78125,226.8866927360164,20,82.85010626992562,311.0,4949.909723698193,2.088204038257173,69.81907545164718,54.185122210414455,1.0,34.21585365853659,19.373170731707315,38.74390243902439,3.3780487804878048,97.95584714208866,99.19846337385029
174.78947619047617,213.8543550538252,21,86.7893730074389,311.0,4728.179649309245,2.4335812964930925,73.33108395324123,58.38150903294368,1.0,34.21585365853659,19.373170731707315,38.74390243902439,3.3780487804878048,99.53591562881824,99.33528710516698
147.87724000000003,115.1568048116237,25,102.18990435706696,314.0,6235.6417109458025,2.6438894792773646,62.61025504782147,44.48140276301807,1.0,34.21585365853659,19.373170731707315,38.74390243902439,3.3780487804878048,99.44744873373668,99.17805770979957
151.72708333333333,129.45325511966234,24,98.2654622741764,310.0,5655.393836344315,2.601700318809777,68.58193411264612,49.990435706695,1.0,34.21585365853659,19.373170731707315,38.74390243902439,3.3780487804878048,99.59035291846736,99.44223926921359
191.90275000000003,182.47253586796973,20,82.71774707757704,310.0,4945.749734325186,2.2195536663124336,55.407279489904354,41.81955366631243,1.0,34.21585365853659,19.373170731707315,38.74390243902439,3.3780487804878048,99.48047218115988,99.41726012865956
158.049625,166.91308921506936,24,98.5557917109458,308.0,5770.5608395324125,2.479117959617428,67.12130712008502,50.46567481402763,1.0,34.21585365853659,19.373170731707315,38.74390243902439,3.3780487804878048,99.73795281002651,99.50140810762095
144.3540384615385,125.10642075955874,26,107.9670265820946,334.0,5412.348908148937,2.722945819009345,57.18907664746042,34.571248728998206,0.9449958843751514,30.59677419354838,25.370967741935488,59.784946236559136,2.401075268817205,99.62874896251598,99.05756894704362
143.76123076923076,118.09769255099702,26,107.66285769621848,330.0,5797.871205151794,2.9127003340918995,69.7482205974919,48.000387352926936,1.0,30.59677419354838,25.370967741935488,59.784946236559136,2.401075268817205,98.76909733804791,99.24582027998296
131.91839285714286,81.12637289101988,28,115.84070110879776,331.0,5991.562484869026,2.8701883503607224,41.23909359415097,14.55284946496877,0.714133539921561,30.59677419354838,25.370967741935488,59.784946236559136,2.401075268817205,98.6002575259746,98.98786871576881
171.06104545454548,171.3641031733514,22,91.53096402459693,328.0,5098.987604706338,2.250084733452767,75.12099937055149,56.54655497990607,1.0,30.59677419354838,25.370967741935488,59.784946236559136,2.401075268817205,98.96276655005684,99.10162142662654
136.83703571428572,112.48411903289222,28,115.63230523410644,330.0,5803.248874255556,2.896189415581272,49.50370406236382,21.26083377717523,0.7274003776691038,30.59677419354838,25.370967741935488,59.784946236559136,2.401075268817205,99.21700473594852,98.71906866839556
145.93773076923077,151.6459678671035,26,107.45654384350942,333.0,5210.375054471506,2.744540744686002,46.08584709243209,22.152326538517407,0.7565486854210042,30.59677419354838,25.370967741935488,59.784946236559136,2.401075268817205,99.47032474804033,98.92456240108643
136.71529629629632,116.9196888741615,27,110.97632305234106,331.0,6061.733549605384,2.950515663583983,75.72909504672445,50.97448312593812,1.0,30.59677419354838,25.370967741935488,59.784946236559136,2.401075268817205,100.0,98.95910138502515
155.10437499999998,151.09644620788086,24,99.6202004551397,331.0,5663.092044739263,2.520941267612453,73.16438289836827,49.1101534885973,0.9874110298745944,30.59677419354838,25.370967741935488,59.784946236559136,2.401075268817205,99.6041713388652,99.06992599577545
144.36223076923076,132.43563835553877,26,107.32881421585242,330.0,5486.7654578027405,2.901854452137704,74.29903645959425,52.02556529317775,1.0,30.59677419354838,25.370967741935488,59.784946236559136,2.401075268817205,99.4302408883317,99.27921068050505
162.484347826087,182.79530168722195,23,95.72662567181524,334.0,5417.1948869413645,2.562436449910425,72.99961264707306,50.81837989638309,1.0,30.59677419354838,25.370967741935488,59.784946236559136,2.401075268817205,98.7131188531422,99.28430216457433
136.04,98.4933591136046,27,111.37452186123082,333.0,5870.297922819929,2.671718394422118,43.94906309010798,17.062509078584224,0.7233815910521474,30.59677419354838,25.370967741935488,59.784946236559136,2.401075268817205,99.06430531082016,98.9697981737071
140.50333333333333,127.66453808553334,27,111.58659758872804,331.0,5690.891541180458,2.978598750786811,70.68629254829807,48.28857793056699,1.0,30.59677419354838,25.370967741935488,59.784946236559136,2.401075268817205,98.9285992716257,99.21854684206411
147.05642307692307,133.42360429306268,26,107.77189754515082,332.0,5333.985329007893,2.875756548685421,49.36382123662422,26.31830726770929,0.729772914346584,30.59677419354838,25.370967741935488,59.784946236559136,2.401075268817205,98.94182251578911,98.83698099189712
149.85916,145.71519306885745,25,104.02464532997628,334.0,5826.805209896867,2.7388272890137024,72.48085023967462,49.29182201133008,1.0,30.59677419354838,25.370967741935488,59.784946236559136,2.401075268817205,98.61229836695271,99.40701768926114
144.4626923076923,129.34255724648082,26,107.7618263690505,330.0,5439.655836924418,2.743475524136929,75.98000290514695,51.65835471844285,0.7269161865104343,30.59677419354838,25.370967741935488,59.784946236559136,2.401075268817205,98.80535255447658,98.06071969682212
178.03933333333333,164.7417696160334,21,88.35142594296228,331.0,4629.7708807437175,2.528300973224229,67.7673945673752,51.15092238415726,0.9877015445697962,30.59677419354838,25.370967741935488,59.784946236559136,2.401075268817205,99.24360922416876,99.11718725569573
149.3668,114.0310239768108,25,103.7051275843703,333.0,5777.288335834987,2.6700721444826416,69.40555851450152,46.17866653754903,1.0,30.59677419354838,25.370967741935488,59.784946236559136,2.401075268817205,99.29797104689509,99.19221648007985
159.59460869565214,147.590077187588,23,95.6846462983586,334.0,5225.654771703868,2.493487628915896,73.15610322955503,52.19483852224858,1.0,30.59677419354838,25.370967741935488,59.784946236559136,2.401075268817205,99.74173843718069,99.18255614476051
147.87246153846152,128.26547879667714,26,108.0001452573476,330.0,5401.764925192466,2.864474894688423,49.34682612695492,26.105456834358204,0.7306444584321891,30.59677419354838,25.370967741935488,59.784946236559136,2.401075268817205,98.5291670826262,98.80186607001038
144.28353846153846,120.02296691218046,26,107.8514501525202,328.0,5767.829855226843,2.731951774560597,74.68876192320728,51.28727061443858,1.0,30.59677419354838,25.370967741935488,59.784946236559136,2.401075268817205,99.1439158872246,99.38926363195581
215.0653333333333,323.28116270859675,12,58.58798376184033,335.0,3283.5748849797023,1.4328010825439783,66.68546684709067,56.32519621109608,0.9847902571041948,39.55853658536586,25.98414634146341,60.34146341463415,4.16219512195122,100.0,98.51926859900662
214.14171428571427,356.7801676579869,14,67.26949932341002,334.0,3563.504140730717,1.6875778078484438,45.53986468200271,30.69466847090663,0.6585656292286874,39.55853658536586,25.98414634146341,60.34146341463415,4.16219512195122,98.52016937820372,99.25692514104513
314.2144,420.4519368182765,10,49.42089309878214,329.0,3444.769905277402,1.26787550744249,75.73320703653586,66.71805142083898,0.997997293640054,39.55853658536586,25.98414634146341,60.34146341463415,4.16219512195122,99.37170538714862,99.0890320264474
220.80875,272.996114953774,12,58.364763193504736,331.0,3481.995236806495,1.5026251691474966,83.46056833558863,69.74874154262517,1.0,39.55853658536586,25.98414634146341,60.34146341463415,4.16219512195122,98.73361177495366,98.8305049316618
227.54691666666668,338.062888136576,12,58.57001353179973,335.0,3233.3491204330176,1.5758051420838972,48.12665764546685,37.07366711772666,0.8368606224627876,39.55853658536586,25.98414634146341,60.34146341463415,4.16219512195122,99.44435696128495,98.44931618192918
272.64315384615384,370.8832491276936,13,62.8127198917456,333.0,4309.556860622462,1.7074424898511502,62.39518267929635,50.47382949932341,0.852936400541272,39.55853658536586,25.98414634146341,60.34146341463415,4.16219512195122,99.29692940092994,98.34417157534862
207.6767142857143,243.69377317516123,14,72.17255751014885,335.0,4531.563247631935,1.835669824086604,73.30305818673884,56.80259810554804,0.9710960757780784,39.55853658536586,25.98414634146341,60.34146341463415,4.16219512195122,99.77880101119538,98.77070637636113
277.1871538461538,377.5607939511904,13,62.64449255751015,332.0,3999.293098782138,1.6850338294993237,63.527307171853856,53.16200270635995,0.8849797023004059,39.55853658536586,25.98414634146341,60.34146341463415,4.16219512195122,99.19777396299664,98.61333017080852
220.0658181818181,315.30852564196925,11,54.03696887686062,337.0,3376.205250338295,1.4392422192151555,59.98181326116374,48.05650879566982,0.8002165087956699,39.55853658536586,25.98414634146341,60.34146341463415,4.16219512195122,98.80091635469633,98.22339541162849
184.5133529411765,220.20502972055016,17,80.61358592692828,334.0,4560.490446549391,1.9054939106901216,42.509282814614345,23.86749661705007,0.6760487144790257,39.55853658536586,25.98414634146341,60.34146341463415,4.16219512195122,98.7049524404948,98.70647725267192
244.4546363636364,290.73728971898413,11,58.4179702300406,331.0,3411.4324763193504,1.5389445196211096,58.41975642760488,49.226955345060894,0.8397834912043302,39.55853658536586,25.98414634146341,60.34146341463415,4.16219512195122,98.44557277748083,98.4348093015177
189.584,216.77675099604204,10,50.15799729364005,330.0,2570.1277401894454,1.3555615696887686,58.467604871447904,48.67355886332882,0.7109066305818674,39.55853658536586,25.98414634146341,60.34146341463415,4.16219512195122,97.43550182391256,98.20705979225782
260.42369999999994,436.1134284892061,10,49.447794316644114,337.0,3272.283897158322,1.3170771312584573,74.73677943166442,64.3680649526387,0.9533964817320704,39.55853658536586,25.98414634146341,60.34146341463415,4.16219512195122,98.59158070811264,100.08259530232876
221.5109166666667,357.78959129318315,12,58.367090663058185,333.0,3289.5088497970232,1.649742895805142,78.19913396481732,65.60952638700947,0.9763464140730718,39.55853658536586,25.98414634146341,60.34146341463415,4.16219512195122,98.70164666480603,99.3041223094617
180.01000000000002,255.2408095840923,21,99.09824086603518,334.0,5475.813531799729,2.610554803788904,72.71512855209743,49.54782138024357,1.0,39.55853658536586,25.98414634146341,60.34146341463415,4.16219512195122,98.99894743914184,99.19109932802009
201.8585,372.8782608758596,18,85.54571041948579,335.0,4373.941326116374,2.392313937753721,73.94760487144791,55.910581867388366,0.98787550744249,39.55853658536586,25.98414634146341,60.34146341463415,4.16219512195122,99.04108975220684,99.2372321928743
217.102,271.3757282981168,15,76.53640054127199,336.0,4145.404384303112,2.035561569688769,71.0055751014885,54.67106901217862,0.9567523680649528,39.55853658536586,25.98414634146341,60.34146341463415,4.16219512195122,99.37952430196484,98.72267450011984
200.08231578947368,225.163761342963,19,94.07848443843032,333.0,4880.765142083897,2.478809201623816,41.470527740189446,20.682002706359945,1.0,39.55853658536586,25.98414634146341,60.34146341463415,4.16219512195122,98.145044014964,99.35250228216147
256.44770000000005,380.1650814961969,10,49.65428958051421,329.0,3173.205737483085,1.2764276048714478,61.96573748308525,52.50771312584574,0.8396211096075779,39.55853658536586,25.98414634146341,60.34146341463415,4.16219512195122,99.10214878997456,98.56055215566867
85.045,2.072936081986132,3,19.654032108101408,320.0,1175.7152110580796,0.4940804562077729,61.15837104072399,58.44095952395711,0.157565238951218,38.40208333333333,20.62222222222222,44.451388888888886,0.9534722222222224,96.02719124105155,92.97494441965405
84.89101754385966,6.048004294563672,57,135.58773941610363,334.0,6631.609341102089,3.3843364532325046,54.05451558916506,20.26950970061365,0.3379098741709539,38.40208333333333,20.62222222222222,44.451388888888886,0.9534722222222224,98.24468543433572,98.49236541959988
83.33163793103448,5.34292998107772,58,137.4039546271617,324.0,6975.027118328891,3.419853715985868,53.94622822785595,20.534804438108225,0.3422488067935288,38.40208333333333,20.62222222222222,44.451388888888886,0.9534722222222224,99.87236438716135,98.60041371548263
85.31935087719299,7.464953097915496,57,135.45506105498046,337.0,6688.687751813054,3.453573420938449,43.97006136490423,10.67129486146408,0.3291080394223021,38.40208333333333,20.62222222222222,44.451388888888886,0.9534722222222224,98.42520656061168,98.1953412744412
84.20165517241381,6.77737400715189,58,137.74620343395526,339.0,6566.726461290523,3.5316742081447963,43.83763094278808,11.16345379036757,0.2679600818198723,38.40208333333333,20.62222222222222,44.451388888888886,0.9534722222222224,99.28471911230532,98.30902987515105
84.6247931034483,7.49862585746864,58,135.21099609496065,331.0,6692.110549804748,3.541901692183723,55.10912415545776,22.662988904729435,0.3882105002169466,38.40208333333333,20.62222222222222,44.451388888888886,0.9534722222222224,99.15520604276148,98.6370099278712
83.27034482758621,5.206383868343,58,137.98726213351517,332.0,6987.304964978615,3.560342155829666,58.41954379222711,23.88334469720449,0.5004958780140085,38.40208333333333,20.62222222222222,44.451388888888886,0.9534722222222224,100.0,98.42415999169266
84.83670689655172,6.694519129826101,58,137.51428748527863,332.0,6677.091613463088,3.674951961817393,53.31999628091489,20.38318973532511,0.3592326287733217,38.40208333333333,20.62222222222222,44.451388888888886,0.9534722222222224,98.61979488446804,98.40916198193378
84.76063157894738,5.7368863020991885,57,135.51283084361248,338.0,6695.94725097626,3.5951465939378915,54.84373644083556,23.30205169528296,0.5278311535362301,38.40208333333333,20.62222222222222,44.451388888888886,0.9534722222222224,98.43491773759898,98.51708071271541
84.8778448275862,6.31660542784603,58,137.77164817454906,334.0,6743.893603173619,3.435783797185892,44.413748217938384,9.14659393789128,0.1993119692555631,38.40208333333333,20.62222222222222,44.451388888888886,0.9534722222222224,98.37182931939752,98.38439586318654
84.7777543859649,5.503862156833884,57,135.2860596293312,332.0,6640.852073389946,3.570197731358086,53.31742391371723,23.35858178887993,0.3408231575032542,38.40208333333333,20.62222222222222,44.451388888888886,0.9534722222222224,97.78847803180672,98.545576172354
85.22223214285714,7.333798114578518,56,133.5710655178826,332.0,6348.393665158371,3.49882228971673,68.97430732039918,36.75559412384553,0.1260150003099237,38.40208333333333,20.62222222222222,44.451388888888886,0.9534722222222224,98.13837962792184,97.5325603817512
85.03225862068966,6.940901324160719,58,137.85718713196553,336.0,6940.228847703465,3.562139713630447,56.68031364284386,24.146407983636024,0.4881609124155457,38.40208333333333,20.62222222222222,44.451388888888886,0.9534722222222224,98.35849405385422,98.82200854284747
85.63584210526315,7.758551055695979,57,135.47306762536417,335.0,6524.094712700676,3.521973594495754,47.25357961941362,16.56356536292072,0.2955432963490981,38.40208333333333,20.62222222222222,44.451388888888886,0.9534722222222224,98.10580917963468,98.13112640941145
85.25726666666668,4.252328765381257,15,45.26740221905411,331.0,2429.5964482737245,4.26610053926734,66.6218620219426,57.136180499597096,0.6998698320213228,38.40208333333333,20.62222222222222,44.451388888888886,0.9534722222222224,96.8087429042744,97.51745387234493
83.22706896551725,5.595378936543943,58,137.90624806297652,325.0,6928.237060683072,3.581169032418025,59.027366267898095,23.99181801276886,0.4507221223578999,38.40208333333333,20.62222222222222,44.451388888888886,0.9534722222222224,99.72760555284826,98.60283911483215
83.66280357142857,4.00008696967794,56,134.6422859976446,331.0,6661.369646067067,3.75249488625798,54.078658649972105,19.02572367197669,0.4861774003595115,38.40208333333333,20.62222222222222,44.451388888888886,0.9534722222222224,99.41333266902495,98.35945123012033
85.43161403508772,8.251578353546387,57,135.5556313146966,327.0,6502.617585074072,3.599609496063968,51.00644641418211,17.75367259654125,0.3836856133391186,38.40208333333333,20.62222222222222,44.451388888888886,0.9534722222222224,98.02387561101423,98.34891774239043
83.8461551724138,6.575253410094246,58,137.54580673154405,330.0,6843.540290088638,3.4849686977003658,55.19512799851237,21.795078410710964,0.3076613153164321,38.40208333333333,20.62222222222222,44.451388888888886,0.9534722222222224,99.51869724061396,98.38992868453884
159.7467391304348,170.7463415296446,23,103.214086431703,340.0,5642.448101121677,2.590047258441041,51.99026362238798,34.3068951773615,1.0,49.95844155844157,28.780519480519484,56.27272727272727,3.0090909090909084,100.0,99.52187940564694
166.22266666666667,174.53937791944813,21,99.14228776404944,342.0,5386.966748277629,2.7291465011672265,41.64043728292433,27.539258668792343,0.8162045208677333,49.95844155844157,28.780519480519484,56.27272727272727,3.0090909090909084,98.55825388526102,99.2369442983392
149.51692,147.01034546695547,25,111.58389796731764,337.0,6382.027956499459,2.716677105278141,44.9492114103513,22.350395718271365,0.8513921311848773,49.95844155844157,28.780519480519484,56.27272727272727,3.0090909090909084,99.34625131758952,99.21854601930791
191.67275,225.93355202954584,20,87.02106701588566,341.0,4910.781927916643,2.1203097420714,55.08899390764676,40.53999886124238,0.8626088936969766,49.95844155844157,28.780519480519484,56.27272727272727,3.0090909090909084,98.9943572266607,98.93738427409967
148.8852,136.35751774478737,25,111.86659454535102,340.0,6433.773785799693,3.110858053863235,56.1182599783636,33.554859648123895,0.9916870694072768,49.95844155844157,28.780519480519484,56.27272727272727,3.0090909090909084,99.34959349593495,99.40586758484422
175.96566666666666,174.17967162328003,21,94.84615384615384,341.0,5023.689859363434,2.495131811193988,42.80185617491317,25.76370779479588,0.8773558048169448,49.95844155844157,28.780519480519484,56.27272727272727,3.0090909090909084,99.69280280866003,99.24297508887217
177.6691,207.4029265063297,20,90.72151682514377,339.0,5021.31782725047,2.3860388316346866,57.896885497921765,43.4078460399704,0.9260946307578432,49.95844155844157,28.780519480519484,56.27272727272727,3.0090909090909084,98.41373871121824,99.14531048135329
157.94904347826085,166.3215582409381,23,103.10351306724364,344.0,5604.337983260263,2.7552809884416103,51.35654500939475,35.72783692990947,0.8976826282525764,49.95844155844157,28.780519480519484,56.27272727272727,3.0090909090909084,99.75004785119968,99.02030594481765
157.52275,182.78819855282643,24,107.59084438877186,341.0,5647.554973523886,2.879063941240107,53.25604964983204,32.52565051528782,0.8689289984626772,49.95844155844157,28.780519480519484,56.27272727272727,3.0090909090909084,99.33399858726972,99.03559239003313
164.33030434782611,140.3437821795914,23,103.30723680464614,335.0,6038.075328816261,2.475146615042988,48.62455161418892,26.09622501850481,0.8495131811193988,49.95844155844157,28.780519480519484,56.27272727272727,3.0090909090909084,99.48234818541142,99.16156545932942
122.62134782608696,66.32060800096866,23,99.23874053407732,343.0,5413.070147469111,2.65005978477481,41.042361783294425,27.82986961225303,0.7768035073734556,49.95844155844157,28.780519480519484,56.27272727272727,3.0090909090909084,99.107312653116,98.96465807166308
174.09368181818184,177.63821161752188,22,99.35722826396402,344.0,5419.037237374025,2.815862893583101,46.03421966634402,33.5254797016455,0.8617548254853954,49.95844155844157,28.780519480519484,56.27272727272727,3.0090909090909084,99.0496953435072,99.22268857583254
159.73795652173914,168.97357916896956,23,103.55132949951604,340.0,5600.93731139327,2.684678016284234,49.81802653305244,30.86761942720492,0.8456414052268975,49.95844155844157,28.780519480519484,56.27272727272727,3.0090909090909084,99.19497503190988,99.05652780101832
179.47,216.51663485482388,21,95.112167625121,337.0,5228.244206570632,2.4484996868416555,53.43489153333713,35.814382508683025,0.8627797073392929,49.95844155844157,28.780519480519484,56.27272727272727,3.0090909090909084,99.36296445835156,98.9862080817858
170.59913636363638,138.55835629119508,22,99.40391732619712,336.0,5457.8008882309405,2.79639013835905,58.833228947218586,41.42094175254797,1.0,49.95844155844157,28.780519480519484,56.27272727272727,3.0090909090909084,99.53152383948232,99.49465952955536
171.4754090909091,209.444253218034,22,99.39571827136594,339.0,5598.875818482036,2.525764391049365,52.7330752149405,34.01468997323919,0.8506519387348402,49.95844155844157,28.780519480519484,56.27272727272727,3.0090909090909084,99.86923831317424,99.10520709081567
154.918875,128.48738046669294,24,107.93138985366964,338.0,6206.777031258896,2.845299777942265,54.81506576325229,34.05864601719524,0.9790468598758756,49.95844155844157,28.780519480519484,56.27272727272727,3.0090909090909084,99.7871238060912,99.36373647948763
179.68061904761902,185.9063218265936,21,95.64818083470934,338.0,5213.020725388601,2.579570688378978,51.50281842509822,35.80686670842111,0.8594773102545123,49.95844155844157,28.780519480519484,56.27272727272727,3.0090909090909084,98.83863626221608,98.9696015387011
174.23968181818182,171.42993981597218,22,99.49313898536695,337.0,5519.392017309116,2.53960029607698,49.56499459090133,32.9119170984456,0.864373968000911,49.95844155844157,28.780519480519484,56.27272727272727,3.0090909090909084,99.88162344983088,99.09117486012434
240.7056,274.39245693138145,10,64.12277344325041,343.0,3754.778080376858,1.5962755778006772,45.4233770057412,35.94141027528338,1.0,46.04126984126984,28.444444444444443,58.96825396825397,3.101587301587301,99.94979518718408,99.12757426433663
111.2174,18.201738670797365,5,31.471588399823347,344.0,1704.7419402325925,0.8718533784778448,64.54232297953776,60.50699249227146,0.7526129839540704,46.04126984126984,28.444444444444443,58.96825396825397,3.101587301587301,97.81800314904356,97.17423878335465
196.85675,209.19603205889808,12,74.12100691888709,337.0,4242.6349182982485,1.7573973207713822,47.75423229795378,31.6287354629766,0.7553363756808479,46.04126984126984,28.444444444444443,58.96825396825397,3.101587301587301,99.492299304893,98.84869431200548
247.14210000000003,299.30724325931374,10,63.68769321360224,340.0,3705.9744590019136,1.5507139702635069,51.383703812748415,42.26615633740615,0.7795524804946268,46.04126984126984,28.444444444444443,58.96825396825397,3.101587301587301,100.0,98.84881854757315
108.1676,15.518939391595032,5,31.621227734432505,337.0,2227.825923745032,0.8328426321213014,62.73811276313853,56.668040630060354,0.768879729132931,46.04126984126984,28.444444444444443,58.96825396825397,3.101587301587301,98.21943151875314,98.00203020096936
267.4032222222222,286.5496749472856,9,58.44339761519211,342.0,3176.3380686000296,1.513543353452083,28.0950978948918,18.312674812306785,0.8581628146621522,46.04126984126984,28.444444444444443,58.96825396825397,3.101587301587301,99.6949866272122,97.80138617733887
207.64675,201.47413533384585,12,73.87847784484028,338.0,4387.54688650081,1.913366701015752,46.088988664802,35.51214485499779,0.7843368173119387,46.04126984126984,28.444444444444443,58.96825396825397,3.101587301587301,99.32871446552292,98.92868560059296
171.27579999999998,176.27819086704966,15,89.75526277049904,340.0,5156.834093920212,2.3412336228470485,50.28544089503901,33.889003385838365,0.859708523480053,46.04126984126984,28.444444444444443,58.96825396825397,3.101587301587301,99.8267786527482,98.88276992767786
191.6573076923077,181.4423424826676,13,79.27793316649492,342.0,4378.784410422494,2.0672751361695862,49.19255115560136,36.23170911232151,0.7847048432209628,46.04126984126984,28.444444444444443,58.96825396825397,3.101587301587301,99.17801705105126,98.75287247620075
139.63745454545457,102.19325016970512,11,63.64463418224643,342.0,3582.3390990725748,1.7053584572353897,51.74731341086412,40.529074046812894,0.7656411011335198,46.04126984126984,28.444444444444443,58.96825396825397,3.101587301587301,99.11741742761126,98.3634987286598
188.07875,221.72853635456465,8,47.82077138230532,338.0,2761.511556013543,1.1452966288826734,58.76262328867952,48.22375975268659,0.7554099808626528,46.04126984126984,28.444444444444443,58.96825396825397,3.101587301587301,98.77095853958302,98.45273091851668
108.4065,19.735641343771928,4,31.40733107610776,344.0,1750.9823347563668,0.8399823347563669,62.30310613867216,59.52745473281319,0.7515089062269984,46.04126984126984,28.444444444444443,58.96825396825397,3.101587301587301,98.29989227040129,94.89908244102227
115.1904,27.75830555779657,5,31.71485352568821,339.0,1634.0497571029,0.8707493007507728,70.09472986898278,65.40203150301781,0.7886795230384219,46.04126984126984,28.444444444444443,58.96825396825397,3.101587301587301,98.12920788197206,97.96657791984717
181.9284615384616,166.83705778283533,13,79.12542322979537,344.0,4513.1051081996175,2.045782423082585,42.26181363167967,28.91034888856176,0.7651258648608862,46.04126984126984,28.444444444444443,58.96825396825397,3.101587301587301,99.17015736442885,98.95637950245592
146.7360909090909,123.26764058484844,11,63.62844104224938,340.0,3740.46003238628,1.676873251876932,49.84829972030031,38.881790078021496,0.7665243633151774,46.04126984126984,28.444444444444443,58.96825396825397,3.101587301587301,99.11517441926247,98.46319489590437
148.01672727272728,112.56964562203736,11,63.71647283968792,336.0,3760.190637420874,1.805535109671721,68.12520241424997,57.8298248196673,0.9957308994553216,46.04126984126984,28.444444444444443,58.96825396825397,3.101587301587301,99.12414706181892,98.82564378450017
178.9467857142857,184.9289884303774,14,84.66995436478729,339.0,5069.570440158987,2.1738554394229355,50.84491388193729,35.9938171647284,1.0,46.04126984126984,28.444444444444443,58.96825396825397,3.101587301587301,99.42567222455536,99.18462342223664
150.0494,115.941777780229,10,63.87715295156779,339.0,3948.462534962461,1.6833505078757545,68.51553069336082,57.251582511408806,1.0,46.04126984126984,28.444444444444443,58.96825396825397,3.101587301587301,99.15556410807874,98.99176404996425
102.84716666666668,13.33925359501881,6,36.83527160312086,341.0,1907.027528337995,0.9808626527307522,70.46518474900633,63.3051670837627,0.7886795230384219,46.04126984126984,28.444444444444443,58.96825396825397,3.101587301587301,98.02708146821844,97.40334587860845
176.16264285714286,173.87013857663473,14,84.51118798763433,340.0,4886.780288532313,2.146547916973355,40.71558957750626,28.757544531135,0.7813926100397468,46.04126984126984,28.444444444444443,58.96825396825397,3.101587301587301,99.47874080130823,99.06890846851938
204.45227777777777,255.98138180209847,18,79.51136755080951,337.0,4681.195946721782,2.003789183603169,49.587725341600645,38.3150763577908,1.0,44.48076923076923,23.60384615384616,41.32051282051282,1.902564102564103,98.90396249639892,99.15078551680148
178.9412857142857,165.15963899098548,14,61.475427718452174,333.0,3794.075266965208,1.7256286600068895,48.106269376507065,40.58238603743254,0.816626478355724,44.48076923076923,23.60384615384616,41.32051282051282,1.902564102564103,98.3527358908248,98.62736377677571
215.5498333333333,205.1927931445747,12,57.420599379951774,330.0,3618.162016304972,1.3537719600413365,33.91382477896429,22.379148007808016,0.6133884487311976,44.48076923076923,23.60384615384616,41.32051282051282,1.902564102564103,98.65334378265412,99.04646252179622
315.39425000000006,333.24529722791414,12,57.335400160753245,329.0,3807.442990010334,1.340969112412447,51.933402227580665,45.558617522103575,0.8596279710644161,44.48076923076923,23.60384615384616,41.32051282051282,1.902564102564103,99.6043729971383,98.51311328596078
226.28393333333327,308.9456146093175,15,64.89849580893329,336.0,3939.254277184522,1.641175795154438,48.12808588816167,37.42151796991618,0.7777586404868527,44.48076923076923,23.60384615384616,41.32051282051282,1.902564102564103,97.63188169749614,98.84782101357946
203.11213333333333,230.55758093886703,15,67.11057526696521,335.0,3698.262487082329,1.7440004592949825,56.495292226432426,44.48639338615226,0.9216327936617292,44.48076923076923,23.60384615384616,41.32051282051282,1.902564102564103,98.56193968498388,98.68847112532949
156.07850000000002,138.856821704949,8,37.52853370076932,331.0,2145.334998277644,0.964749110115972,59.99592375703296,53.52738546331381,0.8956826271672982,44.48076923076923,23.60384615384616,41.32051282051282,1.902564102564103,97.65965424947308,97.47473284917605
207.9743888888889,269.65890333904315,18,76.2878631300953,342.0,4933.223159949477,1.936043173728327,62.6447353312665,49.57193707658744,0.9985647031806176,44.48076923076923,23.60384615384616,41.32051282051282,1.902564102564103,99.26662899049772,98.87990869978914
165.6836086956522,145.70262497523154,23,91.29475255482834,337.0,5413.664485015501,2.3757607073142726,51.57400390400735,37.48811574233552,0.9247330347915949,44.48076923076923,23.60384615384616,41.32051282051282,1.902564102564103,98.67525443214925,98.72888599871901
311.9951111111111,504.30191311079705,9,45.79681938224825,334.0,3148.8603169135376,1.2570903662877484,78.81674130210128,71.86267080032151,0.9806521988747272,44.48076923076923,23.60384615384616,41.32051282051282,1.902564102564103,98.18779818779818,98.54097966219052
217.9114545454545,189.06098413588603,11,53.60713055459869,329.0,3354.547938913767,1.283959122746584,31.80192903892525,21.042599609599264,0.5747502583534275,44.48076923076923,23.60384615384616,41.32051282051282,1.902564102564103,98.5143736630667,97.26793637773326
236.6339090909091,249.1193883044304,11,54.070616603513606,336.0,3701.696750488001,1.4327706969801357,61.68475140659088,57.53771960041337,0.9657825238259272,44.48076923076923,23.60384615384616,41.32051282051282,1.902564102564103,98.76945207270823,98.50925415690243
233.23866666666663,228.67493752389123,12,57.31300953037088,330.0,3325.532495119991,1.594844413824779,37.99483293145023,30.904351819956368,0.664944310483408,44.48076923076923,23.60384615384616,41.32051282051282,1.902564102564103,96.96755722740753,98.11554058913417
238.9933333333333,267.59749535335504,12,57.38701343437823,335.0,3779.424618211046,1.5226776897462395,56.15805488575037,47.13422895854863,0.8433804110690091,44.48076923076923,23.60384615384616,41.32051282051282,1.902564102564103,98.67009810965811,98.49127627036087
202.9202352941176,251.2805058349145,17,72.30330692387186,333.0,4378.658801240096,2.016247559995407,65.56619588930991,52.25651624755999,0.940176828568148,44.48076923076923,23.60384615384616,41.32051282051282,1.902564102564103,98.75524640106693,98.73271938903295
219.9667692307692,205.70989433821373,13,61.067229303019865,331.0,3570.8926397979103,1.8465954759444247,67.69135377196004,59.35629808244345,1.0,44.48076923076923,23.60384615384616,41.32051282051282,1.902564102564103,98.14059251559252,98.89318856435614
180.79745,184.48322433583897,20,83.72993455046503,338.0,5383.223963715696,2.125387530141233,60.58554369043518,46.09162934894936,1.0,44.48076923076923,23.60384615384616,41.32051282051282,1.902564102564103,99.2927287785768,98.87397328842229
208.98138461538463,201.2141351257176,13,61.041049489034336,329.0,3706.618038810426,1.631473188655414,34.72000229647491,24.32058789757722,0.6408887357905615,44.48076923076923,23.60384615384616,41.32051282051282,1.902564102564103,99.2561929167488,98.96959186322643
228.3466923076923,330.45557221517555,13,57.62808588816167,331.0,3391.5288207601334,1.551900332988862,41.68480881846366,32.54633138132966,0.6868756458835688,44.48076923076923,23.60384615384616,41.32051282051282,1.902564102564103,98.47969228763284,98.99033963311956
316.92475,509.31485531841776,12,57.071707429096335,337.0,3558.072740842806,1.399184751406591,57.44258812722471,50.80973705362269,0.8588816167183374,44.48076923076923,23.60384615384616,41.32051282051282,1.902564102564103,100.0,99.23594899632154
145.5612380952381,196.6370085389161,21,70.19370714443707,327.0,4234.889792081398,1.864852908648529,68.3986396814864,59.6821499668215,0.984682592346826,25.54625,18.99625,68.5,1.2925,97.82440384019822,98.94664134005403
142.92118181818185,200.95800319687697,22,73.52079186020792,337.0,4294.753096660031,1.7625525326255254,56.7649303251493,44.09599646095997,0.8292966157929662,25.54625,18.99625,68.5,1.2925,98.79970285803653,98.65243212938972
157.85915000000003,193.3013418386626,20,67.14886087148861,325.0,3967.88299048883,1.628677283786773,58.95985401459854,50.973899579739,0.8343286883432869,25.54625,18.99625,68.5,1.2925,93.77435275781453,98.75332630985875
148.19564000000003,191.988842130553,25,83.76603627516036,324.0,4796.583665118336,2.1096549435965493,53.44226940942269,39.5222295952223,0.8223291307232913,25.54625,18.99625,68.5,1.2925,93.83703226924456,98.77072451564828
181.2478823529412,283.84201905676593,17,60.69636142446362,329.0,3489.27195310772,1.5599977880999778,56.01581508515815,47.88918380889184,0.8942158814421588,25.54625,18.99625,68.5,1.2925,98.40214950480912,98.51686441312188
156.13029166666666,176.42606710354133,24,79.61463171864632,331.0,4615.510948905109,2.0898584383985845,52.57376686573767,41.1338199513382,0.836098208360982,25.54625,18.99625,68.5,1.2925,100.0,98.84945839574702
161.133,191.404666974586,23,76.65168104401681,326.0,4903.664399469144,1.907266091572661,66.05717761557177,53.8066799380668,0.9982857774828576,25.54625,18.99625,68.5,1.2925,99.02554992423848,99.00201916986914
146.4141923076923,189.98044430799456,26,86.12215217872152,331.0,4951.035390400354,2.2375580623755806,53.13957089139571,39.69409422694094,0.8351581508515815,25.54625,18.99625,68.5,1.2925,99.14469554300062,98.75372758268945
224.2055,479.7984535650285,14,47.85489935854899,333.0,3228.561159035612,1.2716766202167662,83.16207697412077,76.36629064366291,0.9982304799823049,25.54625,18.99625,68.5,1.2925,98.74565276855144,96.80291732613938
152.4421904761905,219.3659205601495,21,70.55684583056846,330.0,4099.769575315196,1.716710904667109,58.98075646980757,47.230701172307015,0.8295731032957311,25.54625,18.99625,68.5,1.2925,98.51723824251798,98.79340124701437
143.27166666666668,209.97440718728268,21,70.59688122096881,329.0,4534.45498783455,1.8590466710904667,64.88592125635921,57.68834328688343,0.993087812430878,25.54625,18.99625,68.5,1.2925,98.48396274211775,99.06049869739414
204.1505625,293.55451451177873,16,55.65057509400575,329.0,3189.581232028312,1.4662685246626852,47.83051316080513,42.503649635036496,0.7076421145764211,25.54625,18.99625,68.5,1.2925,95.85646187110396,97.36925933728102
158.81999999999996,217.4956023860325,19,64.00337314753374,322.0,3713.5091240875913,1.650022119000221,41.52554744525548,32.76730811767308,0.6729705817297058,25.54625,18.99625,68.5,1.2925,97.31332554587114,98.55091159472899
125.23250000000002,133.20929158977611,30,98.76100420261004,323.0,5563.367949568679,2.5853240433532405,49.23180712231808,32.645653616456535,0.8343839858438399,25.54625,18.99625,68.5,1.2925,97.92422852861776,98.74783330721803
145.95515384615385,190.4816583101684,26,86.49496792744968,332.0,4719.497732802477,2.452333554523336,51.97970581729706,39.42667551426676,0.8370382658703827,25.54625,18.99625,68.5,1.2925,98.57232017475424,98.66057596670058
146.64923076923077,194.3936381590611,26,86.47284892722848,321.0,5274.798164122982,2.2320836098208363,68.26000884760009,55.662906436629065,0.998175182481752,25.54625,18.99625,68.5,1.2925,97.53995007848488,98.84388876669435
163.85708695652175,181.83727548479044,23,77.27023888520239,330.0,4775.399192656492,1.988995797389958,65.36275160362752,52.88122096881221,0.990986507409865,25.54625,18.99625,68.5,1.2925,99.39296998938026,98.93214915804471
146.86415000000002,174.68419594664968,20,67.29108604291086,327.0,3756.075149303252,1.8279141782791417,39.469586374695865,30.044680380446803,0.6468701614687016,25.54625,18.99625,68.5,1.2925,97.42087204595396,98.4962624897475
170.29394736842104,257.3861662925704,19,63.99552090245521,326.0,4007.798827692988,1.6577637690776377,76.12690776376908,66.97920813979208,0.998175182481752,25.54625,18.99625,68.5,1.2925,95.95230862697449,98.68894845399485
139.39576923076922,158.00246936904492,26,93.54910441967505,322.0,5304.0639383352745,2.3834636499750457,48.85199356734875,32.02284700271724,0.9984472910774692,47.0925925925926,28.16543209876543,33.666666666666664,2.095061728395061,99.96767763831276,99.32989686382251
162.80621739130436,150.43511884499998,23,86.99229190927744,317.0,4990.649586868519,2.456773692674541,46.45716186990517,32.63261797815117,0.8441745688460045,47.0925925925926,28.16543209876543,33.666666666666664,2.095061728395061,97.988171929454,98.92842890753306
130.7772857142857,123.46399484084915,28,107.14867187933234,323.0,6264.286918427328,2.598735651305939,47.63383796373316,24.19919037320468,0.8308101813342206,47.0925925925926,28.16543209876543,33.666666666666664,2.095061728395061,98.21116697539031,98.93516897105543
142.524,164.0386194474666,26,93.96755947429712,338.0,5329.786058892031,2.312704486219708,51.09854156269062,34.13808018632507,0.8482781567126934,47.0925925925926,28.16543209876543,33.666666666666664,2.095061728395061,100.0,98.77574404251786
184.7961,204.0146743187607,20,73.32911883768647,318.0,4417.336161481728,1.8545999001829976,53.40653246825265,39.37825098430655,0.83641102423335,47.0925925925926,28.16543209876543,33.666666666666664,2.095061728395061,98.33607122039108,98.89453818823128
138.86896296296297,167.04858718381828,27,97.08301447346533,324.0,5271.891254921533,2.550102589696668,54.70021627017135,37.44401929795375,0.9983918371873788,47.0925925925926,28.16543209876543,33.666666666666664,2.095061728395061,99.3787821988968,99.21091874368571
151.16756,175.43160498862915,25,89.96645039649532,332.0,5184.759441024788,2.4018188875949646,50.555315255365166,34.40869516996617,0.8716796983308379,47.0925925925926,28.16543209876543,33.666666666666664,2.095061728395061,98.678578075563,98.82883966191496
152.56674999999998,175.08230507351155,24,90.45244828924749,325.0,5556.649864137969,2.3203571230521822,63.5885875894194,47.31237176287917,0.998280929407198,47.0925925925926,28.16543209876543,33.666666666666664,2.095061728395061,98.40125142508684,99.26579231909686
136.45559259259258,127.11439351558114,27,97.01841069151,321.0,5616.811068596462,2.5433926689957302,48.328120667664834,30.72500415904176,0.8870958797759663,47.0925925925926,28.16543209876543,33.666666666666664,2.095061728395061,98.299608009323,98.81423511520201
135.64,121.9674734523805,28,104.38789996118228,332.0,5819.722675095658,2.902678422891366,46.58792214273832,28.020628847113624,0.8733433150335496,47.0925925925926,28.16543209876543,33.666666666666664,2.095061728395061,98.12807360795304,98.94105428557911
198.0784736842105,278.0282100367682,19,72.787112515943,322.0,4341.0369322908,1.7769090001663617,53.77685354627627,38.1961958631398,0.8317528974657572,47.0925925925926,28.16543209876543,33.666666666666664,2.095061728395061,97.77648980452078,98.68185142358166
147.02652173913043,161.46412945884202,23,86.23129817556702,323.0,4915.805966838574,2.288249320689846,43.462984528364665,31.56590694837243,0.7723063272888593,47.0925925925926,28.16543209876543,33.666666666666664,2.095061728395061,98.4234323826193,98.97586782333249
170.7943636363636,189.860344599906,22,83.16514168468917,321.0,4780.212998391838,2.311650862307991,48.51278212166584,37.32778794432429,0.8438972993955526,47.0925925925926,28.16543209876543,33.666666666666664,2.095061728395061,98.1644096487516,98.73046702884443
132.87664285714283,146.55792537672465,28,104.11978040259524,323.0,5847.394443520213,2.723728719569678,46.01996340043254,26.424444074751843,0.8325292519270227,47.0925925925926,28.16543209876543,33.666666666666664,2.095061728395061,98.85731028420744,98.98161295630835
145.69196153846156,158.359117502321,26,96.88593134808409,325.0,5570.528364664781,2.692619087228969,62.76526368324738,45.13303388232684,0.9981700216270172,47.0925925925926,28.16543209876543,33.666666666666664,2.095061728395061,99.0882513916514,99.18130675269836
138.3329259259259,128.94737970336925,27,100.99900182997835,323.0,5804.829812011312,2.705928020850662,44.47357622137193,27.869794266067764,0.8470581711307048,47.0925925925926,28.16543209876543,33.666666666666664,2.095061728395061,97.84221973241944,98.97410130317792
124.6503,118.82596059564032,30,107.75982920201852,327.0,6082.857261686907,2.792990628292575,69.18832141074697,47.421061387456334,0.9982254755171076,47.0925925925926,28.16543209876543,33.666666666666664,2.095061728395061,99.538700852867,99.08161564800596
131.93593103448276,124.09090270802206,29,107.57400321632562,326.0,6398.218987411967,2.776132645705096,59.877058725669606,38.45261465091776,0.9983918371873788,47.0925925925926,28.16543209876543,33.666666666666664,2.095061728395061,99.48267081244803,99.2544631426347
166.6351304347826,168.62511760483332,23,83.48333610602783,317.0,4888.440525702878,2.29301835523762,51.919591859368936,38.341041424055895,0.8696833582875839,47.0925925925926,28.16543209876543,33.666666666666664,2.095061728395061,98.35170659317365,98.79167276852192
138.87525925925922,122.93310895996412,27,100.81500582265846,334.0,5702.153607275551,2.5330782454389174,47.63489158764487,29.701768979093885,0.8380191870459712,47.0925925925926,28.16543209876543,33.666666666666664,2.095061728395061,99.1464864359464,98.76061967817563
126.24217857142855,139.3181570560845,28,103.03464345873104,329.0,5469.755025266704,2.672206625491297,41.7758562605278,21.87198203256597,0.8895002807411566,43.05185185185185,24.86543209876543,49.901234567901234,1.8407407407407408,99.6734871571615,98.80194854791223
115.91606451612904,101.04901546947735,31,116.95322852330152,319.0,6302.452161706906,3.2282425603593485,47.24272880404267,25.97888826501965,0.850870297585626,43.05185185185185,24.86543209876543,49.901234567901234,1.8407407407407408,97.59424537098708,98.35247567596173
131.2628214285714,141.5593418088717,28,102.84800673778776,329.0,5845.219595732734,2.515833801235261,51.09494665918024,28.13228523301516,0.8385176866928692,43.05185185185185,24.86543209876543,49.901234567901234,1.8407407407407408,98.66275233311336,98.60387046166886
124.75046666666668,142.36443348831506,30,110.15991016282987,323.0,6098.856822010107,2.709264458169568,52.77271195957327,31.99977540707468,0.8587871982032566,43.05185185185185,24.86543209876543,49.901234567901234,1.8407407407407408,99.92498533804334,98.56138666687943
142.68292307692306,174.64697604528774,26,95.89522740033688,327.0,5468.221280179674,2.4346996069623805,53.45120718697361,34.097922515440764,0.8560920830993823,43.05185185185185,24.86543209876543,49.901234567901234,1.8407407407407408,99.75627357270264,98.47011376805078
167.11213636363635,197.45902510930657,22,81.52919708029196,324.0,4550.208085345312,2.100224592925323,57.08175182481752,40.9277933745087,0.9982032565974172,43.05185185185185,24.86543209876543,49.901234567901234,1.8407407407407408,98.89715311618362,98.84218395931772
137.97396296296296,175.40097099091037,27,99.3087591240876,325.0,5504.527737226277,2.6431779898933185,50.6064008983717,32.59584503088153,0.8489051094890511,43.05185185185185,24.86543209876543,49.901234567901234,1.8407407407407408,98.88380505054594,98.4591515212341
175.65557142857145,253.9539592041892,21,78.33295901179113,326.0,4968.664458169567,1.9850645704660304,67.79421673217294,52.42784952274003,0.9983155530600786,43.05185185185185,24.86543209876543,49.901234567901234,1.8407407407407408,99.54753590499614,98.55324921785473
139.074,143.12173369211624,27,99.27804604154969,326.0,5655.909096013475,2.6140370578326784,49.22038180797305,30.535878719820325,0.8558674901740595,43.05185185185185,24.86543209876543,49.901234567901234,1.8407407407407408,98.47047122389182,98.48989826913387
119.50741935483872,90.85206584182534,31,113.59017405951712,328.0,6501.330769230769,3.1405951712521056,56.119932622122406,33.69567658618754,0.9979786636720944,43.05185185185185,24.86543209876543,49.901234567901234,1.8407407407407408,98.97731724780805,98.74630860100373
122.59276666666668,116.10740824819158,30,109.84110050533408,327.0,6177.609994385177,2.688433464345873,50.4528354856822,25.90971364402021,0.8419988770353733,43.05185185185185,24.86543209876543,49.901234567901234,1.8407407407407408,98.72390885448247,98.48342883055446
114.82624242424242,88.65720916867164,33,120.61819202695116,320.0,6639.179505895564,3.205334081976418,45.495002807411566,26.45143177989893,0.8570466030320045,43.05185185185185,24.86543209876543,49.901234567901234,1.8407407407407408,97.93735880332054,98.4418087873273
138.45125,136.14201848396218,20,75.5815272318922,327.0,4093.138910724312,2.014317798989332,61.70387422796182,47.91106120157215,0.8557551937113981,43.05185185185185,24.86543209876543,49.901234567901234,1.8407407407407408,98.54596812159528,98.01039361814978
132.8207857142857,154.55967237985584,28,103.20185289163392,327.0,5662.744413250983,2.764402021336328,51.22509825940483,30.23425042111173,0.8526108927568782,43.05185185185185,24.86543209876543,49.901234567901234,1.8407407407407408,98.93454687858696,98.53020250290591
129.2026206896552,127.17828547938838,29,106.58809657495787,328.0,6072.766591802359,2.7427849522740035,49.10381807973049,28.14957888826502,0.8555306007860752,43.05185185185185,24.86543209876543,49.901234567901234,1.8407407407407408,99.31946967437572,98.52233994332757
140.18125925925926,143.08773561378672,27,99.32661426165076,325.0,5470.141212801796,2.804941044357103,49.07984278495228,30.801796743402583,0.8643458731049972,43.05185185185185,24.86543209876543,49.901234567901234,1.8407407407407408,100.0,98.56241936528293
123.98434482758618,124.62908212614434,29,106.49966311061202,330.0,6015.534643458731,2.7529477821448625,70.69079169006176,47.88074115665356,0.998259404828748,43.05185185185185,24.86543209876543,49.901234567901234,1.8407407407407408,99.9699806238572,98.7193470571443
134.80266666666665,133.64204945328424,27,99.43907916900618,329.0,5826.530320044919,2.565749578888265,47.04946659180236,27.19528354856822,0.8386299831555306,43.05185185185185,24.86543209876543,49.901234567901234,1.8407407407407408,99.37874718537208,98.66985377416619
129.96503448275865,139.4848368888008,29,106.72650196518808,329.0,5803.594216732173,2.8640651319483434,53.1393037619315,33.31162268388546,0.8556428972487367,43.05185185185185,24.86543209876543,49.901234567901234,1.8407407407407408,99.107191169309,98.4797416917634
138.09822222222223,151.98080346381306,27,99.4577765300393,328.0,5501.235654126895,2.518360471645144,53.71667602470522,34.426501965188095,0.8566535654126896,43.05185185185185,24.86543209876543,49.901234567901234,1.8407407407407408,99.5137323082774,98.46254095600362
323.93819999999994,435.7069481965601,10,44.207413063909776,330.0,2585.496299342105,1.1281132518796992,36.81138392857143,29.16893796992481,0.9318021616541352,36.53552631578948,24.089473684210525,68.35526315789474,1.3618421052631582,99.97198997241011,99.26366982274342
141.490375,91.00696987585276,8,33.97550516917293,326.0,2113.480615601504,0.947250939849624,70.29910714285714,65.41964285714286,0.8898613721804511,36.53552631578948,24.089473684210525,68.35526315789474,1.3618421052631582,97.10783713558884,97.46144256021866
127.314,65.99068852307876,8,33.543056860902254,329.0,2018.7559915413533,0.7915296052631579,69.62558740601504,62.01762218045113,0.8424577067669173,36.53552631578948,24.089473684210525,68.35526315789474,1.3618421052631582,97.68457064659596,97.16500479852364
303.47636363636366,412.8058221319675,11,44.2124647556391,326.0,2757.966929041353,1.0595042293233083,55.86266447368421,49.68961466165413,0.7825422932330827,36.53552631578948,24.089473684210525,68.35526315789474,1.3618421052631582,100.0,99.27030923687718
196.95125,186.354789868848,16,66.38762922932331,324.0,4260.648026315789,1.6746945488721805,43.66083176691729,31.639567669172934,0.7767857142857143,36.53552631578948,24.089473684210525,68.35526315789474,1.3618421052631582,99.34035654146427,99.08957302872977
200.0711875,185.4435978731872,16,66.4093045112782,326.0,3839.0259046052633,1.6964873120300752,35.40718984962406,23.34281015037594,0.9802631578947368,36.53552631578948,24.089473684210525,68.35526315789474,1.3618421052631582,99.068753990063,99.35119103651868
190.8394545454545,184.1760983769035,11,44.2844219924812,327.0,2748.9662828947367,1.1703477443609025,51.64268092105263,44.77044172932331,0.7803688909774437,36.53552631578948,24.089473684210525,68.35526315789474,1.3618421052631582,98.96711401952084,98.3505709374733
313.6829,427.2164221013631,10,44.14127114661654,329.0,3101.686795112782,1.1409187030075187,68.50370065789474,60.65718984962406,0.998296522556391,36.53552631578948,24.089473684210525,68.35526315789474,1.3618421052631582,99.51485410770796,99.1898634279468
156.084,117.7844565709512,14,55.82747885338346,328.0,3355.850446428572,1.443843984962406,59.12082941729323,49.68632518796993,0.8442786654135338,36.53552631578948,24.089473684210525,68.35526315789474,1.3618421052631582,98.63344940032056,98.36122543187554
144.6612,112.16063924104571,5,22.289708646616543,331.0,1331.4415531015038,0.5958059210526315,69.68479793233082,65.89191729323308,0.7789591165413534,36.53552631578948,24.089473684210525,68.35526315789474,1.3618421052631582,97.86939413466416,98.12276486896546
137.51575,87.37452908277962,8,33.52690319548872,329.0,2030.008928571429,0.8156132518796992,67.64003759398496,60.32354323308271,0.8417528195488722,36.53552631578948,24.089473684210525,68.35526315789474,1.3618421052631582,97.8050284304994,97.21836586207587
122.4436,71.79781163406025,5,22.2249765037594,324.0,1517.022145206767,0.5857025375939849,67.43562030075188,65.04910714285714,0.8049224624060151,36.53552631578948,24.089473684210525,68.35526315789474,1.3618421052631582,97.58041365357538,96.31224006316286
167.8705,177.26481888799273,14,55.69807330827068,329.0,3183.545758928572,1.4837288533834587,62.95077537593985,53.89614661654135,0.8426339285714286,36.53552631578948,24.089473684210525,68.35526315789474,1.3618421052631582,98.13714977040884,98.07705545098122
185.5582727272728,176.9473837378018,11,44.56191259398496,331.0,2776.8379934210525,1.2166353383458646,53.51057330827068,45.60103383458647,0.7782542293233082,36.53552631578948,24.089473684210525,68.35526315789474,1.3618421052631582,98.71801963767112,98.39076517854912
195.6111875,188.63844026643227,16,66.43879229323308,324.0,3894.026198308271,1.712699718045113,50.072544642857146,37.526315789473685,0.7786066729323309,36.53552631578948,24.089473684210525,68.35526315789474,1.3618421052631582,98.99319086383116,98.81877567052575
203.2379375,222.7090375146092,16,66.36771616541354,329.0,3814.7524083646617,1.855968045112782,71.72932330827068,59.68632518796993,0.998061560150376,36.53552631578948,24.089473684210525,68.35526315789474,1.3618421052631582,99.55649154126162,99.2003391255997
312.468,415.5080436006023,10,44.25599154135338,330.0,3127.3576715225563,1.1355733082706767,58.33294172932331,50.08999060150376,0.9979440789473684,36.53552631578948,24.089473684210525,68.35526315789474,1.3618421052631582,99.50791792126684,98.83700212072074
226.08707142857145,234.6021689500469,14,59.41188909774437,330.0,3917.482260338346,1.535361842105263,66.46516682330827,55.79464285714285,0.9981790413533834,36.53552631578948,24.089473684210525,68.35526315789474,1.3618421052631582,99.55371462839769,99.15265160619549
182.7908181818182,196.5283763451885,11,44.49424342105263,328.0,2569.69842575188,1.2449483082706767,57.6578947368421,50.41776315789474,0.7773143796992481,36.53552631578948,24.089473684210525,68.35526315789474,1.3618421052631582,98.83146191867306,98.25448752125442
220.98421428571427,208.3094348121078,14,59.11295817669173,323.0,3847.158482142857,1.486548402255639,45.816964285714285,37.12453007518797,0.7874765037593985,36.53552631578948,24.089473684210525,68.35526315789474,1.3618421052631582,99.12791101359517,99.00932735347583
71.6963661971831,5.552312045355359,71,137.89527151828594,316.0,6830.572435660633,3.460780692033001,42.87643147395641,13.836965890900135,0.0946927718261297,46.42097902097903,29.42587412587413,35.00699300699301,1.667832167832168,99.96308273896544,99.45639490753048
73.4714492753623,5.007671145891873,69,135.6054980253133,321.0,6716.316540722082,3.690300712131106,42.04465590695649,14.22682464160214,0.2824890381565444,46.42097902097903,29.42587412587413,35.00699300699301,1.667832167832168,96.14805556344628,98.93868627230215
72.17318309859156,3.42736896713754,71,137.4637248499549,330.0,6900.064744845601,3.4025562086015486,42.5568305501135,13.395776969244643,0.1629816214199085,46.42097902097903,29.42587412587413,35.00699300699301,1.667832167832168,96.12075085905774,98.34645368783698
71.73996875,6.859833666826292,64,123.1258201946699,322.0,6281.131635413752,3.055166837702522,51.812855676835525,25.49976676928818,0.3412320801069751,46.42097902097903,29.42587412587413,35.00699300699301,1.667832167832168,99.52658198071042,98.17767909081896
72.18045070422534,3.437674938088867,71,137.5458220605156,329.0,6889.244954442268,3.4950088627670493,43.722610940075256,13.77827533662966,0.2320490095469104,46.42097902097903,29.42587412587413,35.00699300699301,1.667832167832168,97.24891896162852,98.29027711115471
72.0826338028169,3.819689395378534,71,138.99346954006904,326.0,7013.210343004634,3.4258170849270764,43.39677208694841,15.084367322822402,0.1686413533600771,46.42097902097903,29.42587412587413,35.00699300699301,1.667832167832168,97.13031250896778,98.87819978095658
73.01118571428572,5.077520205468295,70,135.6244363591131,328.0,6788.789936872221,3.559069564946979,42.19168454768791,15.137481730260909,0.2204496688123892,46.42097902097903,29.42587412587413,35.00699300699301,1.667832167832168,100.0,99.07270740560541
72.25746478873239,5.248422539217723,71,137.47809186180302,327.0,6853.252137948191,3.576795099045309,46.31374195354044,17.47812295923127,0.3454924277762229,46.42097902097903,29.42587412587413,35.00699300699301,1.667832167832168,97.28385835824326,98.79110032542745
72.47692857142856,3.571062144202352,70,135.34092110582455,330.0,6702.493174114501,3.627732686506826,41.52570202444258,14.789314923655814,0.1687968405012905,46.42097902097903,29.42587412587413,35.00699300699301,1.667832167832168,96.50856108236032,98.63041715243433
72.16277464788733,3.351054781169583,71,137.69045619927232,327.0,6778.041328482134,3.641819821500762,44.67512516714868,17.198868053611967,0.3249681251360512,46.42097902097903,29.42587412587413,35.00699300699301,1.667832167832168,96.53333333333332,98.1830587276582
72.51941428571428,3.809522030359703,70,135.5628012563361,325.0,6787.486488167428,3.3761544920235096,43.33778026557204,13.963118450104176,0.129240911776596,46.42097902097903,29.42587412587413,35.00699300699301,1.667832167832168,96.26838078443645,98.64905537950575
72.48561428571428,3.643462667349199,70,137.2835463507168,329.0,6793.18969431228,3.680536119662904,40.55403178157167,16.822713561588458,0.1718443884690736,46.42097902097903,29.42587412587413,35.00699300699301,1.667832167832168,96.2054459666875,98.94076951392354
72.80611594202898,3.417462591787596,69,134.93550671099618,317.0,6457.132926979436,3.597586504125108,66.91592784139884,38.061322497229405,0.0578746459795591,46.42097902097903,29.42587412587413,35.00699300699301,1.667832167832168,96.06073506456649,97.721104330073
72.07390140845071,3.426043059656101,71,137.68100258108657,330.0,6856.768728426159,3.5805889852909165,44.08993376247784,15.454302329197375,0.3156388966632459,46.42097902097903,29.42587412587413,35.00699300699301,1.667832167832168,96.40959908851386,98.08030612901827
72.27542253521126,3.498663381245303,71,137.49413813477625,324.0,6768.9089467301055,3.5887365114905,44.58062008271916,14.484311347451566,0.1722175576079858,46.42097902097903,29.42587412587413,35.00699300699301,1.667832167832168,97.19306809860872,98.6381124627788
71.63850704225352,3.5736459855772083,71,139.01343408900084,322.0,6727.482849768324,3.813726404826321,44.22110271480548,14.43791398451348,0.1080324657150853,46.42097902097903,29.42587412587413,35.00699300699301,1.667832167832168,97.31462580144331,98.8507409928666
71.37708450704227,3.4467652226255296,71,137.4726809092888,315.0,6794.852815872127,3.59719501197251,46.93544173896819,17.1693876916379,0.2779799110613552,46.42097902097903,29.42587412587413,35.00699300699301,1.667832167832168,97.70791836263388,98.336659573478
71.31226760563382,3.413352088150738,71,139.20875703579313,323.0,6929.171191342476,3.6699629940603913,52.77827533662966,22.07730820661132,0.1649718568274403,46.42097902097903,29.42587412587413,35.00699300699301,1.667832167832168,97.87461685269794,98.81597919798693
72.60799999999999,3.6659867274329145,70,137.60748826072083,323.0,6763.20757533352,3.660136206735703,49.84451285878658,20.99200796094163,0.2947414248841621,46.42097902097903,29.42587412587413,35.00699300699301,1.667832167832168,96.08936961489871,98.30193499838629
71.34391549295773,3.439656364864304,71,137.45004198152813,323.0,6903.43726093852,3.475355288117673,42.52256118419007,13.60077121622042,0.3074913704636626,46.42097902097903,29.42587412587413,35.00699300699301,1.667832167832168,98.53996535511013,98.08799861741088
152.79665,137.91739872919408,20,93.9248270736866,326.0,4553.137998056365,2.3908420511061568,53.89795918367347,32.705882352941174,0.8931572629051621,29.296296296296298,18.319753086419755,67.5679012345679,1.7185185185185183,99.21589306799032,99.24586472978744
134.30556521739132,105.22863502034866,23,106.92562739381466,326.0,5085.165837763677,3.086548905276396,58.90984965414737,37.98410792888584,0.8678900131481164,29.296296296296298,18.319753086419755,67.5679012345679,1.7185185185185183,98.56506736211551,98.90304550044452
157.32108333333335,144.12171877702212,24,111.78762933744926,329.0,5945.31195335277,2.756702681072429,53.581661235922944,28.598182129994854,0.8639455782312925,29.296296296296298,18.319753086419755,67.5679012345679,1.7185185185185183,98.44510669275218,99.20263035662009
126.38464,95.8294520159142,25,116.37826559195106,324.0,5844.735551363403,2.9073915280397875,57.27862573600869,32.94254844795061,0.8459955410735723,29.296296296296298,18.319753086419755,67.5679012345679,1.7185185185185183,100.0,99.03662568907413
132.71178260869567,81.97592028413588,23,107.49888526839308,325.0,6090.90373292174,3.164008460527068,58.25615960669983,35.4457211456011,0.9980563654033042,29.296296296296298,18.319753086419755,67.5679012345679,1.7185185185185183,98.65157525190354,99.28720615480728
152.02366666666668,115.72753952411485,24,111.44726462013377,326.0,5843.711084433773,2.845195220945521,48.07019950837478,26.75012862287772,0.9508374778482822,29.296296296296298,18.319753086419755,67.5679012345679,1.7185185185185183,99.5010519296874,99.40204219075369
129.97633333333334,97.41776940436596,24,112.03538558280457,326.0,5565.618876121877,2.9557537300634538,44.05322128851541,21.11656091007832,0.8605728005487909,29.296296296296298,18.319753086419755,67.5679012345679,1.7185185185185183,99.0580506340704,99.12840330665017
146.7183846153846,119.33424218783298,26,124.7374949979992,325.0,6472.087577888298,3.174869947979192,68.59515234665295,53.19407763105242,0.8592008231864174,29.296296296296298,18.319753086419755,67.5679012345679,1.7185185185185183,99.31038439472174,98.30032158870904
152.02710000000002,134.75711578202467,20,94.01652089407192,329.0,4881.781798433659,2.469559252272337,46.56348253587149,28.11204481792717,0.9041330818041502,29.296296296296298,18.319753086419755,67.5679012345679,1.7185185185185183,99.16928294795702,99.27527576490091
185.21363157894737,186.48738796644795,19,89.37597896301378,327.0,4633.073800948951,2.458640599096781,50.13502543874693,34.72611901903618,0.804436060138341,29.296296296296298,18.319753086419755,67.5679012345679,1.7185185185185183,98.214974694174,99.04014820335482
153.78544,129.21753082583805,25,116.52575315840622,328.0,6224.216886754702,2.8570285256959926,53.2986909049334,27.06042416966787,0.8625164351454868,29.296296296296298,18.319753086419755,67.5679012345679,1.7185185185185183,98.63695937090434,99.18277841238823
127.00808,90.97208776055211,25,115.86897616189331,325.0,5773.850854627565,3.057337220602527,58.16023552278054,35.83170411021551,0.8672040244669297,29.296296296296298,18.319753086419755,67.5679012345679,1.7185185185185183,98.74950082720063,98.78015102788304
172.21277777777777,191.8564693223544,18,85.06305379294575,329.0,4262.795403875836,2.320528211284514,62.5856628365632,46.635339850225805,0.8589149945692562,29.296296296296298,18.319753086419755,67.5679012345679,1.7185185185185183,98.56057759101728,98.92302091540822
150.451,120.6935614743388,25,116.87646487166296,329.0,6018.515577659636,3.0799748470816897,49.873435088321045,26.755616532327217,0.8530840907791688,29.296296296296298,18.319753086419755,67.5679012345679,1.7185185185185183,99.49304517760665,99.05963653989058
172.352,217.6142819304632,18,85.05459326587778,323.0,4582.669639284285,2.2344366317955755,59.61298805236381,41.4769336305951,0.8612016235065455,29.296296296296298,18.319753086419755,67.5679012345679,1.7185185185185183,98.63920768608322,98.99730284162861
151.03368,107.36557912095292,25,116.26702109415194,324.0,6034.892757102841,3.2225461613216715,48.7011375978963,24.82021379980564,0.8566283656319671,29.296296296296298,18.319753086419755,67.5679012345679,1.7185185185185183,99.25116396412928,98.96098260776077
126.85383333333333,66.65643844775153,30,138.46853026925055,327.0,7503.466300806037,3.5671411421711543,64.9379180243526,33.887383524838505,0.997999199679872,29.296296296296298,18.319753086419755,67.5679012345679,1.7185185185185183,99.1976985409575,99.92522654588404
148.21811999999997,107.98840122876902,25,115.8760075458755,322.0,6297.842165437603,2.9643285885782884,61.36683244726462,36.40564797347511,0.9606128165551936,29.296296296296298,18.319753086419755,67.5679012345679,1.7185185185185183,99.14656219213236,99.25973251031556
204.8944666666667,284.6892911824789,15,71.47087406391128,330.0,3614.13142399817,1.898645172354656,68.3628880123478,54.43228720059452,0.8596581489738753,29.296296296296298,18.319753086419755,67.5679012345679,1.7185185185185183,99.04784793032812,98.64474525377123
136.18517391304346,118.8805156948892,23,107.50174355456468,325.0,5674.582518721774,2.738752643914709,68.8206711255931,45.98730920939804,0.9981706968501688,29.296296296296298,18.319753086419755,67.5679012345679,1.7185185185185183,99.619014732965,99.25919896568725
190.81494444444445,211.629371907974,18,90.41605548922622,302.0,4746.5318665074765,2.281880720905112,55.043436238558186,36.66245949172779,0.976917391551538,16.291463414634144,11.173170731707318,89.42682926829268,2.296341463414634,98.23259784740785,97.47055757880281
190.3104,264.17921506174554,20,98.78986866791745,306.0,5440.666211836943,2.6330092671556087,54.50275740519643,40.27539939735062,0.9007902666439253,16.291463414634144,11.173170731707318,89.42682926829268,2.296341463414634,96.94288981163868,97.16598155972066
141.82015384615383,92.2382223591518,26,126.46034453351528,302.0,6761.139348456421,3.0865313548240376,49.82580021604412,23.624992893285576,0.8503610210927284,16.291463414634144,11.173170731707318,89.42682926829268,2.296341463414634,95.86503079654445,97.00964456891228
195.1646111111111,268.57519558426566,18,90.35721189379726,302.0,5176.016487577464,2.2919438285291944,70.48211950650975,52.797089089772015,0.9971573142304848,16.291463414634144,11.173170731707318,89.42682926829268,2.296341463414634,98.91520150643716,97.11932528563855
221.421875,234.2064775641024,16,85.17744044573313,307.0,4496.044971288874,2.1818750355335723,47.161464551708455,31.386889533230995,0.9370629370629372,16.291463414634144,11.173170731707318,89.42682926829268,2.296341463414634,97.35103339913782,97.81233582908467
192.89163157894737,200.41679563959508,19,99.13195747342088,303.0,5177.442947296606,2.625277161862528,64.65808175564273,45.80339985218034,0.9428051623173574,16.291463414634144,11.173170731707318,89.42682926829268,2.296341463414634,97.689508793208,97.14366935680718
151.16095833333335,117.2375766668119,24,117.64739325714936,306.0,6629.47052134857,2.956734322587981,63.46551822161578,38.09972141679459,0.9980101199613396,16.291463414634144,11.173170731707318,89.42682926829268,2.296341463414634,98.17173502346272,97.61603734357621
171.3730476190476,199.6849057787165,21,103.27005514810394,301.0,5410.230200693615,2.72784126442663,56.54892262209335,37.63647734379442,0.8730456535334584,16.291463414634144,11.173170731707318,89.42682926829268,2.296341463414634,96.94483450351052,97.03442197689557
197.9953684210526,228.0801130896105,19,94.93928023196317,303.0,5015.420035249304,2.5426118596850302,54.707487634316905,38.61299675933822,0.8647450110864745,16.291463414634144,11.173170731707318,89.42682926829268,2.296341463414634,96.13582788768537,97.07675693958745
154.745,125.13280379927026,24,117.2134288475752,301.0,6277.633009267156,2.869122747171528,52.551424185570525,28.394109955085565,0.855591562908636,16.291463414634144,11.173170731707318,89.42682926829268,2.296341463414634,96.8282909236626,97.14177383765481
168.7755,194.08990350133905,22,112.66990732844393,305.0,5950.889305816135,2.937915742793792,52.250554323725055,36.00636761612371,0.8584911023935414,16.291463414634144,11.173170731707318,89.42682926829268,2.296341463414634,97.03924580584923,97.18127174951852
174.95299999999995,172.98825250260424,21,103.78799249530957,304.0,5476.245949172779,2.717948717948718,51.78338734436296,33.18323952470294,0.8435385752458923,16.291463414634144,11.173170731707318,89.42682926829268,2.296341463414634,94.95898216829592,97.34326894903806
265.286,424.2188937570186,14,71.97856614929786,305.0,4377.781681732901,1.874353288987436,66.5363579509921,53.23531752800046,0.970322360566263,16.291463414634144,11.173170731707318,89.42682926829268,2.296341463414634,97.29615462049526,97.5691392599474
158.4417826086957,139.04923705650535,23,112.4676786628006,299.0,5874.260390016488,2.941270112001819,49.833191199044855,27.29137529137529,0.8375120814145205,16.291463414634144,11.173170731707318,89.42682926829268,2.296341463414634,96.24016728069302,97.21268242768299
137.52507692307694,93.98046462836471,26,125.86269827733244,307.0,6399.559667974302,3.3935414179316616,49.151628858945934,22.44470976178293,0.8177269884586957,16.291463414634144,11.173170731707318,89.42682926829268,2.296341463414634,99.06727891435366,97.0200114378521
172.1092857142857,192.91869658859449,21,103.86366479049406,307.0,5746.266530217749,2.6480755017340383,66.10574791062596,45.22258229575303,0.9980669736767298,16.291463414634144,11.173170731707318,89.42682926829268,2.296341463414634,98.48684009415216,97.54868504177026
167.75228571428573,146.18346566595295,21,103.62885894593212,305.0,5600.650804480073,2.640513957587128,51.87560407072602,30.65233953038831,0.824776849167093,16.291463414634144,11.173170731707318,89.42682926829268,2.296341463414634,99.1028309528448,97.32815325925405
184.352,182.3953640490897,20,103.80988117573484,303.0,5458.052134857013,2.7995337995337994,50.89140940360453,33.71402581158679,0.8474046278924328,16.291463414634144,11.173170731707318,89.42682926829268,2.296341463414634,96.42066199796491,97.30219195719259
143.51396,127.87439524298208,25,122.1413383364603,306.0,6433.98248905566,3.0008528057308546,49.22025129342202,25.724486895218604,0.8401273523224743,16.291463414634144,11.173170731707318,89.42682926829268,2.296341463414634,100.0,97.2670307296834
215.7195555555556,253.26044905069173,18,54.93331843575419,321.0,3351.719374301676,1.4091620111731844,43.1435530726257,36.26046927374302,0.9915530726256984,30.31333333333333,24.375238095238096,61.80952380952381,0.9419047619047618,99.93888911030515,99.27631804944012
249.05425,327.43613034252564,12,33.843620111731845,319.0,2423.772782122905,0.9826145251396649,75.62020111731843,73.86029050279329,0.9985251396648044,30.31333333333333,24.375238095238096,61.80952380952381,0.9419047619047618,98.28070496322329,96.13595444142611
289.65917647058825,363.2474495309411,17,52.22753072625699,314.0,3450.969653631285,1.2241787709497207,51.353564245810055,41.19830167597765,0.8939441340782123,30.31333333333333,24.375238095238096,61.80952380952381,0.9419047619047618,98.72050602346395,100.09561705404062
255.2073157894737,297.36144107927373,19,57.68388826815642,318.0,3812.5690726256985,1.3513743016759776,47.42753072625698,41.01953072625698,0.8744581005586592,30.31333333333333,24.375238095238096,61.80952380952381,0.9419047619047618,100.0,99.4499298717626
101.241,24.18462313123775,5,15.995307262569831,314.0,1435.744,0.4303463687150838,89.86194413407821,87.5044469273743,0.995217877094972,30.31333333333333,24.375238095238096,61.80952380952381,0.9419047619047618,96.24005322007012,87.12605966471206
95.22899999999998,17.07432213881418,4,14.838033519553072,320.0,905.2293184357542,0.3863240223463687,84.36357541899442,82.49814525139665,0.9535642458100558,30.31333333333333,24.375238095238096,61.80952380952381,0.9419047619047618,96.5860360013353,86.25806128506676
242.42943750000003,281.79581909136107,16,47.07401117318436,326.0,3187.8132290502795,1.2141675977653632,61.66940782122905,56.13658100558659,0.8833519553072625,30.31333333333333,24.375238095238096,61.80952380952381,0.9419047619047618,98.92692292518709,98.62329197013139
255.8586842105263,322.6187213633313,19,57.72120670391062,319.0,4075.757363128492,1.4742793296089385,46.547754189944136,39.46440223463687,0.9832402234636872,30.31333333333333,24.375238095238096,61.80952380952381,0.9419047619047618,99.12506094266776,99.95033930724766
268.0784444444444,316.3516723834449,18,57.38654748603352,323.0,3795.7812737430168,1.449832402234637,48.388513966480446,42.89698324022346,0.8786145251396648,30.31333333333333,24.375238095238096,61.80952380952381,0.9419047619047618,98.88531054880052,99.34640202768307
240.546,326.6929186310782,13,39.26596648044693,326.0,2570.60625698324,1.0753519553072626,67.98122905027932,64.11727374301675,0.8936312849162011,30.31333333333333,24.375238095238096,61.80952380952381,0.9419047619047618,98.27428541568688,99.14995720685698
219.28266666666667,263.8905346357336,18,50.81707262569832,314.0,3331.036245810056,1.9692513966480447,58.98475977653632,50.15025698324023,0.8937653631284916,30.31333333333333,24.375238095238096,61.80952380952381,0.9419047619047618,98.82555405210128,98.82848099658484
199.6676666666667,253.9162073258727,15,41.58055865921788,320.0,2864.503240223464,1.1036424581005586,63.51736312849162,62.00437988826816,0.8953296089385475,30.31333333333333,24.375238095238096,61.80952380952381,0.9419047619047618,98.42729853851289,98.44221407029688
160.04054545454545,212.6773261524106,11,31.6165810055866,316.0,1925.2380782122905,0.8320893854748603,77.57224581005586,73.47253631284916,0.8924245810055866,30.31333333333333,24.375238095238096,61.80952380952381,0.9419047619047618,96.39914399579686,97.49241479586664
223.4467857142857,269.9406027801509,14,41.93434636871508,324.0,2744.7085139664805,1.113117318435754,67.43369832402234,62.38158659217877,0.8939441340782123,30.31333333333333,24.375238095238096,61.80952380952381,0.9419047619047618,98.57174679298193,98.60474060107227
98.181,18.253128137390583,5,15.982614525139663,318.0,1587.4286033519554,0.472268156424581,82.01430167597765,80.0026815642458,0.9334078212290504,30.31333333333333,24.375238095238096,61.80952380952381,0.9419047619047618,96.3843226690925,89.75999688264348
228.0065238095238,269.6953792952371,21,62.96612290502793,320.0,3814.820290502793,1.8114413407821228,59.26149720670391,50.27539664804469,0.9986145251396648,30.31333333333333,24.375238095238096,61.80952380952381,0.9419047619047618,99.17341208110318,99.42533534711065
176.3533181818182,198.48158614852693,22,67.9334972067039,319.0,4597.12366480447,1.7267039106145252,43.8635530726257,35.64084916201117,0.998391061452514,30.31333333333333,24.375238095238096,61.80952380952381,0.9419047619047618,99.38041640245191,99.4606166853162
182.385875,246.3725346692674,8,24.107977653631284,320.0,1681.2438882681563,0.6034860335195531,87.77827932960894,83.98051396648044,0.9983463687150838,30.31333333333333,24.375238095238096,61.80952380952381,0.9419047619047618,96.48445516109172,90.64016704629698
183.64582352941176,192.20110618682568,17,49.88344134078212,318.0,3106.455642458101,1.344849162011173,66.4069720670391,60.4376312849162,0.8926480446927374,30.31333333333333,24.375238095238096,61.80952380952381,0.9419047619047618,98.48528487641391,98.51502063400302
270.6117222222222,311.20407647033835,18,55.116245810055865,317.0,3607.194413407821,1.3470837988826816,49.07208938547486,43.03302793296089,0.8801787709497206,30.31333333333333,24.375238095238096,61.80952380952381,0.9419047619047618,99.97076373107949,99.15261259073307
128.19066666666666,8.219582565772766,3,21.516134501271544,308.0,1182.303192992371,0.5419044927945748,88.8565131393049,84.99282283130827,0.997965526985024,21.78292682926829,18.10853658536585,92.91463414634148,1.423170731707317,100.0,91.4393356834777
873.9185,1269.7307538743205,4,26.709635490251483,303.0,1578.4378638033345,0.6310257134783838,76.97140435151172,72.21610624470189,0.8584910991805594,21.78292682926829,18.10853658536585,92.91463414634148,1.423170731707317,94.66941826960516,91.3807132829218
132.1675,8.817490189957685,4,26.927098050296696,315.0,1916.26018649336,0.7601582367900537,70.17208250918338,65.06651596496185,0.856230573608364,21.78292682926829,18.10853658536585,92.91463414634148,1.423170731707317,98.69291658209865,95.43124191112253
869.3245000000001,1274.5339447063582,4,42.966092116417066,308.0,2434.9560327776207,1.0634642554393896,71.51257417349534,64.75569369878497,0.8534614297824245,21.78292682926829,18.10853658536585,92.91463414634148,1.423170731707317,93.91319798522912,96.28810623993745
867.80125,1254.847532148901,4,42.98106809833286,309.0,2357.4240180842044,1.1688612602430064,70.52692851087878,65.62034473014975,0.8557784684939248,21.78292682926829,18.10853658536585,92.91463414634148,1.423170731707317,92.7205607547918,96.3042355947473
870.81775,1287.9983483340293,4,42.73212771969483,313.0,3116.721672788924,1.1734388245267025,65.78558914947725,59.167900536874825,0.8554959027974004,21.78292682926829,18.10853658536585,92.91463414634148,1.423170731707317,97.05788423153692,97.26581751537148
871.5947500000001,1259.043592593675,4,42.97909013845719,308.0,2346.553998304606,1.14936422718282,72.24532353772253,65.77654704718847,0.8560610341904493,21.78292682926829,18.10853658536585,92.91463414634148,1.423170731707317,96.1048920089808,96.41813702217567
126.54566666666668,3.7255832951215737,3,21.697654704718847,311.0,1388.1187341056796,0.5347838372421588,77.24481491946878,73.19966092116417,0.856682678722803,21.78292682926829,18.10853658536585,92.91463414634148,1.423170731707317,98.83494040553504,93.48113775565571
154.78343478260868,145.57778921722976,23,106.97160557563242,344.0,5426.854012505019,2.808925600871909,42.21097917742213,23.217575861871165,0.9807835713875982,46.333333333333336,31.62716049382716,41.7037037037037,1.1246913580246911,99.68768664144936,99.27840218741123
217.1461176470588,236.47568917404408,17,80.3476739517008,347.0,4349.388917570126,1.958469569207824,58.747662479206106,43.42637526530144,0.8603223771009005,46.333333333333336,31.62716049382716,41.7037037037037,1.1246913580246911,98.8159404023336,98.88237616369669
209.05714285714288,267.0358828338183,14,67.05810818562496,344.0,3790.611942866976,1.6413698158664602,44.61257385418459,36.69867492686284,0.7337807606263982,46.333333333333336,31.62716049382716,41.7037037037037,1.1246913580246911,99.81934165607636,98.82754432298518
172.64031578947368,188.09100312714048,19,89.9208397866116,347.0,5176.1009579533065,2.2994894739861182,64.87902254345208,47.680835197613725,0.9814145585957668,46.333333333333336,31.62716049382716,41.7037037037037,1.1246913580246911,98.72096605261537,99.05583369782849
161.92100000000002,154.70109087027973,22,103.28669764240234,347.0,5253.520220271898,2.648597487523662,43.99122354155912,23.708369184879253,0.9683359146446396,46.333333333333336,31.62716049382716,41.7037037037037,1.1246913580246911,98.56065545536188,99.26665312684258
180.30935,155.6774480938954,20,97.98009522170597,349.0,5434.327023461252,2.6635690930992943,50.81758733436586,35.92772328342798,0.9247977972810189,46.333333333333336,31.62716049382716,41.7037037037037,1.1246913580246911,98.9489674933307,98.96741714799735
156.0507619047619,130.41198365944337,21,98.4028566511788,350.0,5829.21987036081,2.4971031950897724,62.732117248895776,46.77359031721448,0.998451213216314,46.333333333333336,31.62716049382716,41.7037037037037,1.1246913580246911,99.864133821953,99.41279266801435
169.1792272727273,124.5299191271398,22,102.41857396890954,349.0,5770.356335685195,2.6356909309929444,51.18189640337291,36.46715998393851,0.9168244134687088,46.333333333333336,31.62716049382716,41.7037037037037,1.1246913580246911,98.7185332134012,98.80539319932198
179.45699999999997,233.3121512471628,19,91.86473928755808,348.0,4737.763838696725,2.598061148396719,55.88384099122354,37.84133539838238,0.8397292491252223,46.333333333333336,31.62716049382716,41.7037037037037,1.1246913580246911,98.6565363018422,98.77211092338256
235.30200000000005,260.0900825118097,14,66.70395227442208,346.0,3908.422589342053,1.5813686686169908,47.660184707164575,34.504904491481675,0.7527677393449206,46.333333333333336,31.62716049382716,41.7037037037037,1.1246913580246911,98.73799928519492,98.85763179968004
184.18030769230765,189.3152377874552,13,66.66345436815236,346.0,3799.466184821889,1.747834566626513,64.71863706763035,55.65811965811966,0.9521023346526702,46.333333333333336,31.62716049382716,41.7037037037037,1.1246913580246911,99.4056777011266,98.91098882939139
219.4481764705882,273.7328575689283,17,80.32409797510469,349.0,4270.618998451213,2.2647278150633854,56.001892961624506,46.64945792462571,0.8754087076234727,46.333333333333336,31.62716049382716,41.7037037037037,1.1246913580246911,97.66197354787592,98.76431135414566
169.22835294117647,221.08838546101373,17,80.56656915046177,347.0,4526.648769574944,2.217747949291573,59.65278494808696,45.277347559226754,0.9247977972810189,46.333333333333336,31.62716049382716,41.7037037037037,1.1246913580246911,98.97952880422028,98.93442347896081
181.9453333333333,173.3347970444609,18,85.18826363792807,350.0,4684.875121895256,2.334996845063959,66.16824413468709,49.759421786267424,0.9492342109791774,46.333333333333336,31.62716049382716,41.7037037037037,1.1246913580246911,98.5958305643752,98.9874705995563
187.54525,128.32256379116458,16,76.52515344461654,348.0,4380.356278322722,2.13537543738886,63.22899099409167,52.411633109619686,0.9909940916652326,46.333333333333336,31.62716049382716,41.7037037037037,1.1246913580246911,99.026018169458,98.9688447769757
174.9566111111111,148.7840651758032,18,89.80295990363105,345.0,4841.3818619858885,2.664486892674812,58.83296047725578,45.27275856134917,0.9891011300407272,46.333333333333336,31.62716049382716,41.7037037037037,1.1246913580246911,100.0,98.9987034205336
173.3832105263158,177.47373378573636,19,89.45086904147307,349.0,5414.421327367636,2.2731600986634546,63.3847874720358,47.67280445132794,0.99604198933058,46.333333333333336,31.62716049382716,41.7037037037037,1.1246913580246911,99.569988690454,99.30079200517342
142.23350000000002,109.72486015432584,22,108.00028681236736,346.0,5905.091665232605,2.80089485458613,62.3332186083864,40.5922101761028,0.9982217633224344,46.333333333333336,31.62716049382716,41.7037037037037,1.1246913580246911,99.88405435731208,99.17526299984145
201.10657894736843,242.26143376228825,19,89.2603109046062,351.0,4752.298743761831,2.420696380427924,56.92284747318304,43.66844490334423,0.8752366202030631,46.333333333333336,31.62716049382716,41.7037037037037,1.1246913580246911,98.47585333775828,99.07678274398612
229.35992857142853,240.3589313855024,14,66.91447255205644,348.0,3707.239947226524,1.695978890609763,48.69678196523834,38.26696495152871,0.7497848907244881,46.333333333333336,31.62716049382716,41.7037037037037,1.1246913580246911,99.831779893336,98.63934757766606
219.5824375,207.8469506656186,16,80.73991726990693,348.0,4192.955992186602,2.062679535792256,35.88050097667471,22.89026772377341,0.9978168447661726,48.73037974683544,33.44556962025317,36.83544303797469,1.3708860759493673,99.57947327458513,99.996916538767
214.6664545454545,204.7685531948709,11,53.64937377915661,353.0,2898.9204297368724,1.2730093071354704,55.25341836148455,44.07169941399518,0.835688842927726,48.73037974683544,33.44556962025317,36.83544303797469,1.3708860759493673,98.56857068303532,98.33613753736678
353.9865,480.26803652465776,10,53.78082270481443,350.0,2847.015569343904,1.313512581868321,65.66379409399057,57.86947029759853,0.8385614156038148,48.73037974683544,33.44556962025317,36.83544303797469,1.3708860759493673,100.0,97.75179045835249
174.60013333333336,163.51628518198285,15,71.19590945650926,354.0,4213.094105480869,1.822130299896588,57.69711593703321,44.99184189359991,0.8711363897506607,48.73037974683544,33.44556962025317,36.83544303797469,1.3708860759493673,98.25237186950385,98.93006633402975
229.33793333333327,218.0704092078112,15,76.1696541422498,347.0,3928.450132138343,1.8846374813282776,31.839825347581293,17.722854188210963,0.9538664828220154,48.73037974683544,33.44556962025317,36.83544303797469,1.3708860759493673,99.0819614798531,100.30159397433741
227.7547,259.62526636021,10,48.94904056072619,354.0,2773.0380328622314,1.3217855911754568,57.92761116856256,49.6153050672182,0.8048374123865334,48.73037974683544,33.44556962025317,36.83544303797469,1.3708860759493673,98.6396587955882,98.81687416688418
194.64831578947368,237.53227929717423,19,94.38693553946916,352.0,5083.684878777433,2.407503159829944,55.91347811099621,39.12788693553947,0.997989199126738,48.73037974683544,33.44556962025317,36.83544303797469,1.3708860759493673,99.83136381369478,99.32908920254455
139.101,87.07814357460775,5,26.967137768585545,351.0,1560.745087900724,0.7003332184304263,69.4055498104102,64.51706308169597,0.8054693783752729,48.73037974683544,33.44556962025317,36.83544303797469,1.3708860759493673,97.91885252984088,98.33899983591925
251.1415,255.2199895545998,10,49.30294151442031,352.0,2635.0683097782376,1.30213719407101,70.29598988854418,61.780535447546825,0.8742962196943582,48.73037974683544,33.44556962025317,36.83544303797469,1.3708860759493673,98.30107313688072,98.71228776688663
169.54139999999998,146.33885106642052,5,26.72090083879122,349.0,1454.3694702975986,0.6530506721820062,69.59042858784328,64.79857520395267,0.8346547167643341,48.73037974683544,33.44556962025317,36.83544303797469,1.3708860759493673,98.00111186608191,97.69111306125535
217.8981875,246.9077684010314,16,80.35229231299552,348.0,4328.447087211306,2.1059404802941515,52.15626795357922,41.27886935539469,0.8435596920602091,48.73037974683544,33.44556962025317,36.83544303797469,1.3708860759493673,98.78952415347638,98.76783005448983
127.508625,62.4711854216356,8,40.12587613466621,353.0,2002.7895553257497,1.062564632885212,77.17132023440193,70.46397793864185,0.8749281856830978,48.73037974683544,33.44556962025317,36.83544303797469,1.3708860759493673,97.39947203634355,98.34564788536956
229.2528125,222.74642893019035,16,80.76628748707343,351.0,4301.502240606687,2.1471331724692635,52.95984143398828,39.28507411237504,0.8738366080661841,48.73037974683544,33.44556962025317,36.83544303797469,1.3708860759493673,98.74033781849413,98.79971813807498
174.60346666666666,165.0496598129854,15,71.40066643686086,353.0,3954.449672526715,1.8765368263817075,60.498678616569,46.7480179248535,0.8742387682408365,48.73037974683544,33.44556962025317,36.83544303797469,1.3708860759493673,98.22074191471448,98.93461043141033
158.2536,125.8976874618434,5,26.61254739744916,348.0,1704.0610708950935,0.7173388486728715,86.27570952545099,81.75916350683673,0.9980466505802597,48.73037974683544,33.44556962025317,36.83544303797469,1.3708860759493673,97.86087020885503,99.66800921447933
212.086875,210.79111590828344,16,80.37935194760428,349.0,4034.671090428588,2.2862231414454786,48.81012294611054,36.2867976559807,0.8024244513386188,48.73037974683544,33.44556962025317,36.83544303797469,1.3708860759493673,99.76607598757435,98.87034721752585
231.1936875,300.62995063339883,16,80.70613581523612,351.0,4350.59559921866,2.038320119499024,62.74503044927037,49.10513615994485,0.9980466505802597,48.73037974683544,33.44556962025317,36.83544303797469,1.3708860759493673,99.8238262423396,99.51160234314035
212.312375,211.64611192031,16,80.47644490405607,349.0,4357.022923129955,2.0774445593473514,71.21394921291508,55.94875330345858,0.9981041020337814,48.73037974683544,33.44556962025317,36.83544303797469,1.3708860759493673,99.85775427995972,99.30135765507052
136.8426,81.76819784145913,5,26.826554061817763,353.0,1397.691485694588,0.7141790187291739,72.73974491554637,69.29794323796392,0.7999540388371826,48.73037974683544,33.44556962025317,36.83544303797469,1.3708860759493673,97.8126040369416,98.64691847751375
208.1620588235294,196.31219336331145,17,85.25600367689303,349.0,4456.612834654717,2.16419625416523,52.67838676318511,39.1931517867402,0.8419510513615994,48.73037974683544,33.44556962025317,36.83544303797469,1.3708860759493673,99.86278261745302,98.81312035264091
171.0557727272727,166.53142516816234,22,92.6266637212128,328.0,5461.342243331308,2.287899707295521,50.49047329761971,36.183354503783065,1.0,36.703703703703695,25.27777777777778,52.24691358024691,3.34074074074074,99.73043524585798,99.38352528450898
161.52333333333334,172.21467267160745,24,101.02120726790744,326.0,5892.807809134589,2.4642403490362845,48.26442812172088,32.25647539625559,0.8359750372784006,36.703703703703695,25.27777777777778,52.24691358024691,3.34074074074074,99.71662334341843,98.96934533523168
166.7427391304348,163.4996154536676,23,96.86883525708288,330.0,5627.932236151764,2.457392168774508,48.74711437565583,29.88810957088419,0.8307836748218921,36.703703703703695,25.27777777777778,52.24691358024691,3.34074074074074,99.18092715231788,98.90913150037542
162.82147826086958,143.8751315741081,23,96.52592919865243,327.0,5651.581266913348,2.397525818744132,50.096205887225935,34.72380847186171,1.0,36.703703703703695,25.27777777777778,52.24691358024691,3.34074074074074,98.9053023098544,99.42652108708918
166.75395454545455,128.7843866886458,22,96.26210857679352,323.0,5527.391561274645,2.6208648588943504,47.34975423869222,33.51587783730049,0.8809852543215331,36.703703703703695,25.27777777777778,52.24691358024691,3.34074074074074,99.45809248554914,99.05436078404188
145.7330769230769,108.749993434809,26,108.86353344010604,329.0,6780.459877395482,2.801955045010217,61.58137736786878,42.67255757441873,1.0,36.703703703703695,25.27777777777778,52.24691358024691,3.34074074074074,99.97756961430416,99.18500168972696
163.38608695652175,132.94930107830513,23,96.81902026840449,323.0,5627.72938642514,2.5773457778759594,50.68995416137405,35.36864196167228,0.9033522946926604,36.703703703703695,25.27777777777778,52.24691358024691,3.34074074074074,98.925163022226,98.89911770196925
160.99008695652176,128.33771279947734,23,97.40989672502349,329.0,5676.194676092119,2.612359860827304,42.55602805544817,26.10040315899928,0.8323300381068095,36.703703703703695,25.27777777777778,52.24691358024691,3.34074074074074,99.47500425097772,98.92737745658036
171.18821052631583,165.28461326342477,19,81.10907383884685,325.0,4883.137571105098,1.991053183851549,49.48307284475617,34.81570663279395,0.8085823162312917,36.703703703703695,25.27777777777778,52.24691358024691,3.34074074074074,99.24612725711197,98.82876185961574
151.14416000000003,107.49052134943992,25,104.50212624951676,324.0,6085.457889214116,2.807809134588833,60.01076931573424,46.51747942784559,1.0,36.703703703703695,25.27777777777778,52.24691358024691,3.34074074074074,98.92620854382888,99.05670648824481
157.3017857142857,131.0409507554133,14,60.539515104655656,324.0,3373.554039874082,1.7156348373557189,57.66852598442591,47.97658364168554,0.8036118628154857,36.703703703703695,25.27777777777778,52.24691358024691,3.34074074074074,96.27953383597855,98.26613171504114
163.32821739130435,153.6683264781813,23,97.18948472966257,331.0,5400.567073507484,2.6720053018169767,46.11128292925388,30.013585906003204,0.8353675374164687,36.703703703703695,25.27777777777778,52.24691358024691,3.34074074074074,99.19248866093,98.99318173749629
138.82992592592592,79.94149016713824,27,112.59688208303388,330.0,6610.91879042512,2.748908176239704,43.70849687655481,21.522472220686605,0.8155785283874177,36.703703703703695,25.27777777777778,52.24691358024691,3.34074074074074,99.10951579259448,98.83873673467852
166.0020434782609,162.8253536818109,23,96.78859004804772,329.0,5513.266637212128,2.526647153034738,65.75611641906445,49.72021869995029,1.0,36.703703703703695,25.27777777777778,52.24691358024691,3.34074074074074,98.73003818323735,99.22703695616747
145.57084615384613,109.24958500526436,26,108.71767372436288,323.0,6157.82005638786,2.961468295649289,60.78749516280613,43.252363314721656,0.9999447177842888,36.703703703703695,25.27777777777778,52.24691358024691,3.34074074074074,98.27187972450864,99.16418201828519
179.1455238095238,147.38018406266383,21,88.89435025128404,328.0,5115.970508643066,2.5706080521345336,55.82145026785221,42.25967857734578,0.9552659192577456,36.703703703703695,25.27777777777778,52.24691358024691,3.34074074074074,99.61580622159786,99.03902420598948
158.57566666666668,139.9433882940606,24,100.57165737007789,329.0,6327.23267244712,2.596620091677252,60.6626718948473,42.52543215331088,1.0,36.703703703703695,25.27777777777778,52.24691358024691,3.34074074074074,100.0,99.39933360024239
144.96008,126.6700037448235,25,109.14811951179102,331.0,6526.541282376981,2.837687082343845,54.90495388523775,34.05357044237035,0.9726072789528912,36.703703703703695,25.27777777777778,52.24691358024691,3.34074074074074,99.4781758473,99.13303653702552
151.7542,128.96716846267503,25,104.69862484122164,331.0,5853.532059424532,2.7889766388689456,48.93196001546363,30.15982769094825,0.8324957198873364,36.703703703703695,25.27777777777778,52.24691358024691,3.34074074074074,98.48591660441284,98.8343469783774
148.75112,125.21213262182545,25,105.2297454023306,322.0,6127.976638868946,2.639642127354062,43.46528966697962,26.559010327497653,0.831391174683824,36.703703703703695,25.27777777777778,52.24691358024691,3.34074074074074,99.6741491672701,98.88524756041323
246.9376363636364,284.7152217086312,11,63.00135231316726,326.0,3831.950889679715,1.5874021352313168,50.82128113879004,42.51871886120996,1.0,35.3126984126984,27.88888888888889,41.55555555555556,3.587301587301587,100.0,99.19616489892026
195.76007692307687,203.4969334720613,13,73.61330960854093,327.0,4809.233380782918,1.7962277580071175,68.81544483985765,58.70975088967972,1.0,35.3126984126984,27.88888888888889,41.55555555555556,3.587301587301587,99.73142249390328,98.97363442120046
210.274625,214.878352511914,8,47.45131672597865,327.0,3026.9103914590746,1.1969395017793594,58.97964412811388,50.456654804270464,0.8067615658362989,35.3126984126984,27.88888888888889,41.55555555555556,3.587301587301587,98.3786017824783,98.45533161230804
202.1705,234.38114479091527,8,47.17359430604982,329.0,2806.987900355872,1.1819928825622776,63.36576512455516,55.52398576512456,1.0,35.3126984126984,27.88888888888889,41.55555555555556,3.587301587301587,98.50282246084632,98.50851084474444
202.63775,227.36140172242847,8,47.32120996441281,330.0,2813.510177935943,1.289964412811388,76.49459074733096,70.51046263345195,1.0,35.3126984126984,27.88888888888889,41.55555555555556,3.587301587301587,98.49550667897422,98.77834146791615
229.68418181818183,267.84080868707963,11,63.06014234875445,329.0,4313.947900355872,1.651743772241993,62.132953736654805,52.27302491103203,0.9976512455516016,35.3126984126984,27.88888888888889,41.55555555555556,3.587301587301587,99.7571433176802,99.13625261358312
202.215875,221.7159539458299,8,47.47188612099645,326.0,2891.566120996441,1.2490391459074732,53.84590747330961,47.5467615658363,0.7729537366548043,35.3126984126984,27.88888888888889,41.55555555555556,3.587301587301587,98.41927823247528,98.19162893775786
202.939,188.56478921988185,13,73.53423487544484,328.0,4903.975160142349,1.948540925266904,64.68455516014235,52.96170818505338,1.0,35.3126984126984,27.88888888888889,41.55555555555556,3.587301587301587,99.39506199276217,98.887527206244
239.8856363636364,237.6304422399212,11,62.73081850533808,327.0,3981.429608540925,1.4948042704626334,49.66014234875445,38.801992882562274,0.8046975088967971,35.3126984126984,27.88888888888889,41.55555555555556,3.587301587301587,98.9669729856506,99.01346126307583
127.1252,32.73019910358017,5,31.53302491103203,324.0,2448.963701067616,0.821067615658363,85.53110320284698,82.91188612099644,1.0,35.3126984126984,27.88888888888889,41.55555555555556,3.587301587301587,97.66343341679466,99.21838768398794
152.3744,71.16008522367017,5,31.557793594306048,326.0,1889.0731672597865,0.9118149466192172,64.06711743772242,60.96654804270462,0.8031316725978648,35.3126984126984,27.88888888888889,41.55555555555556,3.587301587301587,97.52082611116364,98.17351693535726
215.0915,200.1555529742222,12,73.38540925266904,328.0,4816.399857651246,2.0269750889679714,62.30533807829182,52.96227758007117,1.0,35.3126984126984,27.88888888888889,41.55555555555556,3.587301587301587,99.62439500767306,98.89694637150576
212.615625,222.9537402096776,8,47.25110320284698,328.0,2970.342846975089,1.161850533807829,57.308754448398574,50.4706049822064,0.8054804270462633,35.3126984126984,27.88888888888889,41.55555555555556,3.587301587301587,98.4610326248356,98.37373667146659
142.4148,62.775592815679566,5,31.51081850533808,327.0,2314.5928825622777,0.8617081850533808,83.57259786476868,79.15074733096085,1.0,35.3126984126984,27.88888888888889,41.55555555555556,3.587301587301587,97.80439752625978,99.55899377692388
188.8520714285714,136.645030619205,14,78.5782206405694,325.0,4746.44,2.186903914590747,61.58170818505338,49.70875444839858,1.0,35.3126984126984,27.88888888888889,41.55555555555556,3.587301587301587,98.80896628065396,98.85949109597566
203.2549090909091,168.54777791445613,11,63.70128113879004,328.0,3969.643701067616,1.8304626334519567,61.77259786476869,53.16612099644128,0.984982206405694,35.3126984126984,27.88888888888889,41.55555555555556,3.587301587301587,99.42486880154225,98.9206926185166
229.1208181818182,272.492386886419,11,63.24362989323844,328.0,4297.651174377224,1.6345195729537367,49.93985765124555,38.31345195729537,0.9881850533807828,35.3126984126984,27.88888888888889,41.55555555555556,3.587301587301587,99.72499436023593,99.09755675667763
169.5664615384615,113.1978730689117,13,74.25217081850533,330.0,4746.665551601423,1.9395729537366548,59.03893238434164,46.42875444839858,0.9730960854092526,35.3126984126984,27.88888888888889,41.55555555555556,3.587301587301587,99.98707523291507,98.87720683916767
146.9994,69.72160869515275,5,31.421779359430605,329.0,1992.337722419929,0.837153024911032,65.33907473309608,61.02291814946619,0.8030604982206405,35.3126984126984,27.88888888888889,41.55555555555556,3.587301587301587,97.56694833312314,97.74890531628279
114.3068,16.576150100671747,5,31.636298932384346,324.0,2793.003202846975,0.7946619217081851,85.98270462633452,81.54419928825622,1.0,35.3126984126984,27.88888888888889,41.55555555555556,3.587301587301587,98.45998833324497,99.61852885886648
102.31248214285714,11.867788894721755,56,127.50768408016212,313.0,6803.946718081514,3.211579599189372,39.94528259401036,14.914996622382349,0.1695001125872551,46.60193548387097,28.12129032258064,35.535483870967745,1.5,99.19789638900497,98.67636320047501
102.23908928571429,11.714113813620587,56,127.62925016888089,336.0,6864.30263454177,3.2222753884260302,40.13769421301509,14.97680702544472,0.1947196577347444,46.60193548387097,28.12129032258064,35.535483870967745,1.5,99.64270723492254,98.14659321462946
103.4975357142857,11.191066047720332,56,127.1381164152218,333.0,6826.725737446521,3.2565300607971177,41.16232267507319,13.02071605494258,0.1781974780454852,46.60193548387097,28.12129032258064,35.535483870967745,1.5,99.00214625016528,98.09708059328683
103.01964285714288,10.905827201266192,56,129.09316595361406,338.0,6850.381276739473,3.3074757937401484,39.69308714253547,14.836185543796445,0.2205584327854086,46.60193548387097,28.12129032258064,35.535483870967745,1.5,98.79814036583632,97.98050675937154
103.85154545454547,10.733150492017597,55,123.75971065075431,330.0,6711.428957442017,3.1990542670569693,37.30105832019815,15.00833145687908,0.1785070929970727,46.60193548387097,28.12129032258064,35.535483870967745,1.5,98.05462366891328,98.2156930622559
101.96558928571427,12.039349121848009,56,127.69790024769196,333.0,7095.358055618104,3.3231817158297683,51.89295766719207,25.865007881107857,0.3969263679351497,46.60193548387097,28.12129032258064,35.535483870967745,1.5,99.48484167058488,98.03458402399981
104.1283818181818,10.666537158952092,55,125.3586748480072,336.0,6886.020096825039,3.2650022517451025,38.12317045710426,14.943143436163028,0.1842771898221121,46.60193548387097,28.12129032258064,35.535483870967745,1.5,98.1010744451388,98.15783463328059
103.39144642857144,11.269657169205097,56,129.2549538392254,338.0,7009.969207385724,3.436922990317496,50.69942017563612,24.880882684080163,0.4171920738572394,46.60193548387097,28.12129032258064,35.535483870967745,1.5,99.103960900112,98.08010005856228
103.8766181818182,11.021147154433129,55,125.58221684305336,336.0,6917.948744652105,3.0803591533438417,40.42451024544022,15.184643098401262,0.1995327628912407,46.60193548387097,28.12129032258064,35.535483870967745,1.5,98.12184327523111,98.12626334818316
104.14949090909094,10.519720711592935,55,125.61022292276516,336.0,6768.291854312092,3.346318396757487,37.40140171132628,16.001576221571717,0.193171582976807,46.60193548387097,28.12129032258064,35.535483870967745,1.5,98.22978482903396,98.29691733068805
104.71196363636362,10.942912896172714,55,125.34682503940554,334.0,6692.358759288449,3.337705471740599,45.83691736095474,23.222134654357127,0.318256023418149,46.60193548387097,28.12129032258064,35.535483870967745,1.5,98.04375856233378,97.64071779125429
103.08935714285712,10.852098619339833,56,129.40942355325376,333.0,7078.504728664715,3.3791094348119795,50.70915897320423,25.29441567214592,0.4049763566764242,46.60193548387097,28.12129032258064,35.535483870967745,1.5,98.9085809519938,98.1534467087519
103.22394642857144,10.64388742662668,56,126.83099662162162,338.0,6901.733671171171,3.175788288288288,40.8821509009009,16.22466216216216,0.1879222972972972,46.60193548387097,28.12129032258064,35.535483870967745,1.5,99.22418978295666,98.15309329141715
104.5858,10.826709790479873,55,125.4032594010358,333.0,6824.86807588381,3.298215492006305,47.98902274262554,25.4122945282594,0.2698716505291601,46.60193548387097,28.12129032258064,35.535483870967745,1.5,100.0,97.71634764197368
103.25051785714288,10.589171352294407,56,128.97823761261262,337.0,6848.64313063063,3.5120495495495496,38.69611486486487,16.43063063063063,0.2062218468468468,46.60193548387097,28.12129032258064,35.535483870967745,1.5,99.71212260913217,98.18177239808142
102.11860714285714,11.818368913442947,56,127.7511821661788,331.0,7059.37522517451,3.3580837649178115,51.50191398333708,25.57126773249268,0.3978270659761315,46.60193548387097,28.12129032258064,35.535483870967745,1.5,99.55709215142744,98.01932497744761
102.8052181818182,10.750721710557448,55,127.31952263003828,344.0,6923.206062823689,3.3790812879981984,64.57140846656158,39.803535239810856,0.2517732492681828,46.60193548387097,28.12129032258064,35.535483870967745,1.5,99.66617514540836,96.13559194659815
104.44250909090908,10.32783351191901,55,125.30021391578474,339.0,6737.290165503265,3.324786084215267,48.05744764692637,25.320198153569017,0.3454458455302859,46.60193548387097,28.12129032258064,35.535483870967745,1.5,96.77355207556548,97.75977220380322
102.36296428571428,11.484270206560618,56,128.04475343391127,326.0,6820.227764017113,3.286337536590858,39.3741274487728,12.970051790137356,0.1510639495609097,46.60193548387097,28.12129032258064,35.535483870967745,1.5,99.43503979240522,97.95733949093395
202.5954,213.5803579563752,15,45.16309603201067,308.0,2973.91734744915,1.100700233411137,61.23299433144381,57.95431810603535,1.0,23.379439252336446,20.271962616822428,93.35514018691588,0.5803738317757009,95.02569185721936,97.27862976048169
227.9224444444444,257.43487372153896,27,78.24062187395799,310.0,5063.812270756919,1.8286512170723568,46.956485495165055,42.42214071357119,1.0,23.379439252336446,20.271962616822428,93.35514018691588,0.5803738317757009,100.0,98.96348752383346
184.33582352941173,186.65527844957,17,49.99083027675892,310.0,3905.5085028342783,1.2882627542514171,64.38108536178726,60.27842614204735,1.0,23.379439252336446,20.271962616822428,93.35514018691588,0.5803738317757009,93.27331693133527,98.38126627844939
216.20592857142856,230.28845910306995,14,42.97690896965655,310.0,2879.0215488496165,1.0795681893964657,56.51092030676893,53.458986328776255,1.0,23.379439252336446,20.271962616822428,93.35514018691588,0.5803738317757009,94.60854375099254,97.73560753417921
253.9470625,285.52936032908,16,51.52617539179727,306.0,3243.145715238413,1.338112704234745,66.29989163054351,62.13354451483828,1.0,23.379439252336446,20.271962616822428,93.35514018691588,0.5803738317757009,98.08314223555008,96.75963270056664
272.87831818181814,299.9433664379428,22,69.06414638212738,312.0,4511.193356118706,1.7638796265421808,37.997540846948986,30.53567855951984,1.0,23.379439252336446,20.271962616822428,93.35514018691588,0.5803738317757009,98.67494824016563,99.08138172538176
203.2759333333333,223.18840463413164,15,43.32802600866955,308.0,2843.231160386796,1.341030343447816,72.05322607535845,69.34178059353118,1.0,23.379439252336446,20.271962616822428,93.35514018691588,0.5803738317757009,96.60736210531192,96.61283986208564
255.1844583333333,288.4931828065121,24,71.16292930976992,308.0,4806.316688896299,1.7673391130376792,42.80881127042348,35.80393464488163,1.0,23.379439252336446,20.271962616822428,93.35514018691588,0.5803738317757009,99.16063297309508,98.59025969115802
233.44336363636364,262.6327508538293,22,63.93597865955319,315.0,4081.732869289763,1.6716405468489497,36.05668556185395,39.49416472157386,1.0,23.379439252336446,20.271962616822428,93.35514018691588,0.5803738317757009,98.52109099070368,99.2507503322193
158.6536,184.7720258530495,10,28.61541347115705,297.0,1809.1610536845608,0.7576692230743581,84.42426642214072,81.87495831943981,1.0,23.379439252336446,20.271962616822428,93.35514018691588,0.5803738317757009,90.39918493870782,88.93950026842634
152.05290000000002,167.6544774823804,10,28.72219906635545,308.0,2344.571148716239,0.7527092364121374,79.9145965321774,76.93464488162721,1.0,23.379439252336446,20.271962616822428,93.35514018691588,0.5803738317757009,91.03063641225457,95.00401225357383
252.563875,286.5984571109192,24,73.65717739246415,308.0,4816.537054018006,2.2067355785261755,36.18231077025676,29.15621873957986,1.0,23.379439252336446,20.271962616822428,93.35514018691588,0.5803738317757009,98.72283509303536,98.79056415941392
250.53241666666665,281.8978666174916,24,75.86549683227743,310.0,4987.410011670557,2.037054018006002,42.84786595531844,36.06852284094698,1.0,23.379439252336446,20.271962616822428,93.35514018691588,0.5803738317757009,98.73335306303642,98.56947020738079
100.811,11.9846096585023,3,9.65113371123708,309.0,697.772757585862,0.2612954318106035,95.82748416138712,95.61603867955984,1.0,23.379439252336446,20.271962616822428,93.35514018691588,0.5803738317757009,91.38271063876412,88.4268442404657
165.85677777777778,192.7668010609813,9,26.034719906635544,308.0,1656.0735661887295,0.7462487495831944,83.04343114371457,81.13321107035678,1.0,23.379439252336446,20.271962616822428,93.35514018691588,0.5803738317757009,91.50301700493692,90.86203311650209
163.83377777777775,186.25147683457905,9,26.16163721240413,305.0,2479.996457152384,0.6840196732244082,80.9245998666222,79.84428142714238,1.0,23.379439252336446,20.271962616822428,93.35514018691588,0.5803738317757009,91.42377971916824,88.24225120140449
165.2270714285714,177.03836793937566,14,38.13483661220407,308.0,2479.681477159053,0.9730326775591864,71.83577859286429,67.99583194398133,1.0,23.379439252336446,20.271962616822428,93.35514018691588,0.5803738317757009,93.28792251079344,97.09584583981596
265.27426086956524,298.0432074711166,23,71.34132210736912,312.0,4666.028717905969,1.8306935645215072,49.84669889963321,41.855951983994665,1.0,23.379439252336446,20.271962616822428,93.35514018691588,0.5803738317757009,99.79300772930677,98.72663754624514
180.2328823529412,184.13022588275183,17,50.04801600533512,300.0,3161.3398216072023,1.3964238079359788,68.2810520173391,64.02300766922308,1.0,23.379439252336446,20.271962616822428,93.35514018691588,0.5803738317757009,96.45318715884912,96.55192635927874
272.21827272727273,295.8677868384,22,66.47774258086028,309.0,4314.892964321441,1.6269589863287763,48.15655218406136,42.76775591863954,1.0,23.379439252336446,20.271962616822428,93.35514018691588,0.5803738317757009,98.48735328153413,98.8315061300124
98.86008,3.779348609694533,50,143.75537700865266,355.0,6870.449381953028,3.674907292954265,41.1982694684796,14.466625463535228,0.180593325092707,17.723776223776223,17.825174825174823,47.86013986013986,2.8986013986013983,98.57451583409524,98.46400395939801
99.39584,4.212994604126617,50,141.13402348578492,358.0,6870.657694684796,3.509177997527812,42.19938195302843,15.056736711990112,0.1583127317676143,17.723776223776223,17.825174825174823,47.86013986013986,2.8986013986013983,100.0,98.34398955224324
102.49593333333334,5.139910316554388,15,51.57567985166872,361.0,2764.320673671199,1.2768541409147096,59.47360939431397,49.24783683559951,0.170982694684796,17.723776223776223,17.825174825174823,47.86013986013986,2.8986013986013983,96.50304127591188,94.68457207357609
99.79082,4.348582402070818,50,143.76776885043265,366.0,6985.229295426452,3.5622064276885044,48.81597651421508,20.884672435105067,0.2643077873918418,17.723776223776223,17.825174825174823,47.86013986013986,2.8986013986013983,98.49469509789674,98.55117986145001
99.91126,4.002600828511381,50,138.65562422744128,365.0,6669.788720642769,3.5761124845488257,40.97907911001237,15.119406674907292,0.1686032138442521,17.723776223776223,17.825174825174823,47.86013986013986,2.8986013986013983,98.26313009435232,98.50894226514276
98.81258,3.908575249832092,50,140.8153584672435,362.0,7115.823825710754,3.5688813349814588,53.63235475896168,26.874907292954266,0.4254326328800988,17.723776223776223,17.825174825174823,47.86013986013986,2.8986013986013983,99.16591759516692,98.64994153069993
100.2089,5.446518165764252,50,140.81591470951793,361.0,6897.436557478369,3.589184177997528,40.87920271940668,14.608158220024722,0.1811495673671199,17.723776223776223,17.825174825174823,47.86013986013986,2.8986013986013983,97.63014643081324,98.87800464363592
99.92312,3.737321969753208,50,144.2757107540173,359.0,6965.026421508034,3.769097651421508,43.656304079110015,14.942521631644006,0.3160383189122373,17.723776223776223,17.825174825174823,47.86013986013986,2.8986013986013983,98.25905941568192,98.03195156047025
99.78490000000002,3.837173044052092,50,141.23414709517922,365.0,6845.915234857849,3.538257107540173,43.49527194066749,13.83238566131026,0.1767305315203955,17.723776223776223,17.825174825174823,47.86013986013986,2.8986013986013983,97.85368771723547,98.34379840116138
101.296,4.726131424325819,25,77.31906674907293,369.0,3816.207663782448,2.038040791100124,53.78665018541409,41.18368355995056,0.1824474660074165,17.723776223776223,17.825174825174823,47.86013986013986,2.8986013986013983,96.80434250265286,97.24522730281264
100.00832000000004,4.321159739884652,50,141.26072311495673,358.0,6694.059703337453,3.7231458590852906,50.753152039555005,23.990111248454884,0.3378244746600741,17.723776223776223,17.825174825174823,47.86013986013986,2.8986013986013983,98.49674016859764,98.23019030688995
99.72466,3.9123044902461257,50,143.8690976514215,358.0,6938.049814585908,3.716254635352287,44.26087762669963,15.79876390605686,0.3446847960444993,17.723776223776223,17.825174825174823,47.86013986013986,2.8986013986013983,98.23057410571,98.20727349075183
100.34858,4.107353435437471,50,141.30219406674908,355.0,6757.541841779976,3.610259579728059,42.95343016069221,14.08257107540173,0.1670580964153275,17.723776223776223,17.825174825174823,47.86013986013986,2.8986013986013983,97.83048051144566,98.41940414902885
100.58248979591836,4.275260045187603,49,138.76733621755253,356.0,6719.090173053152,3.5490420271940666,44.05546971569839,15.953028430160693,0.170797280593325,17.723776223776223,17.825174825174823,47.86013986013986,2.8986013986013983,98.30589259255422,98.29005936905322
99.70442857142856,3.5295805844378765,49,142.77061186650187,363.0,6818.838967861558,3.756118665018541,59.00364647713226,33.22793572311495,0.2873918417799753,17.723776223776223,17.825174825174823,47.86013986013986,2.8986013986013983,97.94460445765844,97.90150952006168
98.67286,3.9415232588936986,50,144.20364647713225,364.0,6922.420951792336,3.7994437577255873,51.64539555006181,22.39851668726823,0.3168726823238566,17.723776223776223,17.825174825174823,47.86013986013986,2.8986013986013983,99.36740678676162,97.87117217626627
98.76558,3.8020717462457214,50,141.15837453646478,366.0,7041.228430160692,3.6398022249690976,54.37231149567367,25.5053152039555,0.4100432632880099,17.723776223776223,17.825174825174823,47.86013986013986,2.8986013986013983,98.95801825293351,98.57368214873172
98.52894,3.577245775229878,50,144.0025957972806,340.0,6942.051823238566,3.772280593325093,43.821817058096414,12.395550061804697,0.1621755253399258,17.723776223776223,17.825174825174823,47.86013986013986,2.8986013986013983,99.12136820000627,98.27508245368898
100.76914285714288,4.494436120451189,49,138.86427688504327,360.0,6577.45825092707,3.690636588380717,51.197805933250926,25.10877626699629,0.348053152039555,17.723776223776223,17.825174825174823,47.86013986013986,2.8986013986013983,98.21430419974948,98.12727357287076
99.55414,4.323388578464814,50,141.34709517923363,367.0,6783.997311495674,3.588195302843016,42.09048207663783,14.00902348578492,0.1602286773794808,17.723776223776223,17.825174825174823,47.86013986013986,2.8986013986013983,98.21735439657137,98.34638727970378
152.4043333333333,157.35142970345782,24,100.87571265678449,325.0,5723.476909920182,2.484264538198404,50.14965792474344,31.750513112884835,0.8464652223489167,41.56829268292683,27.94878048780488,56.19512195121951,2.112195121951219,99.73859146932884,98.92702238835713
164.4292608695652,143.7639482643011,23,96.60239452679588,323.0,5845.206955530217,2.444412770809578,46.73192702394527,28.95096921322691,0.8666476624857469,41.56829268292683,27.94878048780488,56.19512195121951,2.112195121951219,98.81405786741354,99.18519409082204
145.44484,119.35832568117904,25,104.65963511972636,332.0,5949.38409350057,2.580957810718358,43.41944127708096,23.767844925883693,0.893557582668187,41.56829268292683,27.94878048780488,56.19512195121951,2.112195121951219,98.64066539545874,99.15704987637528
170.564,140.49853370829825,22,92.95193842645382,328.0,5435.741391106043,2.492474344355758,47.79144811858609,33.22417331812999,0.8936716077537058,41.56829268292683,27.94878048780488,56.19512195121951,2.112195121951219,98.616438997006,99.20576792671606
109.59466666666664,24.3821438762058,18,76.71174458380844,328.0,4518.21818700114,1.9843785632839224,34.83164196123147,19.330216647662485,0.5918472063854048,41.56829268292683,27.94878048780488,56.19512195121951,2.112195121951219,100.0,98.68128490766507
158.02904166666667,162.20305463972184,24,101.06465222348916,325.0,5777.625142531357,2.6490877993158497,51.09201824401368,29.779019384264537,0.8823261117445839,41.56829268292683,27.94878048780488,56.19512195121951,2.112195121951219,98.6856888722438,99.12255180545186
170.53127272727275,189.34932627798185,22,92.85456100342076,325.0,5074.13740022805,2.580387685290764,53.27377423033067,37.26043329532497,0.8667046750285062,41.56829268292683,27.94878048780488,56.19512195121951,2.112195121951219,98.13782428044364,98.9276533382982
165.4480909090909,182.04202008050703,22,93.24754846066136,326.0,5161.185803876853,2.5097491448118587,50.51254275940707,32.33751425313569,0.8526225769669328,41.56829268292683,27.94878048780488,56.19512195121951,2.112195121951219,98.76776029892352,98.9403223777794
201.4186111111111,174.0520374061667,18,76.65638540478905,326.0,4623.305872291904,1.875826681870012,52.86168757126568,41.664994298745725,0.8780501710376283,41.56829268292683,27.94878048780488,56.19512195121951,2.112195121951219,98.19153643710553,99.05807281927518
141.3947307692308,82.01992459554131,26,108.67867730900798,329.0,6212.768358038768,2.723261117445838,45.3457810718358,23.9539338654504,0.8502280501710376,41.56829268292683,27.94878048780488,56.19512195121951,2.112195121951219,98.54843799305776,98.9513425868801
181.1913333333333,181.69091634770805,21,88.76710376282782,328.0,4994.397434435576,2.419327251995439,54.51305587229191,38.55667046750285,0.8924173318129989,41.56829268292683,27.94878048780488,56.19512195121951,2.112195121951219,98.65451439669594,99.01620190917772
166.17933333333335,188.1390383973496,21,89.04099201824401,328.0,4985.926225769669,2.2185860889395665,58.31419612314709,42.73386545039909,0.9980615735461802,41.56829268292683,27.94878048780488,56.19512195121951,2.112195121951219,98.18810624497829,99.31721975835443
177.54542857142857,214.07669839670868,21,89.02189281641961,328.0,4721.619327251996,2.5969783352337514,54.817502850627136,37.94184720638541,0.8547320410490308,41.56829268292683,27.94878048780488,56.19512195121951,2.112195121951219,97.84402232562456,98.84804163051705
170.93977272727273,124.38447847553232,22,96.99201824401368,326.0,6013.266875712657,2.319612314709236,47.938198403648805,31.03261117445838,0.8698403648802736,41.56829268292683,27.94878048780488,56.19512195121951,2.112195121951219,97.90991744173894,99.18793800622001
161.63052173913044,139.26616142445266,23,96.94977194982896,329.0,5375.903705815279,2.627080957810718,50.898403648802734,33.401368301026224,0.8810718358038768,41.56829268292683,27.94878048780488,56.19512195121951,2.112195121951219,98.75734932421352,99.06570176998534
143.56542307692308,101.50797252060588,26,109.02269099201824,326.0,5963.34732041049,3.1140820980615738,44.23586088939567,24.05017103762828,0.8415051311288484,41.56829268292683,27.94878048780488,56.19512195121951,2.112195121951219,99.42810650189844,98.98546434885434
152.84152380952384,152.45896935354335,21,89.1630558722919,326.0,4828.851596351197,2.417958950969213,50.44452679589509,35.00684150513113,0.8124857468643102,41.56829268292683,27.94878048780488,56.19512195121951,2.112195121951219,97.4595175626163,98.81424980134824
161.83665217391305,184.0365774337569,23,96.39498289623717,324.0,5757.552394526796,2.380957810718358,48.60849486887116,30.88301026225769,0.8519954389965793,41.56829268292683,27.94878048780488,56.19512195121951,2.112195121951219,97.70230812013348,98.90916089193423
140.5430769230769,109.23008256179077,26,108.72491448118586,326.0,6209.55763968073,2.8094640820980614,47.41453819840365,22.894412770809577,0.8378563283922463,41.56829268292683,27.94878048780488,56.19512195121951,2.112195121951219,99.00898256325954,98.94426904756219
169.3098181818182,205.25411193724904,22,93.43688711516532,325.0,5210.534435575827,2.449657924743444,56.08882554161916,36.69874572405929,0.8582098061573546,41.56829268292683,27.94878048780488,56.19512195121951,2.112195121951219,98.4931842870659,98.8903405417604
263.95015384615385,308.98468043499304,13,61.4745508982036,333.0,3463.046695071396,1.5604560110548134,33.7205204974666,22.97812068171349,0.8995854444956242,29.67283950617285,25.811111111111103,65.79012345679013,1.474074074074074,99.57803363674724,99.85098255184919
230.5537333333333,221.87101320886623,15,65.49055734684477,324.0,4011.0745624136334,1.592065868263473,47.941904652234,39.07646245969599,0.8116651312759097,29.67283950617285,25.811111111111103,65.79012345679013,1.474074074074074,100.0,99.115883643854
204.6325,205.53815038545764,16,73.6173998157531,327.0,4495.256909258406,1.825713956701981,45.38041225241824,31.037309995393827,0.8089590050667895,29.67283950617285,25.811111111111103,65.79012345679013,1.474074074074074,99.53123493685533,99.09914624893167
203.68629411764704,207.69164820098788,17,73.51589129433441,335.0,4358.152752187932,1.7715338553661908,37.15442192538001,23.38369415016121,0.9979847996315062,29.67283950617285,25.811111111111103,65.79012345679013,1.474074074074074,99.19653151421984,99.6312890388734
205.86994444444449,178.49345185171742,18,77.49746660525103,330.0,4613.386457853524,2.0921234454168585,44.10047213265776,32.64417319207738,0.8488599723629664,29.67283950617285,25.811111111111103,65.79012345679013,1.474074074074074,99.27760950045676,99.15729021016901
209.1630909090909,202.9381981107704,11,48.7535697835099,328.0,3653.7057807462,1.2825886688162138,68.9415016121603,59.43367111929986,0.9979272224781208,29.67283950617285,25.811111111111103,65.79012345679013,1.474074074074074,99.53603277898289,99.11274870125014
194.0543076923077,193.0315160550751,13,56.69132888070014,330.0,3397.6770497466605,1.495048364808844,58.59667204053432,50.6480884385076,0.8566904652233993,29.67283950617285,25.811111111111103,65.79012345679013,1.474074074074074,98.6456305461668,98.69507844974895
216.76800000000003,206.3590128930646,10,44.56932289267618,330.0,2968.342411331184,1.187010594196223,78.72547213265776,70.63634269921695,0.9981575310916628,29.67283950617285,25.811111111111103,65.79012345679013,1.474074074074074,98.76004400229576,98.24250876045507
214.64072727272725,222.9134938707231,11,48.7360663288807,329.0,2964.448871487793,1.164267618608936,55.03454629203132,45.81851681252879,0.8145439889451865,29.67283950617285,25.811111111111103,65.79012345679013,1.474074074074074,99.01221544252508,98.61068750784655
123.8454,56.92590030065401,5,24.27844311377245,329.0,1693.124251497006,0.6383003224320589,85.33429295255642,83.89359742054353,0.9981575310916628,29.67283950617285,25.811111111111103,65.79012345679013,1.474074074074074,98.5373593729495,95.51265726455918
146.944,95.9902006811112,5,24.41910409949332,333.0,1355.0766927683096,0.6438277291570704,74.07513818516813,70.38254260709351,0.8123560571165361,29.67283950617285,25.811111111111103,65.79012345679013,1.474074074074074,98.46804959465904,99.7027902433286
210.465,196.5524327421948,16,69.31385306310456,332.0,4186.233245048365,1.89745508982036,44.82542607093505,32.61054813450023,0.8101681252878857,29.67283950617285,25.811111111111103,65.79012345679013,1.474074074074074,99.64891537774776,99.23112841645772
211.7084545454546,210.57907851246057,11,48.83008982035928,329.0,2877.942192538001,1.224032703823123,52.94737448180562,44.379548595117456,0.8121833256563795,29.67283950617285,25.811111111111103,65.79012345679013,1.474074074074074,98.94934828445469,98.34892083237406
121.6784,62.2014708623518,5,24.217584062643944,333.0,1506.229329801935,0.6615614923998158,71.87488484569323,67.23929064947029,0.8328535237217872,29.67283950617285,25.811111111111103,65.79012345679013,1.474074074074074,98.43049861759938,98.0192537228582
166.47116666666665,93.96979708469571,6,28.41818286503916,332.0,1564.3394173192078,0.7933555964993091,73.65321280515892,69.23952095808383,0.8340626439428834,29.67283950617285,25.811111111111103,65.79012345679013,1.474074074074074,98.459832870409,96.45563271569088
233.15906666666663,220.44355523095297,15,65.53011285122064,329.0,4482.572547213265,1.6953017042837402,41.51151543067711,31.221096269000466,0.984108705665592,29.67283950617285,25.811111111111103,65.79012345679013,1.474074074074074,99.72351009369264,99.56616245825072
159.0538,121.13984157394296,5,24.26445186549977,326.0,1711.8810456011054,0.6559765085214188,66.20215338553662,63.43804698295716,0.8089014279134039,29.67283950617285,25.811111111111103,65.79012345679013,1.474074074074074,98.2046251709173,99.59629156541233
208.1088235294117,169.2211748981493,17,77.52187931828651,327.0,4488.594484108706,1.991536158452326,52.90217641639797,37.116766467065865,0.8342929525564257,29.67283950617285,25.811111111111103,65.79012345679013,1.474074074074074,99.35403935909156,98.96728662126617
253.5219230769231,281.2055942485611,13,61.20670198065408,332.0,3532.590914325196,1.6509097190234914,55.53932519576232,44.09304467987103,0.8120681713496085,29.67283950617285,25.811111111111103,65.79012345679013,1.474074074074074,99.26806403538292,98.79543381543685
227.6352666666667,228.43398480946067,15,65.44190465223399,327.0,3962.929007369876,1.647224781206817,47.94276830953478,37.66835559649931,0.8110893597420543,29.67283950617285,25.811111111111103,65.79012345679013,1.474074074074074,99.74759673445726,99.08635216158747
